character,pinyin,meaning,frequency,level,verified
的,de,of; ~'s (possessive particle); used after an attribute; used to form a nominal expression,1.0,1.0,True
我,wǒ,I; me; my,2.0,1.0,True
你,nǐ,you,3.0,1.0,True
是,shì,to be (followed by substantives only); correct; right; true; very well,4.0,1.0,True
了,le,"completed action marker; modal particle indicating change of state, situation now; modal particle intensifying preceding clause",5.0,1.0,True
不,bù,no; not so; not; un-,6.0,1.0,True
在,zài,to exist; to be alive; to be (located) at; used before a verb to indicate an action in progress,7.0,1.0,True
他,tā,he; him (used for either sex when the sex is unknown or unimportant); used before sb's name for emphasis; used as a meaningless mock object,8.0,1.0,True
我们,wǒ men,we; us; ourselves,9.0,1.0,True
好,hǎo,good; appropriate; proper; all right!,10.0,1.0,True
有,yǒu,to have; there is; having; with; -ful; -ed; -al,11.0,1.0,True
这,zhè,"this; these; this; the (followed by a noun); this; these (followed by a classifier) (in this sense, commonly pr. [zhèi]",12.0,1.0,True
就,jiù,in that case; then; as soon as; immediately after; merely; nothing else but; simply; just; precisely; exactly,13.0,2.0,True
会,huì,can; to have the skill; to know how to; to be likely to; to be sure to; to meet; to get together,14.0,1.0,True
吗,ma,"question particle for ""yes-no"" questions",15.0,1.0,True
要,yào,to want; to need; to ask for; will; shall; about to; need to; should,16.0,2.0,True
什么,shén me,what?; something; anything,17.0,1.0,True
说,shuō,to speak; to talk; to say; to explain; to comment; to scold; to tell off,18.0,,True
她,tā,she,19.0,1.0,True
想,xiǎng,to think (about); to think of; to devise; to think (that); to believe (that),20.0,1.0,True
一,yī,one; single; a (article),21.0,1.0,True
很,hěn,adverb of degree; quite; very,22.0,1.0,True
知道,zhī dào,to know; to become aware of; also pr. [zhī dao],23.0,2.0,True
人,rén,person; people,24.0,1.0,True
吧,ba,modal particle indicating suggestion or surmise; ...right?; ...OK?,25.0,2.0,True
那,nà,"that; the; those (colloquial pr. [nèi]); that (referring to persons, things or situations); then (in that case)",26.0,1.0,True
来,lái,to come; used as a substitute for a more specific verb; hither,27.0,1.0,True
都,dōu,all; both; entirely; even; already,28.0,1.0,True
个,gè,classifier used before a noun that has no specific classifier; individual,29.0,1.0,True
能,néng,can; to be able to; might possibly,30.0,1.0,True
去,qù,to go; to go to (a place); last,31.0,1.0,True
没,méi,have not; not,32.0,1.0,True
和,hé,and; together with; with (Taiwan pr. [hàn]); sum; to make peace,33.0,1.0,True
他们,tā men,they; them,34.0,,True
到,dào,to reach; to arrive; to leave for; to go to; to (a place); until (a time); up to (a point),35.0,2.0,True
对,duì,right; correct; towards; at; for; concerning; regarding,36.0,4.0,True
也,yě,also; both ... and ... (before predicates only); particle having functions similar to,37.0,2.0,True
啊,a,"modal particle ending sentence, showing affirmation, approval, or consent",38.0,3.0,True
还,hái,still; still in progress; still more,39.0,2.0,True
把,bǎ,to hold; to grasp; to hold a baby in position to help it urinate or defecate; handlebar,40.0,3.0,True
让,ràng,to yield; to permit; to let sb do sth,41.0,2.0,True
做,zuò,to make; to produce; to write; to compose; to do; to engage in; to hold (a party etc),42.0,1.0,True
给,gěi,to; for; for the benefit of,43.0,2.0,True
一个,yī ge,"a; an; one; the whole (afternoon, summer vacation etc)",44.0,,True
上,shàng,up; upper; above; previous; first (of multiple parts); to climb; to get onto; to go up,45.0,1.0,True
你们,nǐ men,you (plural),46.0,,True
过,guò,to cross; to go over; to pass (time),47.0,4.0,True
没有,méi yǒu,haven't; hasn't; doesn't exist,48.0,,True
得,dé,to obtain; to get; to gain,49.0,2.0,True
看,kàn,to see; to look at; to read; to watch,50.0,1.0,True
真,zhēn,really; truly; indeed,51.0,2.0,True
着,zhe,aspect particle indicating action in progress or ongoing state,52.0,2.0,True
事,shì,matter; thing; item,53.0,,True
这个,zhè ge,this,54.0,,True
怎么,zěn me,how?; what?; why?,55.0,1.0,True
现在,xiàn zài,now; at present; at the moment,56.0,1.0,True
可以,kě yǐ,can; may; possible,57.0,2.0,True
点,diǎn,point; dot; drop,58.0,1.0,True
呢,ne,"particle indicating that a previously asked question is to be applied to the; particle for inquiring about location (""Where is ...?""); particle signaling a pause, to emphasize the preceding words and allow the",59.0,1.0,True
如果,rú guǒ,if; in case; in the event that,60.0,3.0,True
只,zhǐ,only; merely; just,61.0,3.0,True
别,bié,don't ...!; other; another; different; to leave; to part (from),62.0,2.0,True
哦,ó,oh (interjection indicating doubt or surprise),63.0,6.0,True
但,dàn,but; yet; however; still; merely; only; just,64.0,,True
被,bèi,quilt; to cover (with); to suffer (a misfortune),65.0,3.0,True
走,zǒu,to walk; to go; to run,66.0,2.0,True
太,tài,highest; greatest; too (much),67.0,1.0,True
这样,zhè yàng,this way; like this; so; this kind of; such,68.0,,True
里,lǐ,lining; interior; inside,69.0,1.0,True
跟,gēn,heel; to follow closely; to go with,70.0,3.0,True
告诉,gào su,to tell; to inform; to let know,71.0,2.0,True
因为,yīn wèi,because; owing to; on account of,72.0,2.0,True
自己,zì jǐ,oneself; one's own,73.0,3.0,True
再,zài,"again; once more; re-; second; another; then (after sth, and not until then)",74.0,2.0,True
听,tīng,to listen to; to hear; to heed; to obey,75.0,1.0,True
这里,zhè lǐ,here,76.0,,True
快,kuài,rapid; quick; speed,77.0,2.0,True
谁,shéi,who; also pr. [shuí],78.0,1.0,True
但是,dàn shì,but; however,79.0,2.0,True
多,duō,many; much; too many; in excess; ... odd,80.0,1.0,True
用,yòng,to use; to employ; to have to,81.0,3.0,True
时候,shí hou,time; length of time; moment,82.0,1.0,True
下,xià,down; downwards; below,83.0,1.0,True
已经,yǐ jīng,already,84.0,2.0,True
谢谢,xiè xie,to thank; thanks; thank you,85.0,1.0,True
为什么,wèi shén me,why?; for what reason?,86.0,3.0,True
觉得,jué de,to think that ...; to feel that ...; to feel (uncomfortable etc),87.0,2.0,True
天,tiān,day; sky; heaven,88.0,,True
像,xiàng,to resemble; to be like; to look as if,89.0,3.0,True
这么,zhè me,so much; this much; how much?,90.0,,True
它,tā,it,91.0,2.0,True
从,cóng,from; through; via,92.0,2.0,True
先生,xiān sheng,teacher; gentleman; sir; mister (Mr.); husband,93.0,1.0,True
找,zhǎo,to try to find; to look for; to call on sb,94.0,2.0,True
最,zuì,most; the most; -est (superlative suffix),95.0,2.0,True
喜欢,xǐ huan,to like; to be fond of,96.0,1.0,True
可,kě,can; may; able to; -able; to approve; to permit; to suit,97.0,,True
为,wèi,because of; for; to,98.0,2.0,True
大,dà,big; large; great; older (than another person); eldest,99.0,1.0,True
可能,kě néng,might (happen); possible; probable,100.0,2.0,True
需要,xū yào,to need; to want; to demand; to require; needs,101.0,3.0,True
是的,shì de,"yes, that's right",102.0,,True
死,sǐ,to die; impassable; uncrossable,103.0,4.0,True
次,cì,"next in sequence; second; the second (day, time etc)",104.0,2.0,True
出,chū,to go out; to come out; to occur,105.0,2.0,True
那么,nà me,like that; in that way; to that extent; ... or so; about ...; then; in that case,106.0,,True
干,gàn,to do; to work; to manage; capable,107.0,4.0,True
那个,nà ge,that one; that thing; that (as opposed to this),108.0,,True
嘿,hēi,hey,109.0,6.0,True
们,men,"plural marker for pronouns, and nouns referring to individuals",110.0,,True
话,huà,dialect; language; spoken words,111.0,,True
而,ér,and; as well as; and so,112.0,4.0,True
么,me,"suffix used to form interrogative and indefinite pronouns (什么, 怎么, 这么, etc.)",113.0,,True
东西,dōng xi,thing; stuff; person,114.0,1.0,True
应该,yīng gāi,ought to; should; must,115.0,3.0,True
孩子,hái zi,child,116.0,2.0,True
起来,qǐ lai,to stand up; to get up; also pr. [qǐ lái],117.0,4.0,True
所以,suǒ yǐ,therefore; as a result; so,118.0,2.0,True
这些,zhè xiē,these,119.0,,True
才,cái,ability; talent; sb of a certain type; a capable individual,120.0,3.0,True
两,liǎng,two; both; some,121.0,2.0,True
错,cuò,mistake; wrong; bad,122.0,2.0,True
还有,hái yǒu,there still remain(s); there is (or are) still; in addition,123.0,,True
又,yòu,again; also; both... and...,124.0,3.0,True
小,xiǎo,small; tiny; few,125.0,1.0,True
中,zhōng,within; among; in; middle; center; while (doing sth); during,126.0,,True
叫,jiào,to shout; to call; to order,127.0,1.0,True
嗯,en,"interjection indicating approval, appreciation or agreement",128.0,6.0,True
该,gāi,should; ought to; probably,129.0,,True
等,děng,class; rank; grade,130.0,4.0,True
问题,wèn tí,question; problem; issue,131.0,2.0,True
一起,yī qǐ,in the same place; together; with,132.0,2.0,True
拿,ná,to hold; to seize; to catch,133.0,3.0,True
更,gèng,more; even more; further,134.0,3.0,True
开始,kāi shǐ,to begin; beginning; to start,135.0,2.0,True
帮,bāng,to help; to assist; to support,136.0,,True
打,dǎ,"to hit; to strike; to fight; (in many compound verbs, e.g. 打电话 ""to phone"")",137.0,,True
爱,ài,to love; to be fond of; to like; affection; to be inclined (to do sth); to tend to (happen),138.0,1.0,True
带,dài,band; belt; girdle,139.0,3.0,True
时间,shí jiān,time; period,140.0,2.0,True
年,nián,year; grain; harvest (old),141.0,1.0,True
请,qǐng,to ask; to invite; please (do sth),142.0,1.0,True
回,huí,to circle; to go back; to turn around,143.0,1.0,True
工作,gōng zuò,to work; to operate; job,144.0,1.0,True
然后,rán hòu,then; after that; afterwards,145.0,3.0,True
当,dāng,dong; ding dong (bell); to be,146.0,4.0,True
见,jiàn,to see; to meet; to appear (to be sth),147.0,,True
钱,qián,"coin; money; unit of weight, one tenth of a tael",148.0,1.0,True
噢,ō,oh; ah (used to indicate realization); also pr. [ou4],149.0,,True
一样,yī yàng,same; like; equal to,150.0,3.0,True
事情,shì qing,affair; matter; thing; business,151.0,2.0,True
就是,jiù shì,exactly; precisely; only; simply; just; even; even if,152.0,,True
吃,chī,to eat; to consume; to eat at (a cafeteria etc); to eradicate; to destroy,153.0,1.0,True
所有,suǒ yǒu,all; to have; to possess; to own,154.0,4.0,True
开,kāi,to open (transitive or intransitive); to start; to turn on; to put in operation; to operate; to run,155.0,1.0,True
一下,yī xià,"a bit; a little (indicating brief duration, or softening the tone, or; all at once; suddenly",156.0,,True
家,jiā,"home; family; my (sister, uncle etc)",157.0,1.0,True
非常,fēi cháng,very; really; unusual; extraordinary,158.0,2.0,True
看到,kàn dào,to see,159.0,,True
希望,xī wàng,to hope; a hope; a wish,160.0,2.0,True
那些,nà xiē,those,161.0,,True
哪,nǎ,how; which,162.0,1.0,True
当然,dāng rán,only natural; as it should be; certainly,163.0,3.0,True
也许,yě xǔ,perhaps; maybe,164.0,4.0,True
行,xíng,to walk; to go; to travel,165.0,4.0,True
朋友,péng you,friend,166.0,1.0,True
妈妈,mā ma,mama; mommy; mother,167.0,1.0,True
相信,xiāng xìn,to be convinced (that sth is true); to believe; to accept sth as true,168.0,3.0,True
前,qián,front; forward; ahead,169.0,,True
嗨,hāi,oh alas; hey!; hi! (loanword),170.0,6.0,True
认为,rèn wéi,to believe; to think; to consider; to feel,171.0,3.0,True
将,jiāng,will; shall; to use,172.0,,True
这儿,zhè r,here,173.0,,True
今天,jīn tiān,today; at the present; now,174.0,1.0,True
明白,míng bai,clear; obvious; unequivocal,175.0,3.0,True
一直,yī zhí,straight (in a straight line); continuously; always; all the way through,176.0,3.0,True
看看,kàn kan,to take a look at; to examine; to survey,177.0,,True
车,chē,car; vehicle; machine,178.0,,True
时,shí,o'clock; time; when,179.0,,True
杀,shā,to kill; to murder; to attack,180.0,5.0,True
地方,dì fang,area; place; space,181.0,3.0,True
不过,bù guò,only; merely; no more than,182.0,4.0,True
呃,è,exclamation; to hiccup,183.0,,True
发生,fā shēng,to happen; to occur; to take place; to break out,184.0,4.0,True
几,jǐ,how much; how many; several,185.0,1.0,True
回来,huí lai,to return; to come back,186.0,,True
准备,zhǔn bèi,preparation; to prepare; to intend,187.0,2.0,True
找到,zhǎo dào,to find,188.0,,True
后,hòu,empress; queen; monarch,189.0,,True
爸爸,bà ba,father; dad,190.0,1.0,True
一切,yī qiè,everything; every; all,191.0,4.0,True
抱歉,bào qiàn,to be sorry; to feel apologetic; sorry!,192.0,4.0,True
比,bǐ,to compare; more {adj.} than {noun}; ratio,193.0,2.0,True
感觉,gǎn jué,feeling; impression; sensation; to feel; to perceive,194.0,4.0,True
些,xiē,"classifier indicating a small amount or small number greater than 1: some, a",195.0,1.0,True
只是,zhǐ shì,merely; only; just; nothing but; simply; but; however,196.0,,True
怎么样,zěn me yàng,how?; how about?; how was it?,197.0,1.0,True
出来,chū lái,to come out; to appear; to arise,198.0,,True
不要,bù yào,don't!; must not,199.0,,True
对不起,duì bu qǐ,I'm sorry; excuse me; I beg your pardon; to let (sb) down; to disappoint,200.0,1.0,True
问,wèn,to ask; to inquire,201.0,2.0,True
离开,lí kāi,to depart; to leave,202.0,3.0,True
一点,yī diǎn,"a bit; a little bit; the least bit; a bit more, -er",203.0,,True
一定,yī dìng,surely; certainly; necessarily,204.0,3.0,True
起,qǐ,to rise; to raise; to get up,205.0,,True
还是,hái shi,still (as before); had better; unexpectedly,206.0,3.0,True
发现,fā xiàn,to notice; to become aware of; to discover; to find; to detect; a discovery,207.0,3.0,True
所,suǒ,actually; place; that which,208.0,5.0,True
住,zhù,to live; to dwell; to stay,209.0,1.0,True
件,jiàn,"item; component; classifier for events, things, clothes etc",210.0,2.0,True
正,zhèng,straight; upright; proper,211.0,5.0,True
而且,ér qiě,but also; moreover; in addition,212.0,3.0,True
并,bìng,and; furthermore; also,213.0,,True
必须,bì xū,to have to; must; compulsory,214.0,3.0,True
意思,yì si,idea; opinion; meaning,215.0,2.0,True
放,fàng,to put; to place; to release,216.0,3.0,True
不错,bù cuò,correct; right; not bad,217.0,,True
肯定,kěn dìng,to be certain; to be positive; assuredly,218.0,4.0,True
电话,diàn huà,telephone; phone call; phone number,219.0,,True
为了,wèi le,for; for the purpose of; in order to,220.0,3.0,True
搞,gǎo,to do; to make; to go in for,221.0,5.0,True
棒,bàng,stick; club; cudgel,222.0,5.0,True
第一,dì yī,first; number one; primary,223.0,2.0,True
妈,mā,ma; mom; mother,224.0,,True
地,dì,earth; ground; field,225.0,3.0,True
进,jìn,to go forward; to advance; to go in,226.0,2.0,True
那样,nà yàng,that kind; that sort,227.0,,True
大家,dà jiā,everyone; influential family; great expert,228.0,2.0,True
新,xīn,new; newly; meso- (chemistry),229.0,2.0,True
您,nín,you,230.0,2.0,True
向,xiàng,towards; to face; to turn towards,231.0,2.0,True
一些,yī xiē,some; a few; a little; (following an adjective) slightly ...er,232.0,,True
三,sān,three; 3,233.0,1.0,True
那里,nà li,there; that place,234.0,,True
以为,yǐ wéi,to think (i.e. to take it to be true that ...) (Usually there is an implication,235.0,3.0,True
高兴,gāo xìng,happy; glad; willing (to do sth),236.0,1.0,True
嘛,ma,modal particle indicating that sth is obvious; particle indicating a pause for emphasis,237.0,6.0,True
老,lǎo,prefix used before the surname of a person or a numeral indicating the order of; old (of people); venerable (person),238.0,3.0,True
位,wèi,position; location; place,239.0,3.0,True
过来,guò lái,to come over; to manage; to handle,240.0,,True
掉,diào,to fall; to drop; to lag behind,241.0,4.0,True
先,xiān,early; prior; former,242.0,3.0,True
等等,děng děng,et cetera; and so on ...; wait a minute!,243.0,,True
生活,shēng huó,to live; life; livelihood,244.0,4.0,True
之,zhī,"possessive particle, literary equivalent of; him; her",245.0,4.0,True
买,mǎi,to buy; to purchase,246.0,1.0,True
种,zhǒng,seed; species; kind,247.0,3.0,True
医生,yī shēng,doctor,248.0,1.0,True
最后,zuì hòu,final; last; finally,249.0,4.0,True
之前,zhī qián,before; prior to; ago,250.0,,True
伙计,huǒ ji,partner; fellow; mate,251.0,,True
手,shǒu,hand; to hold; person engaged in certain types of work,252.0,,True
任何,rèn hé,any; whatever; whichever,253.0,4.0,True
哪儿,nǎ r,where?; wherever; anywhere; somewhere; how can ...?; how could ...?,255.0,,True
这种,zhè zhǒng,this kind of,256.0,,True
上帝,Shàng dì,God,257.0,,True
女人,nǚ rén,woman,258.0,2.0,True
名字,míng zi,name (of a person or thing),259.0,1.0,True
认识,rèn shi,to know; to recognize; to be familiar with,260.0,1.0,True
坐,zuò,"to sit; to take a seat; to take (a bus, airplane etc)",261.0,1.0,True
今晚,jīn wǎn,tonight,262.0,,True
其他,qí tā,other; else; the rest,263.0,3.0,True
喝,hē,to drink,264.0,1.0,True
记得,jì de,to remember,265.0,3.0,True
家伙,jiā huo,"household dish, implement or furniture; domestic animal; guy",266.0,6.0,True
与,yǔ,and; to give; together with,267.0,4.0,True
或者,huò zhě,or; possibly; maybe; perhaps,268.0,3.0,True
写,xiě,to write,269.0,1.0,True
穿,chuān,to wear; to put on; to dress,270.0,2.0,True
弄,nòng,to do; to manage; to handle,271.0,4.0,True
过去,guò qù,past; former; previous,272.0,3.0,True
哪里,nǎ lǐ,where?; somewhere; anywhere,273.0,,True
啦,la,"sentence-final particle, contraction of; particle placed after each item in a list of examples",274.0,6.0,True
却,què,but; yet; however,275.0,4.0,True
算,suàn,to regard as; to figure; to calculate,276.0,4.0,True
担心,dān xīn,anxious; worried; uneasy,277.0,3.0,True
继续,jì xù,to continue; to proceed with; to go on with,278.0,4.0,True
送,sòng,to send; to deliver; to transmit; to give (as a present); to see (sb) off,279.0,2.0,True
女孩,nǚ hái,girl; lass,280.0,,True
以,yǐ,to use; by means of; according to,281.0,4.0,True
玩,wán,to play; to have fun; to trifle with,282.0,2.0,True
亲爱,qīn ài,dear; beloved; darling,283.0,5.0,True
下来,xià lai,"to come down; completed action marker; after verb of motion, indicates motion down and towards us, also fig.",284.0,,True
成,chéng,to succeed; to finish; to complete,285.0,,True
条,tiáo,strip; item; article,286.0,3.0,True
够,gòu,enough (sufficient); enough (too much); really,287.0,4.0,True
父亲,fù qīn,father; also pr. [fù qin],288.0,4.0,True
以前,yǐ qián,before; formerly; previous,289.0,3.0,True
跑,pǎo,to run; to run away; to escape,290.0,,True
月,yuè,moon; month; monthly,291.0,1.0,True
早,zǎo,early; morning; Good morning!,292.0,,True
美国,Měi guó,United States; USA; US,293.0,,True
长,cháng,length; long; forever,294.0,2.0,True
完全,wán quán,complete; whole; totally; entirely,295.0,4.0,True
宝贝,bǎo bèi,treasured object; treasure; darling,296.0,5.0,True
号,hào,ordinal number; day of a month; mark,297.0,2.0,True
枪,qiāng,gun; firearm; rifle,298.0,5.0,True
狗,gǒu,dog,299.0,1.0,True
可是,kě shì,but; however; indeed,300.0,4.0,True
世界,shì jiè,world,301.0,3.0,True
小时,xiǎo shí,hour,302.0,2.0,True
重要,zhòng yào,important; significant; major,303.0,3.0,True
谈,tán,to speak; to talk; to converse,304.0,4.0,True
别人,bié ren,other people; others; other person,305.0,3.0,True
男人,nán rén,a man; a male; men,306.0,2.0,True
头,tóu,head; hair style; the top,307.0,,True
机会,jī huì,opportunity; chance; occasion,308.0,3.0,True
岁,suì,years old; year; year (of crop harvests),309.0,1.0,True
出去,chū qù,to go out,310.0,,True
活,huó,to live; alive; living,311.0,,True
看见,kàn jiàn,to see; to catch sight of,312.0,1.0,True
者,zhě,one who (is) ...; person involved in ...; -er,313.0,,True
打电话,dǎ diàn huà,to make a telephone call,314.0,1.0,True
喂,wèi,"hey; to feed (an animal, baby, invalid etc); to feed",315.0,1.0,True
好像,hǎo xiàng,as if; to seem like,316.0,4.0,True
得到,dé dào,to get; to obtain; to receive,317.0,,True
警察,jǐng chá,police; police officer,318.0,4.0,True
完,wán,to finish; to be over; whole,319.0,2.0,True
张,zhāng,to open up; to spread; sheet of paper,320.0,2.0,True
儿子,ér zi,son,321.0,1.0,True
之后,zhī hòu,after; behind; afterwards; since then,322.0,,True
漂亮,piào liang,pretty; beautiful,323.0,1.0,True
分钟,fēn zhōng,minute,324.0,1.0,True
接,jiē,to receive; to answer (the phone); to meet or welcome sb,325.0,3.0,True
场,chǎng,large place used for a specific purpose; stage; scene (of a play),326.0,4.0,True
再见,zài jiàn,goodbye; see you again later,327.0,1.0,True
求,qiú,to seek; to look for; to request,328.0,,True
刚,gāng,hard; firm; strong; exactly; precisely; barely; only just,329.0,,True
如何,rú hé,how; what way; what,330.0,5.0,True
比赛,bǐ sài,competition (sports etc); match; to compete,331.0,3.0,True
呀,ya,particle equivalent to,332.0,4.0,True
情况,qíng kuàng,circumstances; state of affairs; situation,333.0,4.0,True
变,biàn,to change; to become different; to transform,334.0,,True
关系,guān xi,relation; relationship; to concern,335.0,3.0,True
真是,zhēn shi,"indeed; truly; used to express disapproval, annoyance etc",336.0,,True
女士,nǚ shì,lady; madam; Miss,337.0,5.0,True
本,běn,root; stem; origin,338.0,1.0,True
马上,mǎ shàng,at once; right away; immediately,339.0,3.0,True
决定,jué dìng,to decide (to do something); to resolve; decision,340.0,3.0,True
见到,jiàn dào,to see,341.0,,True
根本,gēn běn,fundamental; basic; root,342.0,5.0,True
关于,guān yú,pertaining to; concerning; with regard to,343.0,3.0,True
那儿,nà r,there,344.0,,True
难,nán,difficult (to...); problem; difficulty,345.0,3.0,True
只要,zhǐ yào,if only; so long as,346.0,4.0,True
里面,lǐ miàn,inside; interior; also pr. [li3 mian5],347.0,,True
每,měi,each; every,348.0,2.0,True
份,fèn,"classifier for gifts, newspaper, magazine, papers, reports, contracts etc",349.0,4.0,True
到底,dào dǐ,finally; in the end; when all is said and done,350.0,4.0,True
了解,liǎo jiě,to understand; to realize; to find out,351.0,3.0,True
明天,míng tiān,tomorrow,352.0,1.0,True
站,zhàn,station; to stand; to halt,353.0,3.0,True
结束,jié shù,termination; to finish; to end,354.0,3.0,True
公司,gōng sī,company; firm; corporation,355.0,2.0,True
成为,chéng wéi,to become; to turn into,356.0,4.0,True
永远,yǒng yuǎn,forever; eternal,357.0,4.0,True
帮助,bāng zhù,assistance; aid; to help; to assist,358.0,2.0,True
多少,duō shao,how much?; how many?; what number?,360.0,1.0,True
哇,wa,replaces,361.0,6.0,True
名,míng,name; noun (part of speech); place (e.g. among winners),362.0,,True
它们,tā men,they; them,363.0,,True
总,zǒng,general; overall; to sum up; in every case; always; invariably,364.0,,True
确定,què dìng,definite; certain; fixed,365.0,5.0,True
有人,yǒu rén,someone; people; anyone,366.0,,True
清楚,qīng chu,clear; distinct; to understand thoroughly,367.0,3.0,True
晚上,wǎn shang,evening; night; in the evening,368.0,2.0,True
安全,ān quán,safe; secure; safety; security,369.0,4.0,True
怎样,zěn yàng,how; what kind,370.0,,True
没什么,méi shén me,it doesn't matter; it's nothing; never mind; think nothing of it; it's my pleasure; you're welcome,371.0,,True
块,kuài,"lump; chunk; piece; classifier for pieces of cloth, cake, soap etc; classifier for money and currency units",372.0,1.0,True
回家,huí jiā,to return home,373.0,,True
留,liú,to leave (a message etc); to retain; to stay,374.0,4.0,True
周,zhōu,to make a circuit; to circle; circle,375.0,,True
愿意,yuàn yì,to wish; to want; ready,376.0,3.0,True
计划,jì huà,plan; project; program,377.0,4.0,True
爸,bà,father; dad; pa,378.0,,True
俩,liǎ,two; both; some,379.0,4.0,True
停,tíng,to stop; to halt; to park (a car),380.0,,True
不能,bù néng,cannot; must not; should not,381.0,,True
他妈的,tā mā de,damn it!; fucking,382.0,,True
说话,shuō huà,to speak; to say; to talk,383.0,1.0,True
另,lìng,other; another; separate,384.0,,True
心,xīn,heart; mind; intention,385.0,,True
花,huā,flower; blossom; fancy pattern,386.0,3.0,True
她们,tā men,they; them (females),387.0,,True
有些,yǒu xiē,some; somewhat; rather; a bit,388.0,,True
门,mén,gate; door; gateway,389.0,2.0,True
感谢,gǎn xiè,thanks; gratitude; grateful,390.0,4.0,True
谈谈,tán tán,to discuss; to have a chat,391.0,,True
定,dìng,to fix; to set; to make definite; to subscribe to (a newspaper etc); to book (tickets etc); to order (goods etc); to congeal; to coagulate,392.0,,True
于,yú,to go; to take; sentence-final interrogative particle,393.0,,True
以后,yǐ hòu,after; later; afterwards,394.0,3.0,True
管,guǎn,to take care (of); to control; to manage,395.0,,True
照片,zhào piàn,photograph; picture,396.0,3.0,True
每个,měi gè,each; every,397.0,,True
欢迎,huān yíng,to welcome; welcome,398.0,2.0,True
敢,gǎn,to dare; daring; may I venture,399.0,3.0,True
兄弟,xiōng dì,"brothers; younger brother; I, me (humble term used by men in public speech)",400.0,5.0,True
从来,cóng lái,always; at all times; never (if used in negative sentence),401.0,4.0,True
总是,zǒng shì,always,402.0,3.0,True
嘴,zuǐ,mouth; beak; nozzle,403.0,4.0,True
跳,tiào,to jump; to hop; to skip over,404.0,,True
拜托,bài tuō,to request sb to do sth; please!,405.0,6.0,True
女儿,nǚ ér,daughter,406.0,1.0,True
抓,zhuā,to grab; to catch; to arrest,407.0,,True
小姐,xiǎo jie,young lady; miss; prostitute,408.0,1.0,True
动,dòng,to move; to set in movement; to displace,409.0,,True
赢,yíng,to beat; to win; to profit,410.0,4.0,True
消息,xiāo xi,news; information,411.0,4.0,True
女,nǚ,female; woman; daughter,412.0,,True
忙,máng,busy; hurriedly; to hurry,413.0,2.0,True
或许,huò xǔ,perhaps; maybe,414.0,6.0,True
如此,rú cǐ,like this; so; such,415.0,,True
队,duì,squadron; team; group,416.0,,True
无法,wú fǎ,unable to; incapable of,417.0,,True
房子,fáng zi,house; building (single- or two-story); apartment,418.0,,True
拉,lā,to pull; to play (a bowed instrument); to drag,419.0,4.0,True
衣服,yī fu,clothes,420.0,1.0,True
听说,tīng shuō,to hear (sth said); one hears (that); hearsay,421.0,,True
救,jiù,to save; to assist; to rescue,422.0,5.0,True
参加,cān jiā,to participate; to take part; to join,423.0,3.0,True
办法,bàn fǎ,means; method; way (of doing sth),424.0,3.0,True
睡,shuì,to sleep; to lie down,425.0,,True
唯一,wéi yī,only; sole,426.0,5.0,True
回去,huí qu,to return; to go back,427.0,,True
人们,rén men,people,428.0,,True
晚,wǎn,evening; night; late,429.0,,True
该死,gāi sǐ,Damn it!; damned; wretched,430.0,,True
闭,bì,to close; to stop up; to shut,431.0,,True
选择,xuǎn zé,to select; to pick; choice,432.0,3.0,True
坏,huài,bad; spoiled; broken,433.0,3.0,True
原因,yuán yīn,cause; origin; root cause,434.0,4.0,True
下去,xià qù,to go down; to descend; to go on,435.0,,True
受,shòu,to receive; to accept; to suffer,436.0,,True
连,lián,to link; to join; to connect,437.0,4.0,True
好好,hǎo hǎo,well; carefully; nicely; properly,438.0,,True
全,quán,all; whole; entire,439.0,,True
确实,què shí,indeed; really; reliable,440.0,4.0,True
挺,tǐng,straight; erect; to stick out (a part of the body),441.0,4.0,True
此,cǐ,this; these,442.0,,True
水,shuǐ,water; river; liquid,443.0,1.0,True
混蛋,hún dàn,scoundrel; bastard; hoodlum,444.0,,True
杯,bēi,"cup; trophy cup; classifier for certain containers of liquids: glass, cup",445.0,,True
保证,bǎo zhèng,guarantee; to guarantee; to ensure,446.0,4.0,True
学校,xué xiào,school,447.0,1.0,True
卖,mài,to sell; to betray; to spare no effort,448.0,2.0,True
信,xìn,letter; mail; to trust,449.0,3.0,True
接受,jiē shòu,to accept; to receive,450.0,4.0,True
改变,gǎi biàn,to change; to alter; to transform,451.0,4.0,True
舞,wǔ,to dance; to wield; to brandish,452.0,,True
看来,kàn lai,apparently; it seems that,453.0,5.0,True
高,gāo,high; tall; above average,454.0,2.0,True
麻烦,má fan,trouble; inconvenience; inconvenient; troublesome; annoying; to bother sb; to put sb to trouble,455.0,4.0,True
出现,chū xiàn,to appear; to arise; to emerge,456.0,3.0,True
打算,dǎ suàn,to plan; to intend; to calculate,457.0,3.0,True
电影,diàn yǐng,movie; film,458.0,1.0,True
试,shì,to test; to try; experiment,459.0,4.0,True
身上,shēn shang,on the body; at hand; among,460.0,,True
房间,fáng jiān,room,461.0,2.0,True
美,měi,beautiful; very satisfactory; good; to beautify,462.0,,True
不管,bù guǎn,not to be concerned; regardless of; no matter,463.0,4.0,True
书,shū,book; letter; document,464.0,1.0,True
特别,tè bié,unusual; special; very; especially; particularly; expressly; for a specific purpose,465.0,3.0,True
注意,zhù yì,to take note of; to pay attention to,466.0,3.0,True
球,qiú,ball used for playing games; ball; sphere,467.0,,True
查,chá,to research; to check; to investigate,468.0,,True
忘,wàng,to forget; to overlook; to neglect,469.0,,True
甚至,shèn zhì,even; so much so that,470.0,4.0,True
保护,bǎo hù,to protect; to defend; to safeguard,471.0,4.0,True
真正,zhēn zhèng,genuine; real; true; really; indeed,472.0,4.0,True
结果,jié guǒ,outcome; result; conclusion,473.0,4.0,True
表现,biǎo xiàn,to show; to show off; to display,474.0,5.0,True
拍,pāi,to pat; to clap; to slap,475.0,5.0,True
其实,qí shí,actually; in fact; really,476.0,3.0,True
小心,xiǎo xīn,to be careful; to take care,477.0,3.0,True
进来,jìn lái,to come in,478.0,,True
路,lù,road; journey; route,479.0,2.0,True
呆,dāi,foolish; stupid; expressionless,480.0,5.0,True
四,sì,four; 4,481.0,1.0,True
久,jiǔ,time; duration of time,482.0,3.0,True
当时,dāng shí,then; at that time; while,483.0,4.0,True
或,huò,maybe; perhaps; might,484.0,,True
懂,dǒng,to understand; to comprehend,485.0,2.0,True
只有,zhǐ yǒu,only have ...; there is only ...; it is only if ... (that one can ...); it is only (someone) who ...,486.0,,True
怎么办,zěn me bàn,what's to be done,487.0,,True
第,dì,prefix indicating ordinal number; grades in which successful candidates in the imperial examinations were placed; residence of a high official,488.0,,True
马,mǎ,horse; horse or cavalry piece in Chinese chess; knight in Western chess,489.0,3.0,True
讲,jiǎng,to speak; to explain; to negotiate,490.0,3.0,True
绝对,jué duì,absolute; unconditional,491.0,5.0,True
长官,zhǎng guān,senior official; senior officer; commanding officer,492.0,,True
员,yuán,person engaged in a certain field of activity; member; classifier for military generals,493.0,,True
进去,jìn qù,to go in,494.0,,True
至少,zhì shǎo,at least; least,495.0,4.0,True
律师,lǜ shī,lawyer,496.0,4.0,True
喔,ō,"oh; I see (used to indicate realization, understanding)",497.0,,True
整个,zhěng gè,whole; entire; total,498.0,5.0,True
听到,tīng dào,to hear,499.0,,True
表演,biǎo yǎn,play; show; performance,500.0,3.0,True
正在,zhèng zài,just at (that time); right in (that place); right in the middle of (doing sth),501.0,2.0,True
无,wú,not to have; no; none,502.0,4.0,True
已,yǐ,already; to stop; then,503.0,,True
笑,xiào,to laugh; to smile; to laugh at,504.0,2.0,True
选,xuǎn,to choose; to pick; to select,505.0,,True
感到,gǎn dào,to feel; to sense; to perceive,506.0,,True
那边,nà bian,over there; yonder,507.0,,True
远,yuǎn,far; distant; remote,508.0,2.0,True
儿,ér,child; son,509.0,,True
故事,gù shi,narrative; story; tale,510.0,3.0,True
疯,fēng,insane; mad; wild,511.0,,True
换,huàn,to exchange; to change (clothes etc); to substitute,512.0,3.0,True
结婚,jié hūn,to marry; to get married,513.0,3.0,True
猜,cāi,to guess,514.0,4.0,True
咱们,zán men,we or us (including both the speaker and the person(s) spoken to); I or me; you,515.0,4.0,True
床,chuáng,"bed; couch (furniture that one can lie down on) (; bed; bottom (of rivers, oceans, gardens etc); frame; chassis",516.0,,True
处理,chǔ lǐ,to handle; to deal with; to punish; to treat sth by a special process; to process,517.0,5.0,True
妻子,qī zi,wife,518.0,2.0,True
进行,jìn xíng,to advance; to conduct; underway,519.0,4.0,True
内,nèi,inside; inner; internal,520.0,4.0,True
是否,shì fǒu,whether (or not); if; is or isn't,521.0,5.0,True
段,duàn,paragraph; section; segment,522.0,3.0,True
令,lìng,to order; to command; an order,523.0,,True
刚刚,gāng gang,just recently; just a moment ago,524.0,4.0,True
案子,àn zi,"long table; counter; case (criminal, medical etc); matter; project; job",525.0,,True
行动,xíng dòng,operation; action; to move about,526.0,5.0,True
第二,dì èr,second; number two; next,527.0,,True
努力,nǔ lì,to make an effort; to try hard; to strive; hard-working; conscientious,528.0,3.0,True
害怕,hài pà,to be afraid; to be scared,529.0,3.0,True
酒,jiǔ,wine (esp. rice wine); liquor; spirits,530.0,,True
发,fā,to send out; to show (one's feeling); to issue,531.0,4.0,True
调查,diào chá,investigation; inquiry; to investigate,532.0,4.0,True
失去,shī qù,to lose,533.0,5.0,True
歌,gē,song (; to sing,534.0,,True
成功,chéng gōng,success; to succeed,535.0,4.0,True
唱,chàng,to sing; to call loudly; to chant,536.0,,True
考虑,kǎo lǜ,to think over; to consider; consideration,537.0,4.0,True
刚才,gāng cái,just now; a moment ago,538.0,3.0,True
约会,yuē huì,appointment; engagement; date,539.0,4.0,True
节目,jié mù,program; item (on a program),540.0,3.0,True
通过,tōng guò,to pass through; to get through; to adopt (a resolution); to pass (legislation); to pass (a test),541.0,4.0,True
之间,zhī jiān,between; among; amid; used after certain bisyllabic words to form expressions indicating a short,542.0,,True
别的,bié de,else; other,543.0,,True
学,xué,to learn; to study; to imitate,544.0,,True
开心,kāi xīn,to feel happy; to rejoice; to have a great time,545.0,5.0,True
母亲,mǔ qīn,mother; also pr. [mǔ qin],546.0,4.0,True
辆,liàng,classifier for vehicles,547.0,3.0,True
主意,zhǔ yi,plan; idea; decision,548.0,4.0,True
探,tàn,to explore; to search out; to scout,549.0,,True
丈夫,zhàng fu,husband,550.0,2.0,True
待,dài,to wait; to treat; to deal with,551.0,,True
变成,biàn chéng,to change into; to turn into; to become,552.0,,True
倒,dào,to invert; to place upside down or frontside back; to pour out; to tip out; to dump,553.0,5.0,True
离,lí,to leave; to part from; to be away from,554.0,2.0,True
解释,jiě shì,explanation; to explain; to interpret,555.0,4.0,True
往,wǎng,to go (in a direction); to; towards,556.0,4.0,True
万,wàn,ten thousand; a great number,557.0,3.0,True
联系,lián xì,connection; contact; relation,558.0,4.0,True
派,pài,clique; school; group,559.0,5.0,True
关,guān,"mountain pass; to close; to shut; to turn off; to confine; to lock (sb) up; to shut (sb in a room, a bird in a cage etc)",560.0,3.0,True
证明,zhèng míng,proof; certificate; identification,561.0,4.0,True
句,jù,sentence; clause; phrase,562.0,,True
五,wǔ,five; 5,563.0,1.0,True
生命,shēng mìng,life (as the characteristic of living beings); living being; creature,564.0,4.0,True
有点,yǒu diǎn,a little,565.0,,True
靠,kào,to lean against or on; to stand by the side of; to come near to,566.0,,True
解决,jiě jué,"to solve; to resolve; to settle (a problem); to eliminate; to wipe out (an enemy, bandits etc)",567.0,3.0,True
办公室,bàn gōng shì,office; business premises; bureau,568.0,3.0,True
难道,nán dào,don't tell me ...; could it be that...?,569.0,4.0,True
作为,zuò wéi,one's conduct; deed; activity,570.0,5.0,True
奇怪,qí guài,strange; odd; to marvel,571.0,3.0,True
生,shēng,to grow; to give birth; to produce; to be born; to arise; to occur; to light (a fire),572.0,,True
由,yóu,to follow; from; because of; due to,573.0,4.0,True
男,nán,"male; baron, the lowest of the five ranks of nobility",574.0,,True
极了,jí le,extremely; exceedingly,575.0,,True
同意,tóng yì,to agree; to consent; to approve,576.0,3.0,True
如,rú,as; as if; such as,577.0,,True
游戏,yóu xì,game; to play,578.0,3.0,True
帮忙,bāng máng,to help; to lend a hand; to do a favor,579.0,3.0,True
指,zhǐ,finger; to point at or to; to indicate or refer to,580.0,4.0,True
危险,wēi xiǎn,danger; dangerous,581.0,4.0,True
讨厌,tǎo yàn,to dislike; to loathe; disagreeable,582.0,4.0,True
曾经,céng jīng,once; already; former,583.0,5.0,True
眼睛,yǎn jing,eye,584.0,2.0,True
外面,wài miàn,outside (also pr. [wai4 mian5] for this sense); surface; exterior,585.0,,True
处,chù,place; locality; part; aspect; office; department; bureau,586.0,,True
国家,guó jiā,country; nation; state,587.0,3.0,True
看上去,kàn shang qu,it would appear; it seems (that),588.0,,True
总统,zǒng tǒng,president (of a country),589.0,5.0,True
间,jiān,between; among; within a definite time or space,590.0,,True
伤害,shāng hài,to injure; to harm,591.0,,True
控制,kòng zhì,to control,592.0,5.0,True
最近,zuì jìn,recently; soon; nearest,593.0,3.0,True
声音,shēng yīn,voice; sound,594.0,3.0,True
糟,zāo,dregs; draff; pickled in wine,595.0,,True
快乐,kuài lè,happy; joyful,596.0,2.0,True
偷,tōu,to steal; to pilfer; to snatch,597.0,,True
首,shǒu,"head; chief; first (occasion, thing etc)",598.0,,True
可爱,kě ài,adorable; cute; lovely,599.0,3.0,True
进入,jìn rù,to enter; to join; to go into,600.0,,True
能够,néng gòu,to be capable of; to be able to; can,601.0,,True
事实上,shì shí shàng,in fact; in reality; actually,602.0,,True
哈,hā,ha!; onom. for laughter; to be infatuated with,603.0,5.0,True
醒,xǐng,to wake up; to be awake; to become aware,604.0,4.0,True
分,fēn,to divide; to separate; to distribute; to allocate; to distinguish (good and bad),605.0,3.0,True
完成,wán chéng,to complete; to accomplish,606.0,3.0,True
部,bù,ministry; department; section,607.0,,True
昨晚,zuó wǎn,yesterday evening; last night,608.0,,True
同,tóng,like; same; similar,609.0,,True
医院,yī yuàn,hospital,610.0,1.0,True
不行,bù xíng,won't do; be out of the question; be no good,611.0,,True
半,bàn,half; semi-; incomplete,612.0,3.0,True
而已,ér yǐ,that's all; nothing more,613.0,6.0,True
上面,shàng miàn,on top of; above-mentioned; also pr. [shang4 mian5],614.0,,True
样子,yàng zi,appearance; manner; pattern,615.0,4.0,True
少,shǎo,few; less; to lack,616.0,1.0,True
有趣,yǒu qù,interesting; fascinating; amusing,617.0,4.0,True
提,tí,to carry (hanging down from the hand); to lift; to put forward,618.0,5.0,True
没关系,méi guān xi,it doesn't matter,619.0,1.0,True
斯,sī,phonetic; this,620.0,,True
杰克,Jié kè,Jack (name),621.0,,True
真的,zhēn de,really; truly; indeed; real; true; genuine; proper,622.0,,True
部分,bù fen,part; share; section,623.0,4.0,True
要求,yāo qiú,to request; to require; requirement,624.0,3.0,True
糟糕,zāo gāo,too bad; how terrible; what bad luck,625.0,5.0,True
除了,chú le,besides; apart from (... also...); in addition to,626.0,3.0,True
容易,róng yì,easy; straightforward; likely; liable to; apt to,627.0,3.0,True
保持,bǎo chí,to keep; to maintain; to hold,628.0,5.0,True
虽然,suī rán,although; even though,629.0,3.0,True
办,bàn,"to take care of (a matter); to deal with (a task, procedure etc); to organize; to establish; to set up; to manage; to run (an enterprise); to handle; to investigate; to prosecute (a case or suspect)",630.0,,True
教,jiào,religion; teaching; to make,631.0,3.0,True
想到,xiǎng dào,to think of; to call to mind; to anticipate,632.0,,True
理解,lǐ jiě,to comprehend; to understand,633.0,4.0,True
证据,zhèng jù,evidence; proof; testimony,634.0,5.0,True
加,jiā,to add; plus; to increase; to augment,635.0,,True
脸,liǎn,face,636.0,3.0,True
简单,jiǎn dān,simple; not complicated,637.0,3.0,True
不同,bù tóng,different; distinct; not the same,638.0,,True
夫人,fū ren,lady; madam; Mrs.,639.0,6.0,True
父母,fù mǔ,father and mother; parents,640.0,,True
重,zhòng,heavy; serious; to attach importance to,641.0,5.0,True
恩,ēn,favor; grace; kindness; used like,642.0,,True
曾,céng,once; already; ever (in the past),643.0,,True
事实,shì shí,fact,644.0,5.0,True
飞机,fēi jī,airplane,645.0,1.0,True
家庭,jiā tíng,family; household,646.0,5.0,True
象,xiàng,elephant; shape; form,647.0,,True
装,zhuāng,adornment; to adorn; dress,648.0,5.0,True
秘密,mì mì,secret; private; confidential; clandestine; a secret,649.0,5.0,True
法,fǎ,law; method; way,650.0,,True
尸体,shī tǐ,dead body; corpse; carcass,651.0,6.0,True
打开,dǎ kāi,to open; to show (a ticket); to turn on,652.0,,True
季,jì,season; the last month of a season; fourth or youngest amongst brothers,653.0,,True
检查,jiǎn chá,inspection; to examine; to inspect,654.0,3.0,True
早上,zǎo shang,early morning,655.0,2.0,True
玩笑,wán xiào,to joke; joke; jest,656.0,,True
任务,rèn wu,mission; assignment; task; duty; role,657.0,4.0,True
现场,xiàn chǎng,"the scene (of a crime, accident etc); the spot; the site",658.0,6.0,True
使,shǐ,to make; to cause; to enable,659.0,3.0,True
转,zhuǎn,to turn; to change direction; to transfer,660.0,,True
博士,bó shì,doctor; court academician (in feudal China); Ph.D.,661.0,4.0,True
直到,zhí dào,until,662.0,,True
紧张,jǐn zhāng,nervous; keyed up; intense,663.0,4.0,True
二,èr,two; 2; stupid,664.0,1.0,True
简直,jiǎn zhí,simply; really,665.0,5.0,True
放弃,fàng qì,to renounce; to abandon; to give up,666.0,4.0,True
小子,xiǎo zi,boy; joker; guy,667.0,,True
电视,diàn shì,television; TV,668.0,1.0,True
强,qiáng,strong; powerful; better,669.0,,True
不好意思,bù hǎo yì si,to feel embarrassed; to find it embarrassing; to be sorry (for inconveniencing sb),670.0,5.0,True
大概,dà gài,roughly; probably; rough,671.0,4.0,True
的确,dí què,really; indeed,672.0,5.0,True
特,tè,special; unique; distinguished,673.0,,True
药,yào,leaf of the iris; medicine; drug,674.0,2.0,True
回到,huí dào,to return to,675.0,,True
男孩,nán hái,boy,676.0,,True
音乐,yīn yuè,music,677.0,3.0,True
身体,shēn tǐ,the body; one's health; in person,678.0,2.0,True
血,xuè,blood; colloquial pr. [xiě],679.0,4.0,True
留下,liú xià,to leave behind; to stay behind; to remain,680.0,,True
方式,fāng shì,way; manner; style; mode; pattern,681.0,5.0,True
伤,shāng,to injure; injury; wound,682.0,,True
怪,guài,odd; strange; uncanny; monster; supernatural being; to find strange; to regard as odd,683.0,,True
美元,měi yuán,American dollar; US dollar,684.0,,True
监狱,jiān yù,prison,685.0,6.0,True
读,dú,to read out; to read aloud; to read; to attend (school); to study (a subject in school),686.0,1.0,True
这边,zhè biān,this side; here,687.0,,True
重新,chóng xīn,again; once more; re-,688.0,4.0,True
瞧,qiáo,to look at; to see; to see (a doctor),689.0,5.0,True
疯狂,fēng kuáng,crazy; frenzied; wild,690.0,5.0,True
收到,shōu dào,to receive,691.0,,True
其中,qí zhōng,among; in; included among these,692.0,4.0,True
片,piàn,thin piece; flake; a slice,693.0,5.0,True
想法,xiǎng fǎ,way of thinking; opinion; notion; to think of a way (to do sth),694.0,,True
纽约,Niǔ yuē,New York,695.0,,True
家里,jiā lǐ,home,696.0,,True
黑,hēi,black; dark; sinister,697.0,2.0,True
身,shēn,body; life; oneself,698.0,,True
作,zuò,to do; to engage in; to write; to compose; to pretend; to feign,700.0,,True
后面,hòu mian,the back; the rear; the last bit; behind; near the end; at the back; later; afterwards,701.0,1.0,True
性,xìng,nature; character; property,702.0,,True
带来,dài lái,to bring; to bring about; to produce,703.0,,True
昨天,zuó tiān,yesterday,704.0,1.0,True
不好,bù hǎo,no good,705.0,,True
抓住,zhuā zhù,to grab hold of; to capture,706.0,,True
记录,jì lù,to record; record (written account); note-taker,707.0,5.0,True
点儿,diǎn r,erhua variant of,708.0,,True
老兄,lǎo xiōng,elder brother (often used self-referentially); old chap; buddy,709.0,,True
来自,lái zì,to come from (a place); From: (in email header),710.0,5.0,True
越,yuè,to exceed; to climb over; to surpass,711.0,3.0,True
大学,dà xué,university; college,712.0,,True
照顾,zhào gu,to take care of; to show consideration; to attend to,713.0,3.0,True
太太,tài tai,married woman; Mrs.; Madam,714.0,5.0,True
聪明,cōng ming,intelligent; clever; bright,715.0,3.0,True
本来,běn lái,original; originally; at first,716.0,4.0,True
加油,jiā yóu,to add oil; to top up with gas; to refuel; to accelerate; to step on the gas; to make an extra effort; to cheer sb on,717.0,,True
实际上,shí jì shàng,in fact; in reality; as a matter of fact,718.0,,True
甜,tián,sweet,719.0,3.0,True
怕,pà,to be afraid; to fear; to dread,720.0,,True
多久,duō jiǔ,how long?; a long time,721.0,,True
并且,bìng qiě,and; besides; moreover,722.0,4.0,True
直接,zhí jiē,direct; immediate; straightforward,723.0,4.0,True
对于,duì yú,regarding; as far as (sth) is concerned; with regard to,724.0,5.0,True
记,jì,to record; to note; to memorize,725.0,,True
突然,tū rán,sudden; abrupt; unexpected,726.0,3.0,True
啥,shá,dialectal equivalent of; also pr. [shà],727.0,6.0,True
开枪,kāi qiāng,to open fire; to shoot a gun,728.0,,True
声,shēng,sound; voice; tone,729.0,,True
除非,chú fēi,"only if (..., or otherwise, ...); only when; only in the case that",730.0,5.0,True
集,jí,to gather; to collect; collected works,731.0,,True
店,diàn,inn; old-style hotel (; shop; store,732.0,,True
酷,kù,ruthless; strong (e.g. of wine); cool,733.0,,True
正常,zhèng cháng,regular; normal; ordinary,734.0,4.0,True
死亡,sǐ wáng,to die; death,735.0,6.0,True
终于,zhōng yú,at last; in the end; finally,736.0,3.0,True
拥有,yōng yǒu,to have; to possess,737.0,6.0,True
警,jǐng,to alert; to warn; police,738.0,,True
船,chuán,boat; vessel; ship,739.0,2.0,True
付,fù,to pay; to hand over to; classifier for pairs or sets of things,740.0,,True
派对,pài duì,party,741.0,,True
遍,biàn,everywhere; all over; classifier for actions: one time,742.0,4.0,True
步,bù,a step; a pace; walk,743.0,,True
不再,bù zài,no more; no longer,744.0,,True
鬼,guǐ,disembodied spirit; ghost; devil; person with a certain vice or addiction etc; sly; crafty; resourceful,745.0,,True
咖啡,kā fēi,coffee (loanword),746.0,2.0,True
傻,shǎ,foolish,747.0,5.0,True
阻止,zǔ zhǐ,to prevent; to block,748.0,5.0,True
想象,xiǎng xiàng,to imagine; to envision; imagination,749.0,5.0,True
冷静,lěng jìng,calm; cool-headed; dispassionate; deserted; quiet,750.0,4.0,True
方法,fāng fǎ,method; way; means,751.0,4.0,True
犯,fàn,to violate; to offend; to assault,752.0,,True
扔,rēng,to throw; to throw away,753.0,4.0,True
祝,zhù,"to pray for; to wish (sb bon voyage, happy birthday etc); person who invokes the spirits during sacrificial ceremonies",754.0,3.0,True
能力,néng lì,capability; ability,755.0,4.0,True
完美,wán měi,perfect,756.0,5.0,True
克,kè,to be able to; to subdue; to restrain,757.0,5.0,True
口,kǒu,"mouth; classifier for things with mouths (people, domestic animals, cannons, wells etc); classifier for bites or mouthfuls",758.0,3.0,True
目标,mù biāo,target; goal; objective,759.0,5.0,True
耶,ye,final particle indicating enthusiasm etc,760.0,,True
日,rì,"sun; day; date, day of the month",761.0,1.0,True
有关,yǒu guān,to have sth to do with; to relate to; related to,762.0,,True
精神,jīng shén,spirit; mind; consciousness,763.0,4.0,True
另外,lìng wài,additional; in addition; besides,764.0,4.0,True
放松,fàng sōng,to relax; to slacken; to loosen,765.0,5.0,True
丢,diū,to lose; to put aside; to throw,766.0,4.0,True
休息,xiū xi,rest; to rest,767.0,2.0,True
每天,měi tiān,every day,768.0,,True
回答,huí dá,to reply; to answer; reply; answer,769.0,2.0,True
凶手,xiōng shǒu,murderer; assassin,770.0,6.0,True
负责,fù zé,to be in charge of; to take responsibility for; to be to blame,771.0,4.0,True
命,mìng,life; fate; order or command,772.0,,True
外,wài,outside; in addition; foreign,773.0,2.0,True
碰,pèng,to touch; to meet with; to bump,774.0,,True
介意,jiè yì,to care about; to take offense; to mind,775.0,,True
梦,mèng,dream; to dream,776.0,4.0,True
那天,nà tiān,that day; the other day,778.0,,True
系统,xì tǒng,system,779.0,5.0,True
睡觉,shuì jiào,to go to bed; to sleep,780.0,1.0,True
滚,gǔn,to boil; to roll; to take a hike,781.0,5.0,True
谋杀,móu shā,to murder; to assassinate; intentional homicide,782.0,,True
礼物,lǐ wù,gift; present,783.0,3.0,True
那种,nà zhǒng,that kind of,784.0,,True
戴,dài,"to put on or wear (glasses, hat, gloves etc); to respect; to bear",785.0,4.0,True
各位,gè wèi,"everybody; all (guests, colleagues etc); all of you",786.0,,True
错误,cuò wù,mistaken; false; wrong; error; mistake,787.0,5.0,True
子,zi,noun suffix,788.0,,True
随便,suí biàn,as one wishes; as one pleases; at random,789.0,4.0,True
头发,tóu fa,hair (on the head),790.0,3.0,True
藏,cáng,to conceal; to hide away; to harbor,791.0,,True
关心,guān xīn,to be concerned about; to care about,792.0,3.0,True
底,dǐ,background; bottom; base,793.0,4.0,True
干吗,gàn má,variant of 幹嘛|干嘛[gan4 ma2],794.0,,True
兴趣,xìng qù,interest (desire to know about sth); interest (thing in which one is interested); hobby,795.0,3.0,True
情,qíng,feelings; emotion; sentiment; passion; situation; condition,796.0,,True
报告,bào gào,to inform; to report; to make known,797.0,5.0,True
从没,cóng méi,never (in the past); never did,798.0,,True
替,tì,to substitute for; to take the place of; to replace,799.0,,True
面,miàn,face; side; surface,800.0,,True
经历,jīng lì,experience; to experience; to go through,801.0,4.0,True
六,liù,six; 6,802.0,1.0,True
飞,fēi,to fly,803.0,,True
老师,lǎo shī,teacher,804.0,1.0,True
气,qì,gas; air; smell; weather,805.0,,True
不用,bù yòng,need not,806.0,,True
小孩,xiǎo hái,child,807.0,,True
人类,rén lèi,humanity; human race; mankind,808.0,5.0,True
冲,chōng,to dash against; to mix with water; to infuse,809.0,5.0,True
自由,zì yóu,freedom; liberty; free; unrestricted,810.0,5.0,True
支持,zhī chí,to be in favor of; to support; to back,811.0,4.0,True
星期,xīng qī,week; day of the week; Sunday,812.0,1.0,True
脚,jiǎo,foot; leg (of an animal or an object); base (of an object),813.0,3.0,True
毁,huǐ,to destroy; to ruin; to defame; to slander; to destroy by fire,815.0,,True
生气,shēng qì,to get angry; to take offense; angry,816.0,3.0,True
建议,jiàn yì,to propose; to suggest; to recommend; proposal; suggestion; recommendation,817.0,5.0,True
做到,zuò dào,to accomplish; to achieve,818.0,,True
套,tào,to cover; to encase; cover,819.0,5.0,True
哭,kū,to cry; to weep,820.0,3.0,True
屁股,pì gu,buttocks; bottom; butt,821.0,6.0,True
生日,shēng rì,birthday,822.0,2.0,True
晚安,wǎn ān,Good night!; Good evening!,823.0,,True
否则,fǒu zé,otherwise; if not; or (else),824.0,4.0,True
画,huà,to draw; to paint; picture; painting; to draw (a line),825.0,3.0,True
病,bìng,illness; disease; to fall ill,826.0,,True
线,xiàn,thread; string; wire,827.0,,True
光,guāng,light; ray; bright; shiny; only; merely,828.0,4.0,True
安排,ān pái,to arrange; to plan; to set up,829.0,4.0,True
神,shén,god; deity; supernatural; magical; mysterious; spirit; mind; energy,830.0,,True
年轻,nián qīng,young,831.0,3.0,True
操,cāo,to grasp; to hold; to operate,832.0,,True
下面,xià miàn,below; under; next,833.0,,True
姑娘,gū niang,girl; young woman; young lady,834.0,5.0,True
道,dào,road; path (; way; reason; principle; a skill; an art; a specialization,835.0,,True
按,àn,to press; to push; to leave aside or shelve,836.0,,True
钥匙,yào shi,key,837.0,4.0,True
法官,fǎ guān,judge (in court),838.0,,True
包,bāo,to cover; to wrap; to hold,839.0,3.0,True
腿,tuǐ,leg; hip bone,840.0,3.0,True
自,zì,self; oneself; from; since; naturally; as a matter of course,841.0,,True
选手,xuǎn shǒu,athlete; contestant,842.0,6.0,True
信息,xìn xī,information; news; message,843.0,5.0,True
整,zhěng,whole; complete; entire; (before a measure word) whole; (before or after number; in good order; tidy; neat; to put in order; to straighten,844.0,,True
投票,tóu piào,to vote; vote,845.0,6.0,True
哥哥,gē ge,older brother,846.0,2.0,True
手术,shǒu shù,operation; surgery,847.0,5.0,True
必要,bì yào,necessary; essential; indispensable,848.0,5.0,True
身边,shēn biān,at one's side; on hand,849.0,,True
知,zhī,to know; to be aware,850.0,,True
票,piào,ticket; ballot; banknote,852.0,2.0,True
撒谎,sā huǎng,to tell lies,853.0,6.0,True
武器,wǔ qì,weapon; arms,854.0,5.0,True
痛苦,tòng kǔ,pain; suffering; painful,855.0,5.0,True
全部,quán bù,whole; all,856.0,4.0,True
手机,shǒu jī,cell phone; mobile phone,857.0,2.0,True
忘记,wàng jì,to forget,858.0,3.0,True
存在,cún zài,to exist; to be; existence,859.0,5.0,True
首先,shǒu xiān,first (of all); in the first place,860.0,4.0,True
组,zǔ,to form; to organize; group,861.0,6.0,True
照,zhào,to shine; to illuminate; according to,862.0,,True
交,jiāo,to hand over; to deliver; to pay (money),863.0,4.0,True
以及,yǐ jí,as well as; too; and,864.0,5.0,True
十,shí,ten; 10,865.0,1.0,True
台,tái,you (in letters); desk; table; counter; platform,866.0,4.0,True
搬,bān,to move (i.e. relocate oneself); to move (sth relatively heavy or bulky); to shift,867.0,3.0,True
个人,gè rén,individual; personal; oneself,868.0,5.0,True
代表,dài biǎo,representative; delegate; to represent,869.0,4.0,True
坚持,jiān chí,to persevere with; to persist in; to insist on,870.0,4.0,True
意义,yì yì,sense; meaning; significance,871.0,5.0,True
楼,lóu,house with more than 1 story; storied building; floor,872.0,3.0,True
承认,chéng rèn,to admit; to concede; to recognize,873.0,5.0,True
发誓,fā shì,to vow; to pledge; to swear,874.0,6.0,True
理由,lǐ yóu,reason; grounds; justification,875.0,5.0,True
显然,xiǎn rán,clearly; evidently; obviously,876.0,5.0,True
局,jú,narrow; office; situation,877.0,,True
政府,zhèng fǔ,government,878.0,5.0,True
生意,shēng yi,business,880.0,,True
眼,yǎn,eye (; a look; a glance; small hole,881.0,,True
火,huǒ,fire; urgent; ammunition,882.0,4.0,True
遇到,yù dào,to meet; to run into; to come across,883.0,3.0,True
猫,māo,cat; to hide oneself; modem,884.0,1.0,True
即使,jí shǐ,even if; even though,885.0,4.0,True
记住,jì zhu,to remember; to bear in mind; to learn by heart,886.0,,True
到处,dào chù,everywhere,887.0,4.0,True
幸运,xìng yùn,fortunate; lucky; fortune,888.0,5.0,True
卡,kǎ,(loanword) card; to stop; to block,889.0,,True
洗,xǐ,to wash; to bathe; to develop (photographs); to shuffle (cards etc),890.0,2.0,True
那时,nà shí,then; at that time; in those days,891.0,,True
干什么,gàn shén me,what are you doing?; what's he up to?,892.0,,True
事儿,shì r,one's employment; business; matter that needs to be settled,893.0,,True
混,hùn,to mix; to mingle; muddled,894.0,,True
犯罪,fàn zuì,to commit a crime; crime; offense,895.0,,True
挂,guà,to hang or suspend (from a hook etc); to hang up (the phone); to be dead,896.0,4.0,True
跳舞,tiào wǔ,to dance,897.0,2.0,True
白痴,bái chī,idiocy; idiot,898.0,,True
信任,xìn rèn,to trust; to have confidence in,899.0,4.0,True
新闻,xīn wén,news,900.0,3.0,True
未来,wèi lái,future; tomorrow; approaching,901.0,5.0,True
道歉,dào qiàn,to apologize,902.0,4.0,True
可怜,kě lián,pitiful; pathetic; to have pity on,903.0,4.0,True
实在,shí zài,really; actually; indeed,904.0,4.0,True
骗,piàn,to cheat; to swindle; to deceive,905.0,4.0,True
加入,jiā rù,to become a member; to join; to mix into,906.0,,True
病人,bìng rén,sick person; patient; invalid,907.0,,True
案,àn,case; incident; record,908.0,,True
根,gēn,root; basis; radical (chemistry),909.0,5.0,True
吓,xià,to frighten; to scare,910.0,5.0,True
治疗,zhì liáo,to treat (an illness); medical treatment; therapy,911.0,5.0,True
原谅,yuán liàng,to excuse; to forgive; to pardon,912.0,4.0,True
行为,xíng wéi,action; conduct; behavior,913.0,5.0,True
比较,bǐ jiào,to compare; to contrast; comparatively,914.0,3.0,True
边,biān,side; edge; margin,915.0,,True
双,shuāng,two; double; pair,916.0,3.0,True
婚礼,hūn lǐ,wedding ceremony; wedding,917.0,5.0,True
弟弟,dì di,younger brother,918.0,2.0,True
组织,zǔ zhī,to organize; organization; tissue,919.0,4.0,True
见面,jiàn miàn,to meet; to see each other,921.0,3.0,True
经常,jīng cháng,frequently; constantly; regularly; often; day-to-day; everyday; daily,922.0,3.0,True
城市,chéng shì,city; town,923.0,3.0,True
老板,lǎo bǎn,boss; business proprietor,924.0,5.0,True
合作,hé zuò,to cooperate; to collaborate; to work together,925.0,5.0,True
来到,lái dào,to arrive; to come,926.0,,True
一会儿,yī huì r,a moment; a while; in a moment,927.0,3.0,True
乱,luàn,in confusion or disorder; in a confused state of mind; disorder,928.0,4.0,True
词,cí,"word; statement; speech; lyrics; a form of lyric poetry, flourishing in the Song dynasty",929.0,,True
尔,ěr,thus; so; like that,930.0,,True
超,chāo,to exceed; to overtake; to surpass,931.0,,True
差不多,chà bu duō,almost; nearly; more or less,932.0,4.0,True
支,zhī,to support; to sustain; to erect,933.0,5.0,True
老婆,lǎo pó,wife,934.0,,True
中心,zhōng xīn,center; heart; core,935.0,5.0,True
可怕,kě pà,awful; dreadful; fearful,936.0,5.0,True
笔,bǐ,"writing brush; writing implement (pen, pencil etc) (; brushstroke; stroke (in painting or calligraphy); style of writing; literary manner; technique of brushwork",937.0,,True
满,mǎn,to fill; full; filled,938.0,4.0,True
假,jiǎ,fake; false; artificial,939.0,4.0,True
明显,míng xiǎn,clear; distinct; obvious,940.0,5.0,True
研究,yán jiū,research; a study; to research,941.0,,True
意识,yì shí,consciousness; awareness; to be aware,942.0,6.0,True
附近,fù jìn,nearby; neighboring; vicinity (of); neighborhood,943.0,3.0,True
同性恋,tóng xìng liàn,homosexuality; gay person; gay love,944.0,,True
打扰,dǎ rǎo,to disturb; to bother; to trouble,945.0,4.0,True
好运,hǎo yùn,good luck,946.0,,True
线索,xiàn suǒ,trail; clues; thread (of a story),947.0,6.0,True
面前,miàn qián,in front of; facing; presence (of),948.0,,True
消失,xiāo shī,to disappear; to fade away,949.0,5.0,True
妹妹,mèi mei,younger sister; young woman,950.0,2.0,True
正确,zhèng què,correct; sound; right; proper,951.0,4.0,True
位置,wèi zhi,position; place; seat,952.0,5.0,True
答应,dā ying,to answer; to respond; to answer positively; to agree; to accept; to promise,953.0,5.0,True
收,shōu,to receive; to accept; to collect,954.0,4.0,True
砸,zá,to smash; to pound; to fail,955.0,6.0,True
街,jiē,street,956.0,,True
电脑,diàn nǎo,computer,957.0,1.0,True
区,qū,area; region; district,958.0,,True
撞,zhuàng,to knock against; to bump into; to run into,959.0,4.0,True
借,jiè,to lend; to borrow; by means of,960.0,3.0,True
秒,miǎo,second (unit of time); arc second (angular measurement unit); instantly,961.0,5.0,True
似乎,sì hū,it seems; seemingly; as if,962.0,5.0,True
放下,fàng xià,to lay down; to put down; to let go of; to relinquish; to set aside; to lower (the blinds etc),963.0,,True
力量,lì liang,power; force; strength,964.0,5.0,True
命令,mìng lìng,order; command,965.0,5.0,True
同时,tóng shí,at the same time; simultaneously,966.0,5.0,True
提供,tí gōng,to offer; to supply; to provide,967.0,4.0,True
威胁,wēi xié,to threaten; to menace,968.0,5.0,True
输,shū,to lose; to be beaten; to transport; to donate; to contribute,969.0,4.0,True
号码,hào mǎ,number,970.0,4.0,True
日子,rì zi,day; a (calendar) date; days of one's life,971.0,,True
座,zuò,seat; base; stand,972.0,4.0,True
比如,bǐ rú,for example; for instance; such as,973.0,5.0,True
哪个,nǎ ge,which; who,974.0,,True
剩下,shèng xià,to remain; to be left over,975.0,,True
严重,yán zhòng,grave; serious; severe,976.0,4.0,True
感,gǎn,to feel; to move; to touch,977.0,,True
享受,xiǎng shòu,to enjoy; to live it up; pleasure,978.0,5.0,True
战争,zhàn zhēng,war; conflict,979.0,5.0,True
恭喜,gōng xǐ,to congratulate; congratulations!,980.0,,True
杀死,shā sǐ,to kill,981.0,,True
其,qí,his; her; its,982.0,,True
影响,yǐng xiǎng,influence; effect; to influence,983.0,3.0,True
利用,lì yòng,to exploit; to make use of; to use,984.0,5.0,True
恨,hèn,to hate; to regret,985.0,5.0,True
杀人,shā rén,homicide; to murder; to kill (a person),986.0,,True
脱,tuō,to shed; to take off; to escape,987.0,4.0,True
陪,péi,to accompany; to keep sb company; to assist,988.0,4.0,True
失踪,shī zōng,to be missing; to disappear; unaccounted for,989.0,6.0,True
认真,rèn zhēn,conscientious; earnest; serious,990.0,3.0,True
真相,zhēn xiàng,the truth about sth; the actual facts,991.0,6.0,True
法律,fǎ lǜ,law,992.0,4.0,True
训练,xùn liàn,to train; to drill; training,993.0,5.0,True
米,mǐ,rice; meter (classifier),994.0,3.0,True
值得,zhí de,to be worth; to deserve,995.0,4.0,True
阿,ā,"prefix used before monosyllabic names, kinship terms etc to indicate familiarity; Afghanistan; Albania",996.0,,True
主,zhǔ,owner; master; host,997.0,,True
有意思,yǒu yì si,interesting; meaningful; enjoyable,998.0,,True
热,rè,to warm up; to heat up; hot (of weather),999.0,1.0,True
使用,shǐ yòng,to use; to employ; to apply,1000.0,4.0,True
差,chà,different; wrong; mistaken; to fall short; to lack,1001.0,3.0,True
方面,fāng miàn,respect; aspect; field,1002.0,4.0,True
银行,yín háng,bank,1003.0,3.0,True
恐怖,kǒng bù,terrible; frightful; frightening,1004.0,5.0,True
尽,jǐn,to the greatest extent; furthest or extreme; to be within the limits of,1005.0,,True
原来,yuán lái,original; former; originally,1006.0,4.0,True
警官,jǐng guān,constable; police officer,1007.0,,True
性感,xìng gǎn,sex appeal; eroticism; sexuality,1008.0,6.0,True
自杀,zì shā,to kill oneself; to commit suicide; to attempt suicide,1009.0,,True
酒吧,jiǔ bā,bar; pub; saloon,1010.0,5.0,True
讨论,tǎo lùn,to discuss; to talk over,1011.0,4.0,True
同样,tóng yàng,same; equal; similar; similarly; also; too,1012.0,,True
身份,shēn fèn,"identity; aspect of one's identity (i.e. sth that one is – mayor, father, permanent; role",1013.0,5.0,True
说明,shuō míng,to explain; to illustrate; to indicate,1014.0,4.0,True
什么样,shén me yàng,what kind?; what sort?,1015.0,,True
安静,ān jìng,quiet; peaceful; calm,1016.0,3.0,True
岛,dǎo,island,1017.0,5.0,True
模特,mó tè,model (loanword),1018.0,,True
多么,duō me,how (wonderful etc); what (a great idea etc); however (difficult it may be etc),1019.0,3.0,True
足够,zú gòu,enough; sufficient,1020.0,,True
饿,è,to be hungry; hungry; to starve (sb),1021.0,3.0,True
学生,xué sheng,student; schoolchild,1022.0,1.0,True
红,hóng,red; popular; revolutionary,1023.0,2.0,True
鸡,jī,fowl; chicken; prostitute,1024.0,,True
养,yǎng,to raise (animals); to bring up (children); to keep (pets),1025.0,,True
下午,xià wǔ,afternoon; p.m.,1026.0,1.0,True
仍然,réng rán,still; as before; yet,1027.0,4.0,True
一旦,yī dàn,"in case (sth happens); if; once (sth happens, then...)",1028.0,5.0,True
追,zhuī,to chase; to pursue; to look into,1029.0,,True
动作,dòng zuò,movement; motion; action; to act; to move,1030.0,4.0,True
谢,xiè,to thank; to apologize; to decline; to refuse,1031.0,,True
意味着,yì wèi zhe,to signify; to mean; to imply,1032.0,6.0,True
受到,shòu dào,"to receive (praise, an education, punishment etc); to be ...ed (praised, educated, punished etc)",1033.0,4.0,True
群,qún,"group; crowd; flock, herd, pack etc",1034.0,4.0,True
之一,zhī yī,"one of (sth); one out of a multitude; one (third, quarter, percent etc)",1035.0,,True
因,yīn,cause; reason; because,1036.0,,True
约,yuē,to make an appointment; to invite; approximately,1037.0,,True
赶,gǎn,to overtake; to catch up with; to hurry; to rush; to try to catch (the bus etc),1039.0,,True
面对,miàn duì,to face; to confront,1040.0,5.0,True
怀疑,huái yí,to doubt (sth); to be skeptical of; to have one's doubts,1041.0,4.0,True
慢,màn,slow,1042.0,2.0,True
居然,jū rán,unexpectedly; to one's surprise; go so far as to,1043.0,5.0,True
就要,jiù yào,will; shall; to be going to,1044.0,,True
拒绝,jù jué,to refuse; to decline; to reject,1045.0,4.0,True
家人,jiā rén,family member; servant,1046.0,,True
雷,léi,thunder; mine; to shock; to stun; to astound,1047.0,5.0,True
演员,yǎn yuán,actor or actress; performer,1048.0,4.0,True
烧,shāo,"to burn; to set on fire; to heat (over a fire); to boil (water, tea etc); to braise",1049.0,,True
真实,zhēn shí,true; real,1050.0,5.0,True
交易,jiāo yì,to deal; to trade; to transact; transaction; deal,1051.0,6.0,True
破,pò,broken; damaged; worn out,1052.0,4.0,True
停止,tíng zhǐ,to stop; to halt; to cease,1053.0,4.0,True
人生,rén shēng,life (one's time on earth),1054.0,5.0,True
清,qīng,clear; clean; quiet; still; pure; uncorrupted,1055.0,,True
因此,yīn cǐ,thus; consequently; as a result,1056.0,4.0,True
恶心,ě xīn,nausea; to feel sick; disgust,1057.0,6.0,True
受伤,shòu shāng,to sustain injuries; wounded (in an accident etc); harmed,1058.0,5.0,True
夜,yè,night,1059.0,5.0,True
婊子,biǎo zi,prostitute; whore,1060.0,,True
属于,shǔ yú,to be classified as; to belong to; to be part of,1061.0,5.0,True
舞蹈,wǔ dǎo,dance (performance art); dancing,1062.0,6.0,True
根据,gēn jù,according to; based on; basis,1063.0,3.0,True
几乎,jī hū,almost; nearly; practically,1064.0,3.0,True
算是,suàn shì,considered to be; at last,1065.0,,True
演,yǎn,to perform (a play etc); to stage (a show); to develop; to play out; to carry out (a task),1066.0,,True
尼,ní,Buddhist nun; often used in phonetic spellings,1067.0,,True
答案,dá àn,answer; solution,1068.0,4.0,True
出色,chū sè,remarkable; outstanding,1069.0,5.0,True
目前,mù qián,at the present time; currently,1070.0,5.0,True
活动,huó dòng,to exercise; to move about; to operate,1071.0,4.0,True
锁,suǒ,to lock; to lock up; a lock,1072.0,5.0,True
梦想,mèng xiǎng,to dream of; dream,1073.0,6.0,True
最终,zuì zhōng,final; ultimate,1074.0,,True
大人,dà ren,adult; grownup; title of respect toward superiors,1075.0,,True
再次,zài cì,once more; once again,1076.0,,True
既然,jì rán,since; as; this being the case,1077.0,4.0,True
人员,rén yuán,staff; crew; personnel,1078.0,5.0,True
英雄,yīng xióng,hero,1079.0,5.0,True
坐下,zuò xia,to sit down,1080.0,,True
感受,gǎn shòu,to sense; perception; to feel (through the senses),1081.0,5.0,True
副,fù,secondary; auxiliary; deputy,1082.0,6.0,True
事件,shì jiàn,event; happening; incident,1083.0,6.0,True
吻,wěn,kiss; to kiss; mouth,1084.0,5.0,True
罪,zuì,guilt; crime; fault,1085.0,,True
逃,táo,to escape; to run away; to flee,1086.0,5.0,True
通知,tōng zhī,to notify; to inform; notice,1087.0,4.0,True
不得不,bù dé bù,have no choice or option but to; cannot but; have to,1088.0,4.0,True
无论,wú lùn,no matter what or how; regardless of whether...,1089.0,4.0,True
放开,fàng kāi,to let go; to release,1090.0,,True
刀,dāo,knife; blade; single-edged sword,1091.0,4.0,True
后来,hòu lái,afterwards; later; newly arrived,1092.0,4.0,True
愿,yuàn,honest and prudent; wish; hope; desire; to be willing,1093.0,,True
适合,shì hé,to fit; to suit,1094.0,4.0,True
允许,yǔn xǔ,to permit; to allow,1095.0,4.0,True
失望,shī wàng,disappointed; to lose hope; to despair,1096.0,4.0,True
意见,yì jiàn,idea; opinion; suggestion,1097.0,4.0,True
获得,huò dé,to obtain; to receive; to get,1098.0,4.0,True
要是,yào shi,if,1099.0,5.0,True
近,jìn,near; close to; approximately,1100.0,2.0,True
数,shù,number; figure; several; a few,1101.0,6.0,True
公寓,gōng yù,apartment building; block of flats,1102.0,5.0,True
文件,wén jiàn,document; file,1103.0,5.0,True
只能,zhǐ néng,can only; obliged to do sth; to have no other choice,1104.0,,True
白,bái,white; snowy; pure,1105.0,2.0,True
寻找,xún zhǎo,to seek; to look for,1106.0,5.0,True
攻击,gōng jī,to attack; to accuse; to charge,1107.0,6.0,True
烂,làn,soft; mushy; well-cooked and soft; to rot; to decompose,1108.0,5.0,True
不然,bù rán,not so; no; or else,1109.0,5.0,True
邀请,yāo qǐng,to invite; invitation,1110.0,4.0,True
尽管,jǐn guǎn,despite; although; even though,1111.0,4.0,True
姐姐,jiě jie,older sister,1112.0,2.0,True
浪费,làng fèi,to waste; to squander,1113.0,4.0,True
多谢,duō xiè,many thanks; thanks a lot,1114.0,,True
女朋友,nǚ péng you,girlfriend,1115.0,,True
动物,dòng wù,animal,1116.0,3.0,True
一半,yī bàn,half,1117.0,,True
躲,duǒ,to hide; to dodge; to avoid,1119.0,,True
为何,wèi hé,why,1120.0,,True
要么,yào me,or; either one or the other,1121.0,,True
逼,bī,to compel; to pressure; to force (sb to do sth),1122.0,,True
欠,qiàn,to owe; to lack; to be deficient in,1123.0,5.0,True
轮,lún,wheel; disk; ring; steamship; to take turns; to rotate,1124.0,,True
试图,shì tú,to attempt; to try,1125.0,6.0,True
反应,fǎn yìng,to react; to respond; reaction,1126.0,5.0,True
西,xī,west,1127.0,3.0,True
一边,yī biān,one side; either side; on the one hand,1128.0,3.0,True
听见,tīng jiàn,to hear,1129.0,,True
舒服,shū fu,comfortable; feeling well,1130.0,3.0,True
失败,shī bài,to be defeated; to lose; to fail (e.g. experiments),1131.0,4.0,True
通,tōng,to go through; to know well; expert,1132.0,,True
有时,yǒu shí,sometimes; now and then,1133.0,,True
一般,yī bān,same; ordinary; so-so,1134.0,3.0,True
蛋,dàn,egg; oval-shaped thing,1135.0,,True
介绍,jiè shào,to introduce (sb to sb); to give a presentation; to present (sb for a job etc),1136.0,2.0,True
意外,yì wài,unexpected; accident; mishap,1137.0,5.0,True
字,zì,letter; symbol; character,1138.0,1.0,True
入,rù,to enter; to go into; to join; to become a member of; to conform to,1139.0,,True
责任,zé rèn,responsibility; blame; duty,1140.0,4.0,True
食物,shí wù,food,1141.0,5.0,True
洛杉矶,Luò shān jī,"Los Angeles, California",1142.0,,True
遗憾,yí hàn,regret; to regret; to be sorry that,1143.0,5.0,True
反正,fǎn zhèng,anyway; in any case; to come over from the enemy's side,1144.0,5.0,True
杀手,shā shǒu,killer; murderer; hit man,1145.0,,True
设计,shè jì,to design; to plan; design; plan,1146.0,5.0,True
封,fēng,to confer; to grant; to bestow a title,1147.0,,True
赢得,yíng dé,to win; to gain,1148.0,,True
正是,zhèng shì,is precisely,1149.0,,True
证人,zhèng rén,witness,1150.0,,True
美丽,měi lì,beautiful,1151.0,4.0,True
压力,yā lì,pressure,1152.0,4.0,True
味道,wèi dao,flavor; taste; feeling (of ...); sense (of ...); hint (of ...); interest; delight,1153.0,4.0,True
淘汰,táo tài,to wash out; to cull; to weed out,1154.0,6.0,True
鱼,yú,fish,1155.0,2.0,True
厉害,lì hai,terrible; intense; severe,1156.0,4.0,True
射,shè,to shoot; to launch; to allude to,1157.0,,True
室,shì,room; work unit; grave,1158.0,,True
醉,zuì,intoxicated,1159.0,5.0,True
蠢,chǔn,stupid; sluggish; clumsy,1160.0,,True
未,wèi,not yet; did not; have not,1161.0,,True
德,dé,virtue; goodness; morality,1162.0,,True
私人,sī rén,private; personal; interpersonal,1163.0,5.0,True
某,mǒu,some; a certain; sb or sth indefinite,1164.0,5.0,True
出发,chū fā,to set off; to start (on a journey),1165.0,4.0,True
伟大,wěi dà,huge; great; grand; worthy of the greatest admiration; important (contribution,1166.0,5.0,True
兴奋,xīng fèn,excited; excitement; excitation,1167.0,4.0,True
观众,guān zhòng,spectators; audience; visitors (to an exhibition etc),1168.0,4.0,True
臭,chòu,stench; smelly; to smell (bad),1169.0,5.0,True
达,dá,to attain; to reach; to amount to,1170.0,,True
自从,zì cóng,since (a time); ever since,1171.0,5.0,True
钟,zhōng,handleless cup; goblet; to concentrate,1172.0,5.0,True
子弹,zǐ dàn,bullet,1173.0,6.0,True
垃圾,lā jī,trash; refuse; garbage,1174.0,,True
叔叔,shū shu,father's younger brother; uncle; Taiwan pr. [shú shu],1175.0,3.0,True
男朋友,nán péng you,boyfriend,1176.0,,True
疼,téng,hurts; sore; to love dearly,1177.0,3.0,True
毒品,dú pǐn,drugs; narcotics; poison,1178.0,6.0,True
签,qiān,to sign one's name; to write brief comments on a document; inscribed bamboo stick,1179.0,,True
不必,bù bì,need not; does not have to; not necessarily,1180.0,5.0,True
反对,fǎn duì,to oppose; to be against; to object to,1181.0,4.0,True
颗,kē,"classifier for small spheres, pearls, corn grains, teeth, hearts, satellites etc",1182.0,5.0,True
停下,tíng xià,to stop,1183.0,,True
肉,ròu,meat; flesh; pulp (of a fruit),1184.0,,True
测试,cè shì,to test (machinery etc); to test (a person's skill in a particular area); a test,1185.0,,True
精彩,jīng cǎi,wonderful; marvelous; brilliant,1186.0,4.0,True
金,jīn,gold; chemical element Au; generic term for lustrous and ductile metals,1187.0,,True
感情,gǎn qíng,emotion; sentiment; affection,1188.0,4.0,True
有时候,yǒu shí hou,sometimes,1189.0,,True
袭击,xí jī,attack (esp. surprise attack); raid; to attack,1190.0,6.0,True
演出,yǎn chū,to act (in a play); to perform; to put on (a performance),1191.0,4.0,True
一生,yī shēng,all one's life; throughout one's life,1192.0,,True
不在乎,bù zài hu,not to care,1193.0,,True
朝,cháo,imperial or royal court; government; dynasty,1194.0,5.0,True
呼吸,hū xī,to breathe,1195.0,5.0,True
明星,míng xīng,star; celebrity,1196.0,5.0,True
机,jī,machine; mechanism; aircraft; an opportunity,1197.0,,True
城,chéng,city walls; city; town,1198.0,,True
超级,chāo jí,super-; ultra-; hyper-,1199.0,6.0,True
灵魂,líng hún,soul; spirit,1200.0,6.0,True
破坏,pò huài,destruction; damage; to wreck,1201.0,5.0,True
只不过,zhǐ bu guò,only; merely; nothing but; no more than; it's just that ...,1202.0,,True
房,fáng,house; room; branch of an extended family,1203.0,,True
愉快,yú kuài,cheerful; cheerily; delightful,1204.0,4.0,True
爆炸,bào zhà,explosion; to explode; to blow up,1205.0,6.0,True
迟到,chí dào,to arrive late,1206.0,3.0,True
带走,dài zǒu,to carry; to take away,1207.0,,True
晚餐,wǎn cān,evening meal; dinner,1208.0,,True
开玩笑,kāi wán xiào,to play a joke; to make fun of; to joke,1209.0,4.0,True
角色,jué sè,role; character in a novel; persona,1210.0,5.0,True
脑子,nǎo zi,brains; mind,1211.0,,True
路上,lù shang,on the road; on the way; en route,1212.0,,True
见鬼,jiàn guǐ,absurd; strange; curse it!,1213.0,,True
杂志,zá zhì,magazine,1214.0,4.0,True
秀,xiù,refined; elegant; graceful; beautiful; superior; excellent; show,1215.0,,True
服务,fú wù,to serve; service,1216.0,,True
合适,hé shì,suitable; fitting; appropriate,1217.0,4.0,True
学习,xué xí,to learn; to study,1218.0,1.0,True
顿,dùn,to stop; to pause; to arrange,1219.0,4.0,True
便,biàn,plain; informal; suitable,1220.0,5.0,True
包括,bāo kuò,to comprise; to include; to involve,1221.0,4.0,True
累,lèi,tired; weary; to strain,1222.0,2.0,True
汽车,qì chē,car; automobile; bus,1223.0,,True
时刻,shí kè,time; juncture; moment,1224.0,5.0,True
单,dān,bill; list; form,1225.0,,True
广告,guǎng gào,to advertise; a commercial; advertisement,1226.0,4.0,True
哥们,gē men,dude; buddy; bro,1227.0,,True
英国,Yīng guó,United Kingdom (UK); Britain,1228.0,,True
样,yàng,manner; pattern; way,1229.0,,True
笨蛋,bèn dàn,fool; idiot; silly person,1230.0,,True
冷,lěng,cold,1231.0,1.0,True
相当,xiāng dāng,equivalent to; appropriate; considerably,1232.0,5.0,True
投,tóu,"to throw (sth in a specific direction: ball, javelin, grenade etc); to cast (a ballot); to cast (a glance, a shadow etc)",1233.0,,True
闻,wén,to hear; news; well-known,1234.0,5.0,True
公平,gōng píng,fair; impartial,1235.0,5.0,True
玩意,wán yì,toy; plaything; thing,1236.0,,True
及,jí,and; to reach; up to,1237.0,,True
鞋,xié,shoe,1238.0,3.0,True
屁,pì,fart; flatulence; nonsense,1239.0,,True
盯,dīng,to watch attentively; to fix one's attention on; to stare at,1240.0,6.0,True
自然,zì rán,nature; natural; naturally,1241.0,4.0,True
堆,duī,to pile up; to heap up; a mass,1242.0,5.0,True
历史,lì shǐ,history,1243.0,3.0,True
深,shēn,deep (lit. and fig.),1244.0,4.0,True
取,qǔ,to take; to get; to choose,1245.0,4.0,True
法庭,fǎ tíng,court of law,1246.0,,True
俱乐部,jù lè bù,club (the organisation or its premises) (loanword),1247.0,5.0,True
通常,tōng cháng,regular; usual; normal,1248.0,5.0,True
拯救,zhěng jiù,to save; to rescue,1249.0,,True
差点,chà diǎn,almost; nearly,1250.0,,True
啤酒,pí jiǔ,beer (loanword),1251.0,3.0,True
咬,yǎo,to bite; to nip,1252.0,5.0,True
短,duǎn,short; brief; to lack,1253.0,3.0,True
地球,dì qiú,the earth,1254.0,4.0,True
紧,jǐn,tight; strict; close at hand,1255.0,5.0,True
透,tòu,to penetrate; to seep through; to tell secretly; to leak; thoroughly; through and through,1256.0,,True
受害者,shòu hài zhě,casualty; victim; those injured and wounded,1257.0,,True
力,lì,power; force; strength,1258.0,,True
愚蠢,yú chǔn,silly; stupid,1259.0,6.0,True
炸弹,zhà dàn,bomb,1260.0,,True
帅,shuài,commander-in-chief; to lead; to command; handsome; graceful; dashing; elegant,1261.0,4.0,True
踢,tī,to kick; to play (e.g. soccer); butch (in a lesbian relationship),1262.0,2.0,True
联邦,lián bāng,federal; federation; commonwealth,1263.0,,True
评委,píng wěi,evaluation committee; judging panel; judging panel member; adjudicator,1264.0,,True
客气,kè qi,polite; courteous; formal,1265.0,,True
造成,zào chéng,to bring about; to create; to cause,1266.0,5.0,True
经过,jīng guò,to pass; to go through; process,1267.0,3.0,True
周末,zhōu mò,weekend,1268.0,3.0,True
星,xīng,star; heavenly body; satellite,1269.0,,True
信号,xìn hào,signal,1270.0,5.0,True
跟踪,gēn zōng,to follow sb's tracks; to tail; to shadow,1271.0,6.0,True
推,tuī,to push; to cut; to refuse,1272.0,4.0,True
喝酒,hē jiǔ,to drink (alcohol),1273.0,,True
关键,guān jiàn,crucial point; crux; key,1274.0,4.0,True
下次,xià cì,next time,1275.0,,True
充满,chōng mǎn,full of; brimming with; very full,1276.0,5.0,True
断,duàn,to break; to snap; to cut off,1277.0,4.0,True
其它,qí tā,other,1278.0,,True
再说,zài shuō,to say again; to put off a discussion until later; moreover,1279.0,,True
空,kōng,empty; air; sky,1280.0,,True
抱,bào,to hold; to carry (in one's arms); to hug,1281.0,4.0,True
究竟,jiū jìng,to go to the bottom of a matter; after all; when all is said and done,1282.0,4.0,True
美好,měi hǎo,beautiful; fine,1283.0,,True
班,bān,team; class; grade; squad; work shift,1284.0,3.0,True
架,jià,to support; frame; rack,1285.0,,True
圣,shèng,"peerless (in wisdom, moral virtue, skill etc); peerless individual; paragon (sage, saint, emperor, master of a skill etc); holy; sacred",1286.0,,True
恐怕,kǒng pà,fear; to dread; I'm afraid that...,1287.0,4.0,True
准,zhǔn,to allow; to grant; in accordance with,1288.0,,True
抢,qiǎng,to fight over; to rush; to scramble,1289.0,5.0,True
课,kè,subject; course; class,1290.0,2.0,True
习惯,xí guàn,habit; custom; usual practice,1291.0,3.0,True
现实,xiàn shí,reality; actuality; real,1292.0,5.0,True
做出,zuò chū,to put out; to issue,1293.0,,True
上班,shàng bān,to go to work; to be on duty; to start work,1294.0,2.0,True
躺,tǎng,to recline; to lie down,1295.0,4.0,True
越来越,yuè lái yuè,more and more,1296.0,,True
山,shān,mountain; hill (; small bundle of straw for silkworms to spin cocoons on,1297.0,,True
名单,míng dān,list of names,1298.0,,True
不幸,bù xìng,misfortune; adversity; unfortunate,1299.0,,True
恢复,huī fù,to reinstate; to resume; to restore,1300.0,5.0,True
确认,què rèn,to confirm; to verify; confirmation,1301.0,5.0,True
聚会,jù huì,party; gathering; to meet,1302.0,5.0,True
怀孕,huái yùn,pregnant; to have conceived; gestation,1303.0,6.0,True
公园,gōng yuán,park (for public recreation),1304.0,3.0,True
绑架,bǎng jià,to kidnap; to abduct; to hijack,1305.0,6.0,True
部落,bù luò,tribe,1306.0,,True
肯,kěn,to agree; to consent; to be willing to,1307.0,,True
资料,zī liào,material; resources; data,1308.0,5.0,True
干净,gān jìng,clean; neat,1309.0,3.0,True
婚姻,hūn yīn,matrimony; wedding; marriage,1310.0,5.0,True
痛,tòng,ache; pain; sorrow,1311.0,,True
亲,qīn,parent; one's own (flesh and blood); relative,1312.0,,True
教堂,jiào táng,church; chapel,1313.0,,True
皮,pí,skin; peel; rind; outer layer; leather; hide; fur; cover; wrapping; outer covering,1314.0,,True
鸟,niǎo,"bird; ""bird"" radical in Chinese characters (Kangxi radical 196); to pay attention to",1315.0,3.0,True
爽,shuǎng,bright; clear; crisp,1316.0,,True
健康,jiàn kāng,health; healthy,1317.0,3.0,True
客户,kè hù,client; customer,1318.0,6.0,True
圈,quān,"circle; ring; loop; to surround; to circle; classifier for loops, orbits, laps of race etc",1319.0,5.0,True
脑袋,nǎo dai,head; skull; brains,1320.0,5.0,True
不够,bù gòu,not enough; insufficient; inadequate,1321.0,,True
嘘,xū,to exhale slowly; to hiss; hush!,1322.0,,True
前面,qián miàn,ahead; in front; preceding,1323.0,1.0,True
分手,fēn shǒu,to part company; to split up; to break up,1324.0,6.0,True
方向,fāng xiàng,direction; orientation,1325.0,4.0,True
心理,xīn lǐ,psychology; mentality,1326.0,5.0,True
幸福,xìng fú,happiness; happy; blessed,1327.0,4.0,True
树,shù,tree; to cultivate; to set up,1328.0,3.0,True
救命,jiù mìng,to save sb's life; Help!; Save me!,1329.0,,True
接着,jiē zhe,to catch and hold on; to continue; to go on to do sth,1330.0,5.0,True
项,xiàng,back of neck; item; thing,1331.0,5.0,True
疯子,fēng zi,madman; lunatic,1332.0,,True
赛,sài,to compete; competition; match,1333.0,,True
将军,jiāng jūn,general; high-ranking military officer; to check or checkmate,1334.0,6.0,True
技术,jì shù,technology; technique; skill,1335.0,4.0,True
吃饭,chī fàn,to have a meal; to eat; to make a living,1336.0,,True
传,chuán,to pass on; to spread; to transmit,1337.0,,True
困难,kùn nan,difficult; challenging; straitened circumstances,1338.0,4.0,True
不许,bù xǔ,not to allow; must not; can't,1339.0,,True
某种,mǒu zhǒng,some kind (of),1340.0,,True
记忆,jì yì,to remember; to recall; memory,1341.0,5.0,True
乐队,yuè duì,band; pop group,1342.0,,True
紧急,jǐn jí,urgent; emergency,1343.0,5.0,True
高中,gāo zhōng,senior high school,1344.0,,True
正好,zhèng hǎo,just (in time); just right; just enough,1346.0,4.0,True
州,zhōu,prefecture; province; administrative division,1347.0,6.0,True
毫无,háo wú,not in the least; to completely lack,1348.0,6.0,True
提醒,tí xǐng,to remind; to call attention to; to warn of,1349.0,4.0,True
旅行,lǚ xíng,to travel; journey; trip,1350.0,,True
惊喜,jīng xǐ,nice surprise; to be pleasantly surprised,1351.0,,True
拿走,ná zǒu,to take away,1352.0,,True
接近,jiē jìn,to approach; to get close to,1353.0,5.0,True
逮捕,dài bǔ,to arrest; to apprehend; an arrest,1354.0,6.0,True
吵,chǎo,to quarrel; to make a noise; noisy,1355.0,4.0,True
旁边,páng biān,side; adjacent place,1356.0,2.0,True
激动,jī dòng,to move emotionally; to stir up (emotions); to excite,1357.0,4.0,True
骄傲,jiāo ào,pride; arrogance; conceited,1358.0,4.0,True
而是,ér shì,rather,1359.0,,True
利,lì,sharp; favorable; advantage,1360.0,,True
牌,pái,signboard; plaque; plate; tablet (; brand; trademark; mahjong tile; domino; playing card (,1361.0,,True
八,bā,eight; 8,1362.0,1.0,True
成员,chéng yuán,member,1363.0,6.0,True
监视,jiān shì,to monitor; to keep a close watch over; surveillance,1364.0,6.0,True
女性,nǚ xìng,woman; the female sex,1365.0,,True
权利,quán lì,right (i.e. an entitlement to sth); power and wealth,1366.0,5.0,True
说谎,shuō huǎng,to lie; to tell an untruth,1367.0,,True
圣诞,Shèng dàn,Christmas; birthday of reigning Emperor; Confucius' birthday,1368.0,,True
黑人,hēi rén,black person; an illegal,1369.0,,True
警方,jǐng fāng,police,1370.0,,True
法国,Fǎ guó,France,1371.0,,True
毛,máo,hair; feather; down,1372.0,5.0,True
错过,cuò guò,"to miss (train, opportunity etc)",1373.0,,True
警告,jǐng gào,to warn; to admonish,1374.0,6.0,True
老天,lǎo tiān,God; Heavens,1375.0,,True
吉,jí,lucky; giga- (meaning billion or 10^9),1376.0,,True
惹,rě,to provoke; to irritate; to vex,1377.0,,True
酒店,jiǔ diàn,wine shop; pub (public house); hotel,1378.0,,True
抽,chōu,to draw out; to pull out from in between; to remove part of the whole; to inhale (esp. smoke),1379.0,,True
之类,zhī lèi,and so on; and such,1380.0,,True
王,wáng,king or monarch; best or strongest of its type; grand,1381.0,,True
冠军,guàn jūn,champion,1382.0,5.0,True
尝试,cháng shì,to try; to attempt,1383.0,6.0,True
教练,jiào liàn,instructor; sports coach; trainer,1384.0,5.0,True
常,cháng,always; ever; often,1385.0,,True
对方,duì fāng,the other person; the other side; the other party,1386.0,5.0,True
随时,suí shí,at any time; at all times; at the right time; whenever necessary,1387.0,5.0,True
弹,dàn,bullet; pellet; shot; shell,1388.0,4.0,True
敌人,dí rén,enemy,1389.0,5.0,True
搭档,dā dàng,to cooperate; partner,1390.0,6.0,True
从未,cóng wèi,never,1391.0,,True
帐,zhàng,curtain; tent; canopy,1392.0,,True
谈话,tán huà,to talk (with sb); to have a conversation; talk,1393.0,,True
度,dù,to pass; to spend (time); measure,1394.0,,True
背,bèi,the back of a body or object; to turn one's back; to hide something from,1395.0,5.0,True
节,jié,joint; node; section; segment; solar term (one of the 24 divisions of the year in the traditional Chinese,1396.0,5.0,True
排,pái,to arrange in order; to line up; to exclude; to eliminate; to repel; to expel; to discharge; to push aside; to force open,1397.0,,True
约翰,Yuē hàn,John (name); Johan (name); Johann (name),1398.0,,True
许多,xǔ duō,many; a lot of; much,1399.0,4.0,True
人物,rén wù,"person; personage; figure (esp. sb of importance); character (in a play, novel etc); figure painting (as a genre of traditional Chinese painting)",1400.0,5.0,True
头儿,tóu r,leader,1401.0,,True
叫做,jiào zuò,to be called; to be known as,1402.0,,True
猪,zhū,hog; pig; swine,1403.0,4.0,True
感激,gǎn jī,to be grateful; to appreciate; thankful,1404.0,5.0,True
随,suí,to follow; to comply with; varying according to...,1405.0,,True
中国,Zhōng guó,China,1406.0,1.0,True
牛,niú,ox; cow; bull,1407.0,,True
瓶,píng,bottle; vase; pitcher,1408.0,,True
蛋糕,dàn gāo,cake,1409.0,3.0,True
吸,xī,to breathe; to suck in; to absorb,1410.0,,True
顺利,shùn lì,smoothly; without a hitch,1411.0,4.0,True
死者,sǐ zhě,the dead; the deceased,1412.0,,True
傻瓜,shǎ guā,idiot; fool,1413.0,,True
英里,yīng lǐ,mile (unit of length equal to 1.609 km),1414.0,,True
嫁,jià,to marry; to marry off a daughter; to shift (blame etc),1415.0,5.0,True
挑战,tiǎo zhàn,to challenge; challenge,1416.0,5.0,True
死去,sǐ qù,to die,1417.0,,True
上去,shàng qù,to go up,1418.0,,True
七,qī,seven; 7,1419.0,1.0,True
职业,zhí yè,occupation; profession; vocation; professional,1420.0,4.0,True
菜,cài,dish (type of food); vegetable; cuisine,1421.0,1.0,True
改,gǎi,to change; to alter; to transform,1422.0,,True
地址,dì zhǐ,address,1423.0,4.0,True
意,yì,idea; thought; meaning; sense; intention; feeling; inclination; state of mind; Italy,1424.0,,True
赚,zhuàn,to earn; to make a profit,1425.0,4.0,True
不少,bù shǎo,many; quite a few; a good number of,1426.0,,True
地狱,dì yù,hell; underworld; (Buddhism) Naraka; extremely dark or morally transgressive,1427.0,,True
于是,yú shì,thereupon; as a result; consequently; thus; hence,1428.0,4.0,True
自我,zì wǒ,the self; oneself; self-; ego,1429.0,,True
非,fēi,to not be; not; wrong; incorrect; non-; un-; in-; de-,1430.0,5.0,True
对付,duì fu,to handle; to deal with; to tackle; to get by with; to make do; to get along with (sb),1431.0,6.0,True
好事,hǎo shì,"good action, deed, thing or work (also sarcastic, ""a fine thing indeed""); charity; happy occasion",1432.0,,True
唔,wú,oh (expression of agreement or surprise); not,1433.0,,True
元,yuán,currency unit (esp. Chinese yuan); first; original,1434.0,2.0,True
祈祷,qí dǎo,to pray; to say a prayer,1435.0,,True
编,biān,to weave; to plait; to organize,1436.0,,True
收拾,shōu shi,to put in order; to tidy up; to pack,1437.0,4.0,True
客人,kè rén,visitor; guest; customer,1438.0,3.0,True
状态,zhuàng tài,condition; state; state of affairs,1439.0,5.0,True
战,zhàn,to fight; fight; war,1440.0,,True
亚,yà,second; next to; inferior,1441.0,,True
周围,zhōu wéi,environs; surroundings; periphery,1442.0,4.0,True
报道,bào dào,to report (news); report,1443.0,4.0,True
戏,xì,trick; drama; play,1444.0,,True
参与,cān yù,to participate (in sth),1445.0,5.0,True
运动,yùn dòng,to move; to exercise; sports,1446.0,2.0,True
彼此,bǐ cǐ,each other; one another,1447.0,5.0,True
荣幸,róng xìng,honored (to have the privilege of ...),1448.0,5.0,True
会议,huì yì,meeting; conference,1449.0,3.0,True
到达,dào dá,to reach; to arrive,1450.0,5.0,True
爬,pá,to crawl; to climb; to get up or sit up,1451.0,,True
赌,dǔ,to bet; to gamble,1452.0,,True
显示,xiǎn shì,to show; to illustrate; to display,1453.0,5.0,True
队伍,duì wǔ,ranks; troops; queue,1454.0,6.0,True
立刻,lì kè,forthwith; immediate; prompt,1455.0,5.0,True
绝不,jué bù,in no way; not in the least; absolutely not,1456.0,,True
舞台,wǔ tái,stage; arena,1457.0,,True
吐,tǔ,"to spit; to send out (silk from a silkworm, bolls from cotton flowers etc); to say",1458.0,5.0,True
奶奶,nǎi nai,grandma (paternal grandmother); mistress of the house; boobies,1459.0,3.0,True
配,pèi,to join; to fit; to mate,1460.0,,True
取消,qǔ xiāo,to cancel; cancellation,1461.0,5.0,True
离婚,lí hūn,to divorce,1462.0,5.0,True
等待,děng dài,to wait; to wait for,1463.0,5.0,True
爱情,ài qíng,romance; love (romantic),1464.0,4.0,True
尽力,jìn lì,to strive one's hardest; to spare no effort,1465.0,5.0,True
十分,shí fēn,very; completely; utterly,1466.0,4.0,True
尊重,zūn zhòng,to esteem; to respect; to honor,1467.0,4.0,True
教授,jiào shòu,professor; to instruct; to lecture on,1468.0,4.0,True
去年,qù nián,last year,1469.0,2.0,True
语,yǔ,dialect; language; speech,1470.0,,True
超过,chāo guò,to surpass; to exceed; to outstrip,1471.0,4.0,True
丝,sī,"silk; thread-like thing; (cuisine) shreds or julienne strips; classifier: a trace (of smoke etc), a tiny bit etc",1472.0,,True
开车,kāi chē,to drive a car (or train etc); to post sexual content online; to make a sexual joke,1473.0,,True
仍,réng,still; yet; to remain; frequently; often,1474.0,,True
寄,jì,to send; to mail; to entrust,1475.0,4.0,True
器,qì,device; tool; utensil,1476.0,,True
聊,liáo,to chat; temporarily; for a while; somewhat; slightly,1477.0,,True
指纹,zhǐ wén,"fingerprint; the arches, loops and whorls on the fingers",1478.0,,True
庆祝,qìng zhù,to celebrate,1479.0,5.0,True
住手,zhù shǒu,to desist; to stop; to stay one's hand,1480.0,,True
娘,niáng,mother; young lady; effeminate,1481.0,,True
偶像,ǒu xiàng,idol,1482.0,,True
同志,tóng zhì,comrade; homosexual,1483.0,6.0,True
裤子,kù zi,pants; trousers,1484.0,3.0,True
军队,jūn duì,armed forces; troops,1485.0,6.0,True
假装,jiǎ zhuāng,to feign; to pretend,1486.0,5.0,True
想起,xiǎng qǐ,to recall; to think of; to call to mind,1487.0,,True
侦探,zhēn tàn,detective; to do detective work,1488.0,6.0,True
狂,kuáng,mad; wild; violent,1489.0,,True
拖,tuō,to drag; to tow; to trail,1490.0,,True
实验室,shí yàn shì,laboratory,1491.0,,True
顺便,shùn biàn,conveniently; in passing; without much extra effort,1492.0,4.0,True
吹,chuī,to blow; to play a wind instrument; to blast,1493.0,5.0,True
害,hài,to do harm to; to cause trouble to; harm,1494.0,,True
或是,huò shì,or; either one or the other,1495.0,,True
修,xiū,to decorate; to embellish; to repair,1496.0,4.0,True
在乎,zài hu,to care about; equivalent of,1497.0,6.0,True
无聊,wú liáo,bored; boring; senseless,1498.0,4.0,True
状况,zhuàng kuàng,condition; state; situation,1499.0,5.0,True
目的,mù dì,purpose; aim; goal; target; objective,1500.0,4.0,True
恶魔,è mó,demon; fiend,1501.0,,True
确保,què bǎo,to ensure; to guarantee,1502.0,6.0,True
心脏,xīn zàng,heart,1503.0,5.0,True
似的,shì de,seems as if; rather like; Taiwan pr. [sì de],1504.0,5.0,True
舞会,wǔ huì,dance; ball; party,1505.0,,True
急,jí,urgent; pressing; rapid,1506.0,,True
风,fēng,wind; news; style,1507.0,,True
耍,shuǎ,to play with; to wield; to act (cool etc),1508.0,6.0,True
罗,luó,gauze; to collect; to gather,1509.0,,True
家族,jiā zú,family; clan,1510.0,,True
慢慢,màn màn,slowly; gradually,1511.0,,True
低,dī,low; beneath; to lower (one's head),1512.0,3.0,True
剩,shèng,to remain; to be left; to have as remainder,1513.0,4.0,True
战斗,zhàn dòu,to fight; to engage in combat; struggle,1514.0,6.0,True
饭,fàn,cooked rice; meal; fan,1515.0,,True
脑,nǎo,brain; mind; head,1516.0,,True
复杂,fù zá,complicated; complex,1517.0,4.0,True
社会,shè huì,society,1518.0,4.0,True
烦,fán,to feel vexed; to bother; to trouble,1519.0,,True
故意,gù yì,deliberately; on purpose,1520.0,4.0,True
邻居,lín jū,neighbor; next door,1521.0,3.0,True
今年,jīn nián,this year,1522.0,,True
调,diào,to transfer; to move (troops or cadres); to investigate,1523.0,,True
心里,xīn li,chest; heart; mind,1524.0,,True
展示,zhǎn shì,to reveal; to display; to show; to exhibit,1525.0,6.0,True
意大利,Yì dà lì,Italy,1526.0,,True
起诉,qǐ sù,to sue; to bring a lawsuit against; to prosecute,1527.0,,True
哥,gē,elder brother,1528.0,,True
好人,hǎo rén,"good person; healthy person; person who tries not to offend anyone, even at the expense of principle",1529.0,,True
国王,guó wáng,king,1530.0,,True
长大,zhǎng dà,to grow up,1531.0,,True
类,lèi,kind; type; class,1532.0,5.0,True
交给,jiāo gěi,to give; to deliver; to hand over,1533.0,,True
瑞,ruì,lucky; auspicious; propitious,1534.0,,True
尿,niào,to urinate; urine,1535.0,,True
屎,shǐ,"feces; excrement; a stool; secretion (of the ear, eye etc)",1536.0,,True
陪审团,péi shěn tuán,jury,1537.0,,True
项目,xiàng mù,item; project; event,1538.0,5.0,True
集中,jí zhōng,to concentrate; to centralize; to focus,1539.0,5.0,True
实话,shí huà,truth,1540.0,5.0,True
表情,biǎo qíng,expression; to express one's feelings,1541.0,5.0,True
冒险,mào xiǎn,to take risks; to take chances; foray,1542.0,5.0,True
好处,hǎo chu,benefit; advantage; merit; gain; profit; also pr. [hǎo chù],1543.0,4.0,True
格,gé,square; lattice; grid; frame; compartment; partition; slot (within a larger unit); standard; norm; specification,1544.0,,True
左,zuǒ,left; the Left (politics); east,1545.0,,True
海,hǎi,ocean; sea; great number of people or things,1546.0,,True
吸血鬼,xī xuè guǐ,leech; bloodsucking vermin; vampire (translated European notion),1547.0,,True
胜利,shèng lì,victory,1548.0,5.0,True
竟然,jìng rán,unexpectedly; to one's surprise; in spite of everything,1549.0,4.0,True
普通,pǔ tōng,common; ordinary; general,1550.0,,True
官,guān,government official; governmental; official,1551.0,5.0,True
直,zhí,straight; to straighten; fair and reasonable,1552.0,5.0,True
表示,biǎo shì,to express; to show; to say,1553.0,3.0,True
印象,yìn xiàng,impression (sth that stays in one's mind); a memory,1554.0,4.0,True
出生,chū shēng,to be born,1555.0,4.0,True
进展,jìn zhǎn,to make headway; to make progress,1556.0,6.0,True
估计,gū jì,to estimate; to reckon; to suppose,1557.0,4.0,True
乐,lè,happy; cheerful; to laugh,1558.0,,True
地点,dì diǎn,place; site; location,1559.0,,True
经理,jīng lǐ,manager; director,1560.0,3.0,True
轻松,qīng sōng,light; gentle; relaxed,1561.0,4.0,True
乐意,lè yì,to be willing to do sth; to be ready to do sth; to be happy to do sth,1562.0,6.0,True
作用,zuò yòng,to act on; to affect; action,1563.0,3.0,True
右,yòu,right; right-hand side; right of center; west,1564.0,,True
举,jǔ,to lift; to hold up; to cite,1565.0,5.0,True
安,ān,calm; peaceful; to calm; to set at ease; safe; secure; in good health,1566.0,,True
期待,qī dài,to look forward to; to await; expectation,1567.0,5.0,True
师,shī,teacher; master; expert,1568.0,,True
小伙子,xiǎo huǒ zi,young man; young guy; lad,1569.0,5.0,True
保险,bǎo xiǎn,insurance; to insure; safe,1570.0,5.0,True
天使,tiān shǐ,angel,1571.0,,True
落,luò,to fall or drop; to set; to go out,1572.0,,True
难以置信,nán yǐ zhì xìn,hard to believe; incredible,1573.0,,True
录,lù,to carve wood; diary; record,1574.0,,True
单独,dān dú,alone; by oneself; on one's own,1575.0,5.0,True
反,fǎn,contrary; in reverse; inside out or upside down,1576.0,,True
队长,duì zhǎng,captain; team leader,1577.0,,True
著名,zhù míng,famous; noted; well-known,1578.0,4.0,True
理,lǐ,texture; grain (of wood); inner essence,1579.0,,True
日本,Rì běn,Japan,1580.0,,True
专家,zhuān jiā,expert; specialist,1581.0,5.0,True
为止,wéi zhǐ,until; used in combination with words like,1582.0,,True
具,jù,tool; device; utensil,1583.0,,True
墨西哥,Mò xī gē,Mexico,1584.0,,True
旅馆,lǚ guǎn,hotel,1585.0,,True
邪恶,xié è,sinister; vicious; wicked,1586.0,,True
赶快,gǎn kuài,quickly; at once,1587.0,5.0,True
不知,bù zhī,not to know; unaware; unknowingly,1588.0,,True
更加,gèng jiā,more (than sth else); even more,1589.0,5.0,True
层,céng,to pile on top of one another; layer; stratum; floor (of a building); story,1590.0,3.0,True
挖,wā,to dig; to excavate; to scoop out,1591.0,,True
好几,hǎo jǐ,several; quite a few,1592.0,,True
风格,fēng gé,style,1593.0,5.0,True
免费,miǎn fèi,free (of charge),1594.0,4.0,True
追踪,zhuī zōng,to track; to trace; to follow up; to follow (on social media),1595.0,,True
伤心,shāng xīn,to grieve; to be broken-hearted; to feel deeply hurt,1596.0,4.0,True
每次,měi cì,every time,1597.0,,True
报纸,bào zhǐ,newspaper; newsprint,1598.0,2.0,True
机器,jī qì,machine,1599.0,5.0,True
式,shì,type; form; pattern,1600.0,,True
塞,sāi,to plug; to stop up; to stuff in; a stopper; a cork,1601.0,,True
解雇,jiě gù,to fire; to sack; to dismiss,1602.0,6.0,True
颜色,yán sè,color; countenance; appearance,1603.0,2.0,True
好莱坞,Hǎo lái wù,Hollywood; also pr. [Hao3lai2wu1],1604.0,,True
无关,wú guān,unrelated; having nothing to do (with sth else),1605.0,,True
时光,shí guāng,time; era; period of time,1606.0,6.0,True
记者,jì zhě,reporter; journalist,1607.0,4.0,True
方,fāng,square; power or involution (math.); upright,1608.0,5.0,True
尽快,jǐn kuài,as quickly as possible; as soon as possible,1609.0,6.0,True
价值,jià zhí,"value; worth; fig. values (ethical, cultural etc)",1610.0,5.0,True
仔细,zǐ xì,careful; attentive; cautious; to be careful; to look out,1611.0,4.0,True
巧克力,qiǎo kè lì,chocolate (loanword),1612.0,4.0,True
女生,nǚ shēng,schoolgirl; female student; girl,1613.0,,True
挑,tiāo,to carry on a shoulder pole; to choose; to pick,1614.0,,True
辣,là,hot (spicy); pungent; to sting,1615.0,4.0,True
互相,hù xiāng,each other; mutually; mutual,1616.0,4.0,True
切,qiè,"definitely; absolutely (not); Yeah, right.; Tut!; to grind",1617.0,5.0,True
招,zhāo,to recruit; to provoke; to beckon,1618.0,,True
炸,zhà,to burst; to explode; to blow up; to bomb; to fly into a rage,1619.0,,True
墙,qiáng,wall,1620.0,4.0,True
流,liú,to flow; to disseminate; to circulate or spread,1621.0,,True
厕所,cè suǒ,toilet; lavatory,1622.0,5.0,True
无辜,wú gū,innocent; innocence; not guilty (law),1623.0,,True
彻底,chè dǐ,thorough; thoroughly; complete,1624.0,5.0,True
搭,dā,to put up; to build (scaffolding); to hang (clothes on a pole),1625.0,6.0,True
相,xiāng,each other; one another; mutually,1626.0,,True
权,quán,authority; power; right,1627.0,,True
翻,fān,to turn over; to flip over; to overturn,1628.0,5.0,True
摆,bǎi,to arrange; to exhibit; to move to and fro,1629.0,5.0,True
过程,guò chéng,course of events; process,1630.0,4.0,True
上次,shàng cì,last time,1631.0,,True
申请,shēn qǐng,to apply for sth; application form,1632.0,4.0,True
压,yā,to press; to push down; to keep under (control),1633.0,,True
烤,kǎo,to roast; to grill; to broil; to bake; to toast (bread); to warm oneself by a fire,1635.0,,True
请求,qǐng qiú,to request; to ask; request,1636.0,5.0,True
原,yuán,former; original; primary,1637.0,,True
圣诞节,Shèng dàn jié,Christmas time; Christmas season; Christmas,1638.0,,True
某些,mǒu xiē,some; certain (things),1639.0,,True
人民,rén mín,the people,1640.0,,True
恐惧,kǒng jù,to be frightened; fear; dread,1641.0,6.0,True
谈论,tán lùn,to discuss; to talk about,1642.0,,True
命运,mìng yùn,fate; destiny,1643.0,5.0,True
小组,xiǎo zǔ,group,1644.0,,True
引起,yǐn qǐ,to give rise to; to lead to; to cause; to arouse,1645.0,4.0,True
发展,fā zhǎn,development; growth; to develop,1646.0,4.0,True
分子,fèn zǐ,member of a class or group; people of a certain type,1647.0,,True
白人,bái rén,white man or woman; Caucasian,1648.0,,True
惊讶,jīng yà,amazed; astonished; to surprise,1649.0,6.0,True
灯,dēng,lamp; light; lantern,1650.0,3.0,True
桌子,zhuō zi,table; desk,1651.0,1.0,True
巴,bā,to long for; to wish; to cling to,1652.0,,True
毕业,bì yè,graduation; to graduate; to finish school,1653.0,4.0,True
练习,liàn xí,to practice; exercise; drill,1654.0,3.0,True
黑暗,hēi àn,dark; darkly; darkness,1655.0,,True
机场,jī chǎng,airport; airfield; service provider for Shadowsocks or similar software for circumventing Internet,1656.0,2.0,True
事业,shì yè,undertaking; project; activity,1657.0,6.0,True
稍,shāo,somewhat; a little,1658.0,,True
仅,jǐn,barely; only; merely,1659.0,,True
不可思议,bù kě sī yì,inconceivable (idiom); unimaginable; unfathomable,1660.0,6.0,True
结,jié,knot; sturdy; bond,1661.0,,True
爷爷,yé ye,father's father; paternal grandfather,1662.0,3.0,True
会儿,huì r,a short while; a moment,1663.0,,True
正式,zhèng shì,formal; official,1664.0,4.0,True
厨房,chú fáng,kitchen,1665.0,3.0,True
特殊,tè shū,special; particular; unusual,1666.0,5.0,True
扯,chě,to pull; to tear; to buy,1667.0,,True
专业,zhuān yè,specialty; specialized field; main field of study (at university),1668.0,4.0,True
老实,lǎo shi,honest; sincere; well-behaved; naive; gullible,1669.0,5.0,True
晚饭,wǎn fàn,evening meal; dinner; supper,1670.0,,True
吸引,xī yǐn,to attract; to appeal to; to fascinate,1671.0,4.0,True
年代,nián dài,a decade of a century (e.g. the Sixties); age; era,1672.0,5.0,True
士兵,shì bīng,soldier,1673.0,5.0,True
蓝,lán,blue; indigo plant,1674.0,3.0,True
以来,yǐ lái,since (a previous event),1675.0,5.0,True
心情,xīn qíng,mood; frame of mind,1676.0,4.0,True
难过,nán guò,to feel sad; to feel unwell; to be difficult,1677.0,3.0,True
型,xíng,mold; type; style,1678.0,,True
呐,nà,battle cry,1679.0,,True
报,bào,to report; to inform; to announce; to respond; to reply; to sign up for; to register for,1680.0,,True
屋子,wū zi,house; room,1681.0,5.0,True
制造,zhì zào,to manufacture; to make,1682.0,4.0,True
全都,quán dōu,all; without exception,1683.0,,True
打赌,dǎ dǔ,to bet; to make a bet; a wager,1684.0,,True
中间,zhōng jiān,the middle; the inside; in the middle; within; between; among; during; in the meantime,1685.0,3.0,True
退,tuì,to retreat; to withdraw; to reject; to return (sth); to decline,1686.0,5.0,True
唱歌,chàng gē,to sing a song,1687.0,2.0,True
冒,mào,"to emit; to give off; to send out (or up, forth); to brave; to face; reckless",1688.0,,True
伦敦,Lún dūn,"London, capital of United Kingdom",1689.0,,True
至,zhì,to arrive; most; to,1690.0,,True
特工,tè gōng,secret service; special service; secret service agent,1691.0,,True
镇,zhèn,to press down; to calm; to subdue,1692.0,,True
停车,tíng chē,to pull up (stop one's vehicle); to park; to stop working,1693.0,,True
奖,jiǎng,prize; award; bonus; reward; to encourage; to commend; to praise; to award; to give as a reward,1694.0,,True
雇,gù,to employ; to hire; to rent,1695.0,,True
冰,bīng,ice; to chill sth; to feel cold,1696.0,,True
戒指,jiè zhi,ring,1697.0,5.0,True
回头,huí tóu,to turn round; to turn one's head; later; by and by,1698.0,,True
洞,dòng,cave; hole; zero (unambiguous spoken form when spelling out numbers),1699.0,5.0,True
祝贺,zhù hè,to congratulate; congratulations,1700.0,4.0,True
案件,àn jiàn,case; instance,1701.0,6.0,True
条件,tiáo jiàn,condition; circumstance; term; factor; requirement; prerequisite; qualification; situation; state; condition,1702.0,4.0,True
若,ruò,to seem; like; as,1703.0,,True
作品,zuò pǐn,work (of art); opus,1704.0,5.0,True
手里,shǒu lǐ,in hand; in sb's hands,1705.0,,True
爱上,ài shàng,to fall in love with; to be in love with,1706.0,,True
则,zé,but; then; standard; norm; principle,1707.0,5.0,True
档案,dàng àn,file; record; archive,1708.0,6.0,True
千万,qiān wàn,ten million; countless; many,1709.0,4.0,True
去世,qù shì,to pass away; to die,1710.0,5.0,True
靠近,kào jìn,to be close to; to approach; to draw near,1711.0,,True
应,yīng,to agree (to do sth); should; ought to,1713.0,,True
饼,bǐng,round flat cake; cookie; cake,1714.0,,True
规则,guī zé,rule; regulation; rules and regulations,1715.0,5.0,True
接到,jiē dào,to receive (letter etc),1716.0,,True
付出,fù chū,to pay; to expend; to invest (energy or time),1717.0,,True
队员,duì yuán,team member,1718.0,,True
帽子,mào zi,hat; cap; label,1719.0,3.0,True
协议,xié yì,agreement; pact; protocol,1720.0,6.0,True
说服,shuō fú,to persuade; to convince; to talk sb over,1721.0,5.0,True
上周,shàng zhōu,last week,1722.0,,True
何,hé,what; how; why,1723.0,,True
电,diàn,lightning; electricity; electric (bound form),1724.0,,True
司机,sī jī,chauffeur; driver,1725.0,3.0,True
搜查,sōu chá,to search,1726.0,,True
产生,chǎn shēng,to arise; to come into being; to come about; to give rise to; to bring into being; to bring about; to produce; to engender,1727.0,5.0,True
千,qiān,thousand,1728.0,2.0,True
布,bù,to announce; to spread; cloth,1729.0,5.0,True
时代,shí dài,age; era; epoch,1730.0,5.0,True
接触,jiē chù,to touch; to contact; access,1731.0,5.0,True
卡车,kǎ chē,truck,1732.0,5.0,True
抢劫,qiǎng jié,to rob; looting,1733.0,6.0,True
碰到,pèng dào,to come across; to run into; to meet,1734.0,,True
神父,shén fu,Catholic or Orthodox priest; Father (title of address),1735.0,,True
规矩,guī ju,lit. compass and set square; fig. established standard; rule,1736.0,5.0,True
洛,luò,used in transliteration,1737.0,,True
之中,zhī zhōng,inside; among; in the midst of (doing sth),1738.0,,True
火车,huǒ chē,train,1739.0,,True
说实话,shuō shí huà,to speak the truth; truth to tell; frankly,1740.0,,True
什,shén,what,1741.0,,True
糖,táng,sugar; sweets; candy,1742.0,3.0,True
旧,jiù,old; opposite: new; former,1743.0,3.0,True
逃跑,táo pǎo,to flee from sth; to run away; to escape,1744.0,,True
灵,líng,quick; alert; efficacious,1745.0,,True
般,bān,sort; kind; class,1746.0,,True
部门,bù mén,department; branch; section,1747.0,5.0,True
基本,jī běn,basic; fundamental; main,1748.0,5.0,True
控,kòng,to control; to accuse; to charge,1749.0,,True
出租车,chū zū chē,taxi; rental car,1750.0,1.0,True
分析,fēn xī,to analyze; analysis,1751.0,5.0,True
代价,dài jià,price; cost; consideration (in share dealing),1752.0,6.0,True
地区,dì qū,local; regional; district (not necessarily formal administrative unit),1753.0,5.0,True
背叛,bèi pàn,to betray,1754.0,6.0,True
趟,tàng,"a time; a trip; classifier for times, round trips or rows",1755.0,4.0,True
天堂,tiān táng,paradise; heaven,1756.0,6.0,True
拍摄,pāi shè,to take (a picture); to shoot (a film),1757.0,,True
年轻人,nián qīng rén,young people; youngster,1758.0,,True
导致,dǎo zhì,to lead to; to create; to cause,1759.0,5.0,True
对待,duì dài,to treat; treatment,1761.0,5.0,True
主人,zhǔ rén,master; host; owner,1762.0,5.0,True
表,biǎo,exterior surface; family relationship via females; to show (one's opinion),1763.0,,True
释放,shì fàng,to release; to set free; to liberate (a prisoner),1764.0,6.0,True
困,kùn,to trap; to surround; hard-pressed,1765.0,4.0,True
大街,dà jiē,street; main street,1766.0,,True
箱子,xiāng zi,suitcase; chest; box,1767.0,,True
耶稣,Yē sū,Jesus,1768.0,,True
由于,yóu yú,due to; as a result of; thanks to,1769.0,4.0,True
宣布,xuān bù,to declare; to announce; to proclaim,1770.0,5.0,True
乔,qiáo,tall,1771.0,,True
执行,zhí xíng,to implement; to carry out; to execute,1772.0,5.0,True
物,wù,thing; the outside world as distinct from oneself; people other than oneself,1773.0,,True
报警,bào jǐng,to sound an alarm; to report sth to the police,1774.0,,True
不对,bù duì,incorrect; wrong; amiss,1775.0,,True
密码,mì mǎ,cipher; secret code; password; PIN,1776.0,4.0,True
红色,hóng sè,red (color); revolutionary,1777.0,,True
骗子,piàn zi,swindler; a cheat,1778.0,,True
货,huò,goods; money; commodity,1779.0,,True
空间,kōng jiān,space; room; scope; leeway; outer space,1780.0,5.0,True
折磨,zhé mó,to torment; to torture,1781.0,6.0,True
油,yóu,oil; fat; grease,1782.0,,True
尸,shī,person representing the deceased (during burial ceremonies); to put a corpse on display (after execution); corpse,1783.0,,True
留言,liú yán,to leave a message; to leave one's comments; message,1784.0,,True
熊,xióng,bear; to scold; to rebuke; weak; incapable,1785.0,,True
想念,xiǎng niàn,to miss; to remember with longing; to long to see again,1786.0,5.0,True
而言,ér yán,as far as ... is concerned; speaking in terms of ...,1787.0,,True
值,zhí,value; worth; to happen to,1788.0,,True
倍,bèi,-fold; times (multiplier); double,1789.0,4.0,True
擦,cā,"to rub; to scratch; to towel; to wipe with a towel; to apply (lipstick, lotion etc)",1790.0,4.0,True
尤其,yóu qí,especially; particularly,1791.0,4.0,True
卷,juǎn,to roll up; roll; to sweep up; to carry along,1792.0,5.0,True
经验,jīng yàn,experience; to experience,1793.0,4.0,True
盒子,hé zi,box; case,1794.0,4.0,True
艘,sōu,classifier for ships; Taiwan pr. [sāo],1795.0,6.0,True
干杯,gān bēi,to drink a toast; Cheers! (proposing a toast); Here's to you!,1796.0,4.0,True
看法,kàn fǎ,way of looking at a thing; view; opinion,1797.0,4.0,True
大脑,dà nǎo,brain; cerebrum,1798.0,,True
共,gòng,common; general; to share,1799.0,,True
罪犯,zuì fàn,criminal,1800.0,5.0,True
不到,bù dào,not to arrive; not reaching; insufficient,1801.0,,True
干掉,gàn diào,to get rid of,1803.0,,True
指控,zhǐ kòng,accusation; a (criminal) charge; to accuse,1804.0,,True
星球,xīng qiú,"celestial body (e.g. planet, satellite etc); heavenly body",1805.0,,True
录像,lù xiàng,to videotape; to videorecord; video recording,1806.0,,True
刺,cì,thorn; sting; thrust,1807.0,6.0,True
程序,chéng xù,procedures; sequence; order,1808.0,5.0,True
情报,qíng bào,information; intelligence,1809.0,6.0,True
炒,chǎo,to sauté; to stir-fry; to speculate,1810.0,5.0,True
情绪,qíng xù,mood; state of mind; moodiness,1811.0,5.0,True
今,jīn,now; the present time; current,1812.0,,True
怪物,guài wu,monster; freak; eccentric person,1813.0,,True
创造,chuàng zào,to create; to bring about; to produce,1814.0,5.0,True
杀害,shā hài,to murder,1815.0,,True
内心,nèi xīn,heart; innermost being; incenter,1816.0,,True
暴力,bào lì,violence; force; violent,1817.0,6.0,True
脏,zāng,dirty; filthy; to get (sth) dirty,1818.0,4.0,True
走开,zǒu kāi,to leave; to walk away; to beat it; to move aside,1819.0,,True
事故,shì gù,accident,1820.0,6.0,True
艺术,yì shù,art,1821.0,4.0,True
满意,mǎn yì,satisfied; pleased; to one's satisfaction,1822.0,3.0,True
大多数,dà duō shù,majority,1823.0,,True
速度,sù dù,speed; rate; velocity,1824.0,4.0,True
神经,shén jīng,nerve; mental state; unhinged,1825.0,5.0,True
汤姆,Tāng mǔ,Tom (name),1826.0,,True
牺牲,xī shēng,to sacrifice one's life; to sacrifice (sth valued); beast slaughtered as a sacrifice,1827.0,6.0,True
勇敢,yǒng gǎn,brave; courageous,1828.0,4.0,True
愤怒,fèn nù,angry; indignant; wrath,1829.0,5.0,True
合,hé,to close; to join; to fit,1830.0,,True
奇,qí,strange; odd; weird,1831.0,,True
数字,shù zì,numeral; digit; number,1832.0,4.0,True
咪,mī,sound for calling a cat,1833.0,,True
纸,zhǐ,"paper (; classifier for documents, letters etc",1834.0,,True
地上,dì shang,on the ground; on the floor,1835.0,,True
范围,fàn wéi,range; scope; limit,1836.0,4.0,True
称,chēng,to weigh; to state; to name,1837.0,,True
骑,qí,"to sit astride; to ride (a horse, bike etc); classifier for saddle horses",1838.0,3.0,True
尽量,jǐn liàng,as much as possible; to the greatest extent,1839.0,5.0,True
太阳,tài yang,sun,1840.0,3.0,True
午餐,wǔ cān,lunch; luncheon,1841.0,,True
提出,tí chū,to raise (an issue); to propose; to put forward,1842.0,,True
暂时,zàn shí,temporary; provisional; for the time being,1843.0,4.0,True
据,jù,according to; to act in accordance with; to depend on,1844.0,,True
午饭,wǔ fàn,lunch,1845.0,,True
优秀,yōu xiù,outstanding; excellent,1846.0,4.0,True
亲自,qīn zì,personally; in person; oneself,1847.0,5.0,True
迟,chí,late; delayed; slow,1848.0,,True
歌曲,gē qǔ,song,1849.0,,True
婴儿,yīng ér,infant; baby; lead (Pb),1850.0,6.0,True
极,jí,"extremely; pole (geography, physics); utmost",1851.0,3.0,True
兰,lán,orchid; fragrant thoroughwort; lily magnolia,1852.0,,True
笑话,xiào hua,joke; jest; to laugh at; to mock,1853.0,4.0,True
可惜,kě xī,it is a pity; what a pity; unfortunately,1854.0,4.0,True
响,xiǎng,echo; sound; noise,1855.0,4.0,True
石头,shí tou,stone,1856.0,5.0,True
英尺,yīng chǐ,foot (unit of length equal to 0.3048 m),1857.0,,True
屋,wū,house; room,1858.0,,True
省,shěng,to save; to economize; to be frugal; to omit; to delete; to leave out; province,1859.0,4.0,True
细节,xì jié,details; particulars,1860.0,5.0,True
顶,dǐng,apex; crown of the head; top,1861.0,5.0,True
科学,kē xué,science; scientific knowledge; scientific,1862.0,4.0,True
迷,mí,to bewilder; crazy about; fan,1863.0,,True
笨,bèn,stupid; foolish; silly,1864.0,4.0,True
塔,tǎ,pagoda; tower; minaret,1865.0,5.0,True
有的,yǒu de,some (who are...); some (exist),1866.0,,True
道理,dào li,reason; argument; sense,1867.0,5.0,True
船长,chuán zhǎng,captain (of a boat); skipper,1868.0,,True
撒,sā,to let go; to cast; to let loose,1869.0,,True
歌手,gē shǒu,singer,1870.0,,True
上校,shàng xiào,high ranking officer in Chinese army; colonel,1871.0,,True
运气,yùn qi,luck (good or bad),1872.0,5.0,True
主要,zhǔ yào,main; principal; major,1873.0,3.0,True
烟,yān,cigarette or pipe tobacco; smoke; mist,1874.0,,True
同事,tóng shì,colleague; co-worker,1875.0,3.0,True
餐厅,cān tīng,dining hall; dining room; restaurant,1876.0,5.0,True
喊,hǎn,to yell; to shout; to call out for (a person),1877.0,5.0,True
各,gè,each; every,1878.0,4.0,True
魔,mó,evil spirit; devil; supernatural; magical,1879.0,,True
美女,měi nǚ,beautiful woman,1880.0,,True
距离,jù lí,distance; to be apart from,1881.0,4.0,True
毒,dú,poison; to poison; poisonous,1882.0,,True
讲话,jiǎng huà,a speech; to speak; to talk,1883.0,,True
有所,yǒu suǒ,somewhat; to some extent,1884.0,,True
制作,zhì zuò,to make; to manufacture,1885.0,5.0,True
莱,lái,"name of weed plant (fat hen, goosefoot, pigweed etc); Chenopodium album",1886.0,,True
摔,shuāi,to throw down; to fall; to drop and break,1887.0,5.0,True
街上,jiē shang,on the street; in town,1888.0,,True
团队,tuán duì,team,1889.0,,True
早就,zǎo jiù,already at an earlier time,1890.0,,True
鼻子,bí zi,nose,1891.0,3.0,True
相处,xiāng chǔ,to be in contact (with sb); to associate; to interact,1892.0,5.0,True
罢了,bà le,"a modal particle indicating (that's all, only, nothing much)",1893.0,,True
绝,jué,to cut short; extinct; to disappear,1894.0,,True
归,guī,to return; to go back to; to give back to,1895.0,,True
度过,dù guò,to pass; to spend (time); to survive,1896.0,5.0,True
拳,quán,fist; boxing,1897.0,,True
关注,guān zhù,to pay attention to; to follow sth closely; to follow (on social media); concern; interest; attention,1898.0,,True
德国,Dé guó,Germany,1899.0,,True
大部分,dà bù fen,the greater part; the majority; most; Taiwan pr. [da4bu4fen4],1900.0,,True
窗户,chuāng hu,window,1901.0,4.0,True
奇迹,qí jì,miracle; miraculous; wonder,1902.0,5.0,True
空气,kōng qì,air; atmosphere,1903.0,4.0,True
护士,hù shi,nurse,1904.0,4.0,True
分享,fēn xiǎng,"to share (esp. sth enjoyable, useful or beneficial)",1905.0,,True
萨,sà,used in transliteration,1906.0,,True
被捕,bèi bǔ,to be arrested; under arrest,1907.0,,True
基,jī,"base; foundation; radical (chemistry); gay (loanword from English into Cantonese, Jyutping: gei1, followed by",1908.0,,True
后悔,hòu huǐ,to regret; to feel remorse,1909.0,4.0,True
信仰,xìn yǎng,to believe in (a religion); firm belief; conviction,1910.0,6.0,True
保安,bǎo ān,to ensure public security; to ensure safety (for workers engaged in production); public security,1911.0,,True
变态,biàn tài,to metamorphose (biology); abnormal; perverted,1912.0,,True
媒体,méi tǐ,"media, esp. news media",1913.0,6.0,True
赶紧,gǎn jǐn,hurriedly; without delay,1914.0,5.0,True
匹,pǐ,"classifier for horses, mules etc; classifier for cloth: bolt; horsepower",1915.0,5.0,True
角,jiǎo,angle; corner; horn,1916.0,3.0,True
所谓,suǒ wèi,so-called; what is called,1917.0,5.0,True
建立,jiàn lì,to establish; to set up; to found,1918.0,5.0,True
印,yìn,to print; to mark; to engrave,1919.0,,True
无所谓,wú suǒ wèi,to be indifferent; not to matter; cannot be said to be,1920.0,,True
变化,biàn huà,to change; to vary; change; variation,1921.0,3.0,True
表达,biǎo dá,to express; to convey,1922.0,4.0,True
大约,dà yuē,approximately; probably,1923.0,4.0,True
东,dōng,east; host (i.e. sitting on east side of guest); landlord,1924.0,3.0,True
一辈子,yī bèi zi,a lifetime,1925.0,5.0,True
仅仅,jǐn jǐn,barely; only; merely,1926.0,,True
华盛顿,Huá shèng dùn,"Washington (name); George Washington (1732-1799), first US president; Washington, US State",1927.0,,True
造,zào,to make; to build; to manufacture,1928.0,,True
姐妹,jiě mèi,"sisters; siblings; sister (school, city etc)",1929.0,,True
神秘,shén mì,mysterious; mystery,1930.0,5.0,True
实现,shí xiàn,to achieve; to implement; to realize,1931.0,5.0,True
市,shì,market; city; municipality (administrative unit),1932.0,,True
维,wéi,to preserve; to maintain; to hold together,1933.0,,True
政治,zhèng zhì,politics; political,1935.0,5.0,True
症,zhèng,disease; illness,1936.0,,True
魔鬼,mó guǐ,devil,1938.0,6.0,True
孤独,gū dú,lonely; solitary,1940.0,6.0,True
蒂,dì,stem (of fruit),1941.0,,True
内容,nèi róng,content; substance; details,1942.0,4.0,True
巨大,jù dà,huge; immense; very large,1943.0,5.0,True
宝宝,bǎo bao,darling; baby,1944.0,,True
惩罚,chéng fá,penalty; punishment; to punish,1945.0,6.0,True
加上,jiā shàng,plus; to put in; to add,1946.0,,True
开门,kāi mén,to open a door; to open for business,1947.0,,True
蓝色,lán sè,blue (color),1948.0,,True
退出,tuì chū,to withdraw; to abort; to quit,1949.0,,True
鬼魂,guǐ hún,ghost,1950.0,,True
对手,duì shǒu,opponent; rival; competitor,1951.0,5.0,True
前进,qián jìn,to go forward; to forge ahead; to advance,1952.0,,True
怎,zěn,how,1953.0,,True
乔治,Qiáo zhì,George (name),1954.0,,True
神奇,shén qí,magical; mystical; miraculous,1955.0,6.0,True
牧师,mù shī,chaplain; churchman; clergyman,1956.0,,True
年级,nián jí,"grade; year (in school, college etc)",1957.0,3.0,True
代,dài,to be a substitute for; to act on behalf of; to replace; to substitute; generation; dynasty; age; period; (historical) era; (geological) eon,1958.0,,True
登,dēng,to scale (a height); to ascend; to mount,1959.0,,True
环境,huán jìng,environment; circumstances; surroundings,1960.0,3.0,True
提到,tí dào,to mention; to raise (a subject); to refer to,1961.0,,True
杂种,zá zhǒng,hybrid; mixed breed; bastard,1962.0,,True
刺激,cì jī,to provoke; to irritate; to upset; to stimulate; to excite; irritant,1963.0,5.0,True
凭,píng,to lean against; to rely on; on the basis of,1965.0,5.0,True
规定,guī dìng,to stipulate; to specify; to prescribe; to fix (a price); to set (a quota); regulations; rules; provisions; stipulations,1966.0,4.0,True
好多,hǎo duō,many; quite a lot; much better,1967.0,,True
雨,yǔ,rain,1968.0,,True
磅,bàng,"scale (instrument for weighing); to weigh; pound (unit of weight, about 454 grams)",1969.0,6.0,True
最佳,zuì jiā,optimum; optimal; peak,1971.0,,True
受害人,shòu hài rén,victim,1972.0,,True
废话,fèi huà,nonsense; rubbish; superfluous words,1973.0,5.0,True
效果,xiào guǒ,result; effect; efficacy,1974.0,4.0,True
伤口,shāng kǒu,wound; cut,1975.0,,True
咯,lo,"final particle similar to 了 (le), indicating that something is obvious",1976.0,,True
魔法,mó fǎ,enchantment; magic,1977.0,,True
独自,dú zì,alone,1978.0,,True
现金,xiàn jīn,cash,1979.0,5.0,True
夺,duó,to seize; to take away forcibly; to wrest control of,1980.0,,True
掌握,zhǎng wò,"to grasp (often fig.); to control; to seize (initiative, opportunity, destiny)",1981.0,5.0,True
麦克,mài kè,microphone,1982.0,,True
儿童,ér tóng,child,1983.0,4.0,True
女孩子,nǚ hái zi,girl,1984.0,,True
强大,qiáng dà,big and strong; formidable; powerful,1985.0,,True
分开,fēn kāi,to separate; to part,1986.0,,True
租,zū,to hire; to rent; to charter,1987.0,4.0,True
杰,jié,hero; heroic; outstanding person,1988.0,,True
佬,lǎo,male; man (Cantonese),1989.0,,True
承诺,chéng nuò,to promise; to undertake to do something; commitment,1990.0,6.0,True
脖子,bó zi,neck,1991.0,5.0,True
检察官,jiǎn chá guān,public prosecutor; public procurator (judicial officer whose job may involve,1992.0,,True
好看,hǎo kàn,good-looking; nice-looking; good; in an embarrassing situation,1993.0,,True
间谍,jiàn dié,spy,1994.0,6.0,True
篇,piān,sheet; piece of writing; bound set of bamboo slips used for record keeping (old),1995.0,4.0,True
玩具,wán jù,plaything; toy,1996.0,5.0,True
机器人,jī qì rén,robot; android,1998.0,,True
满足,mǎn zú,to satisfy; to meet (the needs of); satisfied,1999.0,5.0,True
打败,dǎ bài,to defeat; to overpower; to beat,2000.0,,True
不见,bù jiàn,not to see; not to meet; to have disappeared,2001.0,,True
确信,què xìn,to be convinced; to be sure; to firmly believe,2002.0,6.0,True
不管怎样,bù guǎn zěn yàng,in any case; no matter what,2003.0,,True
科,kē,branch of study; administrative section; division,2004.0,,True
传统,chuán tǒng,tradition; traditional; convention,2005.0,5.0,True
浪漫,làng màn,romantic,2006.0,4.0,True
哼,hēng,to groan; to snort; to hum,2007.0,6.0,True
念,niàn,to read; to study (a subject); to attend (a school),2008.0,5.0,True
巴黎,Bā lí,"Paris, capital of France",2009.0,,True
重复,chóng fù,to repeat; to duplicate,2010.0,5.0,True
和平,hé píng,peace; peaceful,2011.0,5.0,True
欣赏,xīn shǎng,to appreciate; to enjoy; to admire,2012.0,5.0,True
天气,tiān qì,weather,2014.0,1.0,True
绑,bǎng,to tie; bind or fasten together; to kidnap,2015.0,,True
守,shǒu,to guard; to defend; to keep watch,2016.0,,True
一一,yī yī,one by one; one after another,2017.0,,True
态度,tài du,manner; bearing; attitude,2018.0,4.0,True
尴尬,gān gà,awkward; embarrassed,2019.0,6.0,True
诺,nuò,to consent; to promise; yes!,2020.0,,True
你好,nǐ hǎo,hello; hi,2021.0,,True
难以,nán yǐ,"hard to (predict, imagine etc)",2022.0,,True
林,lín,woods; forest; circle(s) (i.e. specific group of people); a collection (of similar things),2023.0,,True
支票,zhī piào,check (bank); cheque,2024.0,5.0,True
拼,pīn,to piece together; to put together; to pool (resources etc); to share; to risk all; to go all out,2025.0,,True
好玩,hǎo wán,amusing; fun; interesting,2026.0,,True
早餐,zǎo cān,breakfast,2027.0,,True
茶,chá,tea; tea plant,2028.0,1.0,True
唯,wéi,only; alone; -ism,2029.0,,True
自信,zì xìn,to have confidence in oneself; self-confidence,2030.0,5.0,True
上学,shàng xué,to go to school; to attend school,2031.0,,True
生物,shēng wù,organism; living creature; life form,2033.0,6.0,True
理论,lǐ lùn,theory; to argue; to take notice of,2034.0,5.0,True
角度,jiǎo dù,angle; point of view,2035.0,5.0,True
年纪,nián jì,age,2036.0,5.0,True
轻,qīng,light; easy; gentle,2037.0,4.0,True
弗兰克,Fú lán kè,Frank (name),2038.0,,True
观察,guān chá,to observe; to watch; to survey,2039.0,5.0,True
九,jiǔ,nine; 9,2040.0,1.0,True
老鼠,lǎo shǔ,rat; mouse,2041.0,5.0,True
击,jī,to hit; to strike; to break,2042.0,,True
龙,lóng,dragon; imperial,2043.0,5.0,True
埋,mái,to bury,2044.0,,True
男友,nán yǒu,boyfriend,2045.0,,True
盖,gài,lid; top; cover,2046.0,5.0,True
关掉,guān diào,to switch off; to shut off,2047.0,,True
吃惊,chī jīng,to be startled; to be shocked; to be amazed,2048.0,4.0,True
大楼,dà lóu,"building (a relatively large, multistory one)",2049.0,,True
移动,yí dòng,to move; movement; migration,2050.0,5.0,True
商店,shāng diàn,store; shop,2051.0,1.0,True
妓女,jì nǚ,prostitute; hooker,2052.0,,True
不断,bù duàn,unceasing; uninterrupted; continuous,2053.0,5.0,True
能量,néng liàng,energy; capabilities,2054.0,6.0,True
解,jiě,to divide; to break up; to split,2055.0,,True
熟悉,shú xī,to be familiar with; to know well,2056.0,4.0,True
牙,yá,tooth; ivory,2057.0,,True
闹,nào,noisy; cacophonous; to make noise,2058.0,,True
公主,gōng zhǔ,princess,2059.0,5.0,True
有效,yǒu xiào,effective; in effect; valid,2060.0,,True
美金,měi jīn,American dollar; US dollar,2061.0,,True
滑,huá,to slip; to slide; slippery; smooth; sly; slippery; not to be trusted,2062.0,,True
夜晚,yè wǎn,night,2063.0,,True
清醒,qīng xǐng,clear-headed; sober; awake,2064.0,6.0,True
指望,zhǐ wàng,to count on; to hope for; prospect; hope,2065.0,6.0,True
感染,gǎn rǎn,to infect; infection; to influence,2067.0,6.0,True
也就是说,yě jiù shì shuō,in other words; that is to say; so,2068.0,,True
露,lù,dew; syrup; nectar,2069.0,5.0,True
抛弃,pāo qì,to abandon; to discard; to renounce,2070.0,6.0,True
摸,mō,to feel with the hand; to touch; to stroke,2071.0,5.0,True
单身,dān shēn,unmarried; single; alone,2072.0,,True
思考,sī kǎo,to reflect on; to ponder over,2073.0,5.0,True
板,bǎn,board; plank; plate,2074.0,,True
好吃,hǎo chī,tasty; delicious,2075.0,2.0,True
女王,nǚ wáng,queen,2076.0,,True
波,bō,wave; ripple; storm,2077.0,,True
胖,pàng,fat; plump,2079.0,3.0,True
认,rèn,to recognize; to know; to admit,2080.0,,True
勒,lēi,to strap tightly; to bind,2081.0,,True
揍,zòu,to hit; to beat (sb); to smash (sth),2082.0,6.0,True
地图,dì tú,map,2083.0,3.0,True
按照,àn zhào,according to; in accordance with; in the light of,2084.0,4.0,True
美妙,měi miào,beautiful; wonderful; splendid,2085.0,6.0,True
失陪,shī péi,"Excuse me, I must be leaving now.",2086.0,,True
关闭,guān bì,to close; to shut (a window etc); to shut down,2087.0,5.0,True
擅长,shàn cháng,to be good at; to be expert in,2088.0,6.0,True
幻想,huàn xiǎng,delusion; fantasy,2089.0,5.0,True
药物,yào wù,medicaments; pharmaceuticals; medication,2090.0,,True
狼,láng,wolf,2091.0,5.0,True
模,mó,to imitate; model; norm,2092.0,,True
忍受,rěn shòu,to bear; to endure,2093.0,6.0,True
面包,miàn bāo,bread,2094.0,3.0,True
不仅仅,bù jǐn jǐn,not only; not just,2095.0,,True
甩,shuǎi,to throw; to fling; to swing,2096.0,5.0,True
伙伴,huǒ bàn,partner; companion; comrade,2097.0,5.0,True
女友,nǚ yǒu,girlfriend,2098.0,,True
世纪,shì jì,century,2099.0,4.0,True
大麻,dà má,hemp (Cannabis sativa); cannabis; marijuana,2100.0,,True
插,chā,to insert; stick in; pierce,2101.0,5.0,True
比尔,Bǐ ěr,Bill (name),2102.0,,True
达到,dá dào,to reach; to achieve; to attain,2103.0,5.0,True
运,yùn,to move; to transport; to use,2104.0,,True
回忆,huí yì,to recall; memories,2105.0,4.0,True
邮件,yóu jiàn,mail; post; email,2106.0,,True
明,míng,bright; opposite: dark; clear,2107.0,,True
史,shǐ,history; annals; title of an official historian in ancient China,2108.0,,True
动手,dòng shǒu,to set about (a task); to hit; to punch,2109.0,6.0,True
妮,nī,"girl; phonetic ""ni"" (in female names); Taiwan pr. [ni2]",2110.0,,True
总之,zǒng zhī,in a word; in short; in brief,2111.0,5.0,True
英语,Yīng yǔ,English (language),2112.0,,True
能否,néng fǒu,whether one can; whether it is possible,2113.0,,True
可不,kě bu,see 可不是[ke3 bu5 shi4],2114.0,,True
椅子,yǐ zi,chair,2115.0,1.0,True
干活,gàn huó,to work; to be employed,2116.0,,True
鞋子,xié zi,shoe,2117.0,,True
清理,qīng lǐ,to clear up; to tidy up; to dispose of,2118.0,6.0,True
相同,xiāng tóng,identical; same,2119.0,3.0,True
陛下,bì xià,Your Majesty; His or Her Majesty,2120.0,,True
胜,shèng,victory; success; to beat,2121.0,,True
完毕,wán bì,to finish; to end; to complete,2122.0,6.0,True
箱,xiāng,box; trunk; chest,2123.0,,True
血液,xuè yè,blood; lifeblood,2124.0,,True
大卫,Dà wèi,David,2125.0,,True
无论如何,wú lùn rú hé,whatever the case; in any event; no matter what; by all possible means,2126.0,,True
味,wèi,taste; smell; feel,2127.0,,True
保佑,bǎo yòu,to bless and protect; blessing,2128.0,,True
重点,zhòng diǎn,important point; main point; focus; key (project etc); to focus on; to put the emphasis on,2129.0,4.0,True
在场,zài chǎng,to be present; to be on the scene,2130.0,,True
最高,zuì gāo,tallest; highest; supreme (court etc),2131.0,,True
需,xū,to require; to need; to want,2132.0,,True
体,tǐ,body; form; style,2133.0,,True
上尉,shàng wèi,captain (military rank),2134.0,,True
不可,bù kě,cannot; should not; must not,2135.0,,True
教育,jiào yù,to educate; to teach; education,2136.0,4.0,True
谎言,huǎng yán,lie,2137.0,,True
遇见,yù jiàn,to meet,2138.0,,True
耳朵,ěr duo,ear; handle (on a cup),2139.0,3.0,True
世上,shì shàng,on earth,2140.0,,True
葬礼,zàng lǐ,burial; funeral,2141.0,,True
某人,mǒu rén,someone; a certain person; some people,2142.0,,True
拜,bài,to bow to; to pay one's respects; to extend greetings (on a specific occasion); to make a courtesy call,2143.0,,True
婚,hūn,marriage; wedding; to marry,2144.0,,True
委员会,wěi yuán huì,committee; commission,2146.0,,True
机构,jī gòu,mechanism; structure; organization,2147.0,6.0,True
亮,liàng,bright; clear; resonant,2148.0,4.0,True
程度,chéng dù,degree; level; extent,2149.0,5.0,True
碎,suì,to break into pieces; to shatter; to crumble; broken; fragmentary; scattered; garrulous,2150.0,5.0,True
盘,pán,tray; plate; dish; market prices; disk,2151.0,,True
裙子,qún zi,skirt,2152.0,3.0,True
即将,jí jiāng,on the eve of; to be about to; to be on the verge of,2153.0,6.0,True
钻石,zuàn shí,diamond,2154.0,6.0,True
受不了,shòu bù liǎo,unbearable; unable to endure; can't stand,2155.0,4.0,True
图,tú,diagram; picture; drawing,2156.0,,True
艰难,jiān nán,difficult; hard; challenging,2157.0,6.0,True
在于,zài yú,to rest with; to lie in; to be due to (a certain attribute); to be determined by; to be up to (sb),2158.0,,True
教训,jiào xun,to provide guidance; to lecture sb; to upbraid,2159.0,5.0,True
坦白,tǎn bái,honest; forthcoming; to confess,2160.0,6.0,True
议员,yì yuán,member (of a legislative body); representative,2161.0,,True
全国,quán guó,whole nation; nationwide; countrywide,2162.0,,True
订,dìng,to agree; to conclude; to draw up,2163.0,,True
慈善,cí shàn,benevolent; charitable,2164.0,,True
餐馆,cān guǎn,restaurant,2165.0,,True
夫,fū,husband; man; manual worker,2166.0,,True
罗马,Luó mǎ,"Rome, capital of Italy; Ancient Rome",2167.0,,True
皮肤,pí fū,skin,2168.0,4.0,True
部队,bù duì,army; armed forces; troops,2169.0,,True
区别,qū bié,difference; to distinguish; to discriminate,2170.0,4.0,True
背后,bèi hòu,behind; at the back; in the rear,2171.0,,True
装置,zhuāng zhì,to install; installation; equipment,2172.0,,True
全世界,quán shì jiè,worldwide; entire world,2173.0,,True
权力,quán lì,power; authority,2174.0,5.0,True
三明治,sān míng zhì,sandwich,2175.0,,True
棒球,bàng qiú,baseball,2176.0,,True
新鲜,xīn xiān,"fresh (experience, food etc); freshness; novel",2178.0,3.0,True
左右,zuǒ yòu,left and right; nearby; approximately,2179.0,6.0,True
放心,fàng xīn,to feel relieved; to feel reassured; to be at ease,2180.0,3.0,True
学会,xué huì,to learn; to master; institute; learned society; (scholarly) association,2181.0,,True
费,fèi,to cost; to spend; fee,2182.0,,True
痕迹,hén jì,vestige; mark; trace,2183.0,6.0,True
稳定,wěn dìng,steady; stable; stability,2184.0,5.0,True
尊敬,zūn jìng,to respect; to revere; to esteem; honorable; distinguished (used on formal occasions before a term of address),2185.0,5.0,True
河,hé,river,2186.0,3.0,True
司,sī,to take charge of; to manage; department (under a ministry),2187.0,,True
区域,qū yù,area; region; district,2188.0,6.0,True
坚强,jiān qiáng,staunch; strong,2189.0,5.0,True
数据,shù jù,data,2190.0,5.0,True
玻璃,bō li,glass; male homosexual,2191.0,5.0,True
勇气,yǒng qì,courage; valor,2192.0,5.0,True
镜头,jìng tóu,camera lens; camera shot (in a movie etc); scene,2193.0,6.0,True
员工,yuán gōng,staff; personnel; employee,2194.0,,True
保,bǎo,to defend; to protect; to keep; to guarantee; to ensure; civil administration unit in the baojia,2195.0,,True
联盟,lián méng,alliance; union; coalition,2196.0,6.0,True
扇,shàn,"fan; sliding, hinged or detachable flat part of sth; classifier for doors, windows etc",2197.0,,True
阳光,yáng guāng,sunshine; upbeat; energetic; transparent (open to public scrutiny),2198.0,4.0,True
好奇,hào qí,inquisitive; curious; inquisitiveness,2199.0,5.0,True
觉,jué,to feel; to find that; thinking,2200.0,,True
审判,shěn pàn,a trial; to try sb,2201.0,6.0,True
了不起,liǎo bu qǐ,amazing; terrific; extraordinary,2202.0,5.0,True
基地,jī dì,base (of operations); industrial or military base; al-Qaeda,2203.0,6.0,True
砍,kǎn,to chop; to cut down; to throw sth at sb,2204.0,5.0,True
假设,jiǎ shè,to suppose; to presume; to assume,2205.0,6.0,True
聊天,liáo tiān,to chat; to gossip,2206.0,4.0,True
之外,zhī wài,outside; excluding,2207.0,,True
嫉妒,jí dù,to be jealous of; to envy,2208.0,6.0,True
借口,jiè kǒu,to use as an excuse; excuse; pretext,2209.0,5.0,True
土地,tǔ dì,land; soil; territory,2210.0,5.0,True
平,píng,flat; level; equal,2211.0,5.0,True
保姆,bǎo mǔ,nanny; housekeeper,2212.0,6.0,True
摇滚,yáo gǔn,rock 'n' roll (music); to rock; to fall off,2213.0,6.0,True
放手,fàng shǒu,to let go one's hold; to give up; to have a free hand,2214.0,6.0,True
抱怨,bào yuàn,to complain; to grumble; to harbor a complaint,2215.0,6.0,True
注意力,zhù yì lì,attention,2216.0,,True
页,yè,page; leaf,2217.0,4.0,True
承受,chéng shòu,to bear; to support; to inherit,2218.0,5.0,True
签名,qiān míng,to sign (one's name with a pen etc); to autograph; signature,2219.0,,True
时尚,shí shàng,fashion; fad; fashionable,2220.0,5.0,True
的话,de huà,if (coming after a conditional clause),2221.0,,True
文章,wén zhāng,article; essay; literary works,2222.0,4.0,True
打架,dǎ jià,to fight; to scuffle; to come to blows,2223.0,6.0,True
病毒,bìng dú,virus,2224.0,5.0,True
天赋,tiān fù,gift; innate skill,2225.0,,True
整天,zhěng tiān,all day long; whole day,2226.0,,True
海滩,hǎi tān,beach,2227.0,,True
设备,shè bèi,equipment; facilities; installations,2228.0,5.0,True
打击,dǎ jī,to hit; to strike; to attack,2229.0,6.0,True
泡,pào,bubble; foam; blister; to soak; to steep; to infuse,2230.0,,True
描述,miáo shù,to describe; description,2231.0,,True
神像,shén xiàng,likeness of a god or Buddha; portrait of the deceased,2232.0,,True
医疗,yī liáo,medical treatment,2233.0,,True
袋,dài,pouch; bag; sack,2234.0,,True
类似,lèi sì,similar; analogous,2235.0,6.0,True
隐藏,yǐn cáng,to hide; to conceal; to mask,2236.0,,True
硬,yìng,hard; stiff; solid; strong; firm; resolutely; uncompromisingly,2237.0,4.0,True
语言,yǔ yán,language,2238.0,4.0,True
标准,biāo zhǔn,standard; norm; criterion; standard; good; correct; conforming to a standard,2239.0,4.0,True
激情,jī qíng,passion; fervor; enthusiasm,2240.0,6.0,True
注射,zhù shè,injection; to inject,2241.0,6.0,True
治,zhì,to rule; to govern; to manage,2242.0,,True
车子,chē zi,"car or other vehicle (bicycle, truck etc)",2243.0,,True
阁下,gé xià,your distinguished self; your majesty; sire,2244.0,,True
当作,dàng zuò,to treat as; to regard as,2245.0,,True
工,gōng,work; worker; skill,2246.0,,True
南,nán,south,2247.0,3.0,True
奥,ào,Austria; Olympics; obscure,2248.0,,True
许,xǔ,to allow; to permit; to promise,2249.0,,True
娶,qǔ,to take a wife; to marry (a woman),2250.0,5.0,True
文,wén,language; culture; writing,2251.0,,True
处于,chǔ yú,"to be in (some state, position, or condition)",2252.0,,True
犹太人,Yóu tài rén,Jew,2253.0,,True
提要,tí yào,summary; abstract,2254.0,,True
投资,tóu zī,investment; to invest,2255.0,5.0,True
过分,guò fèn,excessive; undue; overly,2256.0,5.0,True
对象,duì xiàng,target; object; partner; boyfriend; girlfriend,2257.0,5.0,True
期,qī,period; cycle; a period of time,2258.0,,True
一致,yī zhì,unanimous; identical (views or opinions),2260.0,5.0,True
贴,tiē,to stick; to paste; to post (e.g. on a blog),2261.0,,True
转移,zhuǎn yí,to shift; to relocate; to transfer; to shift (attention); to change (the subject etc); to metastasize,2262.0,6.0,True
管理,guǎn lǐ,to supervise; to manage; to administer,2263.0,4.0,True
保密,bǎo mì,to keep sth confidential; to maintain secrecy,2264.0,6.0,True
摆脱,bǎi tuō,to break away from; to cast off (old ideas etc); to get rid of,2265.0,6.0,True
助手,zhù shǒu,assistant; helper,2266.0,6.0,True
魅力,mèi lì,charm; fascination; glamor,2267.0,5.0,True
实验,shí yàn,experiment; test; experimental,2268.0,5.0,True
误会,wù huì,to misunderstand; to mistake; misunderstanding,2269.0,4.0,True
启动,qǐ dòng,to start (a machine); to set in motion; to launch (an operation),2270.0,,True
哟,yō,Oh! (interjection indicating slight surprise); also pr. [yao1],2271.0,,True
建,jiàn,to establish; to found; to set up,2272.0,,True
恋爱,liàn ài,love; in love; to have an affair,2273.0,5.0,True
小时候,xiǎo shí hou,in one's childhood,2274.0,,True
话题,huà tí,subject (of a talk or conversation); topic,2275.0,5.0,True
市场,shì chǎng,marketplace; market (also in abstract),2276.0,4.0,True
栋,dòng,ridgepole (old); classifier for houses or buildings,2277.0,6.0,True
木,mù,tree; wood; unresponsive; numb; wooden,2278.0,,True
团,tuán,round; lump; ball,2279.0,5.0,True
练,liàn,to practice; to train; to drill,2280.0,,True
迷人,mí rén,fascinating; enchanting; charming,2281.0,6.0,True
加州,Jiā zhōu,California,2282.0,,True
桥,qiáo,bridge,2283.0,4.0,True
建筑,jiàn zhù,to construct; building,2284.0,5.0,True
迪,dí,to enlighten,2285.0,,True
举行,jǔ xíng,"to hold (a meeting, ceremony etc)",2286.0,3.0,True
损失,sǔn shī,loss; damage; to lose,2287.0,5.0,True
码,mǎ,agate; standard weight used with a balance scale; number,2288.0,,True
王子,wáng zǐ,prince; son of a king,2289.0,5.0,True
丹,dān,red; pellet; powder,2290.0,,True
退后,tuì hòu,to stand back; to go back (in time); to yield,2291.0,,True
自豪,zì háo,proud (of one's achievements etc),2292.0,5.0,True
肚子,dù zi,belly; abdomen; stomach,2293.0,4.0,True
伊,yī,"third person singular pronoun (""he"" or ""she""); second person singular pronoun (""you""); third person singular feminine pronoun (""she"")",2294.0,,True
开除,kāi chú,to expel (a member of an organization); to fire (an employee),2295.0,6.0,True
不仅,bù jǐn,"not just; not limited to; not only (..., but also ...)",2296.0,4.0,True
夏天,xià tiān,summer,2297.0,,True
饼干,bǐng gān,biscuit; cracker; cookie,2298.0,4.0,True
证,zhèng,to admonish; certificate; proof,2299.0,,True
母,mǔ,mother; elderly female relative; origin,2300.0,,True
麦,mài,wheat; barley; oats; mic,2301.0,,True
可笑,kě xiào,funny; ridiculous,2302.0,6.0,True
热情,rè qíng,cordial; enthusiastic; passion,2303.0,3.0,True
作证,zuò zhèng,to bear witness; to testify; to serve as evidence,2304.0,,True
好笑,hǎo xiào,laughable; funny; ridiculous,2305.0,,True
说法,shuō fa,way of speaking; wording; formulation,2306.0,,True
开口,kāi kǒu,to open one's mouth; to start to talk,2307.0,,True
国际,guó jì,international,2308.0,4.0,True
仪式,yí shì,ceremony,2309.0,6.0,True
投入,tóu rù,to throw into; to put into; to throw oneself into,2310.0,,True
成熟,chéng shú,mature; ripe; to mature; to ripen; Taiwan pr. [chéng shóu],2311.0,4.0,True
恋,liàn,to feel attached to; to long for; to love,2312.0,,True
谋杀案,móu shā àn,murder case,2313.0,,True
混乱,hùn luàn,confusion; chaos; disorder,2314.0,6.0,True
信心,xìn xīn,confidence; faith (in sb or sth),2315.0,4.0,True
当成,dàng chéng,to consider as; to take to be,2316.0,,True
经,jīng,classics; sacred book; scripture,2317.0,,True
惨,cǎn,miserable; wretched; cruel,2318.0,,True
联络,lián luò,to get in touch with; to contact; to stay in contact (with),2319.0,6.0,True
癌症,ái zhèng,cancer,2320.0,6.0,True
抬,tái,to lift; to raise; to carry,2321.0,4.0,True
爵士,jué shì,knight; Sir; jazz,2322.0,,True
表明,biǎo míng,to make clear; to make known; to state clearly,2323.0,5.0,True
飞行,fēi xíng,to fly; flying; flight,2324.0,,True
剑,jiàn,double-edged sword; classifier for blows of a sword,2325.0,,True
幅,fú,width; roll; classifier for textiles or pictures,2326.0,5.0,True
老公,lǎo gōng,husband,2327.0,,True
注,zhù,"to pour into; to flow into; to inject; to focus (one's spirit, gaze etc) on a single point; to concentrate; stake (in gambling)",2328.0,,True
天才,tiān cái,talent; gift; genius,2329.0,6.0,True
工具,gōng jù,tool; instrument; utensil,2330.0,4.0,True
骨头,gǔ tou,bone; moral character; bitterness,2331.0,5.0,True
送给,sòng gěi,to send; to give as a present,2332.0,,True
言,yán,words; speech; to say,2333.0,,True
踩,cǎi,to step on; to tread; to stamp,2334.0,5.0,True
忍,rěn,to bear; to endure; to tolerate,2335.0,,True
醒来,xǐng lái,to waken,2336.0,,True
市长,shì zhǎng,mayor,2337.0,,True
男生,nán shēng,schoolboy; male student; boy,2338.0,,True
发射,fā shè,to shoot (a projectile); to fire (a rocket); to launch,2339.0,6.0,True
之内,zhī nèi,inside; within,2340.0,,True
考试,kǎo shì,to take an exam; exam,2341.0,2.0,True
生存,shēng cún,to exist; to survive,2342.0,6.0,True
犯人,fàn rén,convict; prisoner; criminal,2343.0,,True
名人,míng rén,personage; celebrity,2344.0,,True
海军,hǎi jūn,navy,2345.0,,True
第五,dì wǔ,fifth,2346.0,,True
假如,jiǎ rú,if,2347.0,5.0,True
纹,wén,line; trace; mark; pattern; grain (of wood etc); to tattoo,2348.0,,True
结局,jié jú,conclusion; ending,2349.0,6.0,True
化,huà,to make into; to change into; -ization,2350.0,,True
非法,fēi fǎ,illegal,2351.0,6.0,True
合同,hé tong,contract,2352.0,5.0,True
剪,jiǎn,scissors or similar tool; to cut as with scissors; to wipe out; to exterminate,2353.0,,True
竞争,jìng zhēng,to compete; competition,2354.0,4.0,True
没事儿,méi shì r,to have spare time; free from work; it's not important,2356.0,,True
争取,zhēng qǔ,to fight for; to strive for; to win over,2357.0,5.0,True
判,pàn,to differentiate; to distinguish; clearly (different); to judge; to decide; to grade,2358.0,,True
接下来,jiē xià lái,to accept; to take; next,2359.0,,True
胸,xiōng,chest; bosom; heart,2361.0,5.0,True
人人,rén rén,everyone; every person,2362.0,,True
车祸,chē huò,traffic accident; car crash,2363.0,,True
当地,dāng dì,local,2364.0,4.0,True
信用卡,xìn yòng kǎ,credit card,2365.0,4.0,True
早晨,zǎo chén,early morning; also pr. [zao3chen5],2366.0,,True
滚开,gǔn kāi,to boil; boiling hot; get out!; go away!; fuck off!,2367.0,,True
微笑,wēi xiào,smile; to smile,2368.0,5.0,True
人家,rén jia,"other people; sb else; he, she or they",2369.0,6.0,True
电梯,diàn tī,elevator; escalator,2370.0,3.0,True
辈子,bèi zi,all one's life; lifetime,2371.0,,True
出口,chū kǒu,an exit; to speak; to export,2372.0,5.0,True
左边,zuǒ bian,left; the left side; to the left of,2373.0,2.0,True
爆,bào,to explode; to burst; to stir-fry briefly; to quick-boil,2374.0,,True
托,tuō,"to hold up in one's hand; to support with one's palm; sth serving as a support: a prop, a rest (e.g. arm rest); a shill",2375.0,,True
动机,dòng jī,motive; motivation,2376.0,6.0,True
礼拜,lǐ bài,to attend a religious service; week; Sunday,2377.0,,True
蛇,shé,snake; serpent,2378.0,5.0,True
乖,guāi,"obedient, well-behaved; clever; shrewd",2379.0,5.0,True
黑色,hēi sè,black,2380.0,,True
名叫,míng jiào,called; named,2381.0,,True
欺骗,qī piàn,to deceive; to cheat,2382.0,6.0,True
监控,jiān kòng,to monitor,2383.0,,True
发出,fā chū,"to issue (an order, decree etc); to send out; to dispatch; to produce (a sound); to let out (a laugh)",2384.0,,True
拍照,pāi zhào,to take a picture,2385.0,,True
穿过,chuān guò,to pass through,2387.0,,True
并非,bìng fēi,really isn't,2388.0,6.0,True
彼得,Bǐ dé,Peter (name),2389.0,,True
做爱,zuò ài,to make love,2390.0,,True
同学,tóng xué,to study at the same school; fellow student; classmate,2391.0,1.0,True
非洲,Fēi zhōu,Africa,2392.0,,True
警报,jǐng bào,alarm; alert signal; alert,2393.0,,True
出局,chū jú,to be put out (in baseball); to be dismissed (in cricket); to be eliminated from a competition; to be weeded out; to get the chop (in a competitive environment),2394.0,,True
内部,nèi bù,"interior; inside (part, section); internal",2395.0,,True
人质,rén zhì,hostage,2396.0,6.0,True
一会,yī huì,a moment; a while; in a moment,2397.0,,True
扮演,bàn yǎn,to play the role of; to act,2398.0,6.0,True
北,běi,north; to be defeated,2399.0,,True
服,fú,clothes; dress; garment,2400.0,,True
系,xì,to connect; to relate to; to tie up,2401.0,5.0,True
姿势,zī shì,posture; position,2402.0,5.0,True
宇宙,yǔ zhòu,universe; cosmos,2403.0,5.0,True
瞎,xiā,blind; groundlessly; foolishly,2404.0,5.0,True
面试,miàn shì,to be interviewed (as a candidate); interview,2405.0,,True
汤,tāng,soup; hot or boiling water; decoction of medicinal herbs,2406.0,4.0,True
最新,zuì xīn,latest; newest,2407.0,,True
丽,lì,beautiful,2408.0,,True
卧室,wò shì,bedroom,2409.0,5.0,True
远离,yuǎn lí,to be far from; to keep away from,2410.0,,True
剧本,jù běn,"script for play, opera, movie etc; screenplay; scenario",2411.0,6.0,True
请问,qǐng wèn,"Excuse me, may I ask...?",2412.0,,True
手指,shǒu zhǐ,finger,2413.0,5.0,True
盒,hé,small box; case,2414.0,,True
证实,zhèng shí,to confirm (sth to be true); to verify,2415.0,6.0,True
哎,āi,hey!; interjection used to attract attention or to express surprise or disapprobation,2416.0,,True
迈阿密,Mài ā mì,Miami (Florida),2417.0,,True
一路,yī lù,the whole journey; all the way; going the same way,2418.0,5.0,True
游,yóu,to swim; to walk; to tour,2419.0,,True
姓,xìng,family name; to be surnamed; surname,2420.0,2.0,True
资格,zī gé,qualifications; seniority,2421.0,5.0,True
作家,zuò jiā,author,2422.0,,True
辞职,cí zhí,to resign,2423.0,5.0,True
被告,bèi gào,defendant,2424.0,6.0,True
钱包,qián bāo,purse; wallet,2425.0,,True
客,kè,customer; visitor; guest; classifier for servings or portions (when ordering food),2426.0,,True
诚实,chéng shí,honest,2427.0,4.0,True
贱人,jiàn rén,slut; cheap person,2428.0,,True
合法,hé fǎ,lawful; legitimate; legal,2429.0,5.0,True
粉丝,fěn sī,"bean vermicelli; mung bean starch noodles; cellophane noodles; fan; enthusiast for sb or sth (loanword from ""fans"")",2430.0,,True
级,jí,level; grade; rank,2431.0,,True
谢天谢地,xiè tiān xiè dì,thank goodness,2432.0,,True
搜索,sōu suǒ,to search (a place); to search (a database); to search for (sth),2434.0,6.0,True
好久,hǎo jiǔ,for a long time,2435.0,,True
工厂,gōng chǎng,factory,2436.0,5.0,True
留给,liú gěi,to set aside for,2437.0,,True
走运,zǒu yùn,to have good luck; to be in luck,2438.0,,True
吸毒,xī dú,to take drugs,2439.0,,True
独立,dú lì,independent; independence; to stand alone,2440.0,5.0,True
到来,dào lái,to arrive; arrival; advent,2441.0,,True
决赛,jué sài,finals (of a competition),2443.0,5.0,True
食,shí,to eat; food; animal feed,2444.0,,True
手段,shǒu duàn,method; way; means (of doing sth); skill; ability; trick; wile,2445.0,,True
扣,kòu,to fasten; to button; button,2446.0,,True
顾客,gù kè,customer; client,2447.0,4.0,True
农场,nóng chǎng,farm,2448.0,,True
网络,wǎng luò,"network (computing, telecommunications, transport etc)",2449.0,6.0,True
口袋,kǒu dài,pocket; bag; sack,2450.0,,True
方便,fāng biàn,convenient; suitable; to facilitate,2451.0,3.0,True
时机,shí jī,opportunity; opportune moment,2452.0,6.0,True
存,cún,to exist; to deposit; to store,2453.0,5.0,True
毛病,máo bìng,fault; defect; shortcomings,2454.0,5.0,True
香,xiāng,fragrant; sweet smelling; aromatic,2455.0,4.0,True
百,bǎi,hundred; numerous; all kinds of,2456.0,2.0,True
印度,Yìn dù,India,2457.0,,True
交流,jiāo liú,to exchange; exchange; communication,2458.0,4.0,True
辩护,biàn hù,to speak in defense of; to argue in favor of; to defend,2459.0,6.0,True
打扮,dǎ ban,to decorate; to dress; to make up,2460.0,4.0,True
晕,yūn,confused; dizzy; giddy,2461.0,5.0,True
黄,huáng,yellow; pornographic; to fall through,2462.0,3.0,True
起码,qǐ mǎ,at the minimum; at the very least,2463.0,6.0,True
嫌犯,xián fàn,criminal suspect,2464.0,,True
公开,gōng kāi,open; overt; public; to make public; to release,2465.0,5.0,True
行李,xíng li,luggage,2466.0,,True
玛丽,Mǎ lì,Mary or Marie (name); Mali,2467.0,,True
宁愿,nìng yuàn,would rather ... (than ...),2468.0,6.0,True
隐瞒,yǐn mán,to conceal; to hide (a taboo subject); to cover up the truth,2469.0,6.0,True
观点,guān diǎn,point of view; viewpoint; standpoint,2470.0,5.0,True
地板,dì bǎn,floor,2471.0,,True
悲伤,bēi shāng,sad; sorrowful,2472.0,,True
尖叫,jiān jiào,to screech; to shriek,2473.0,,True
网上,wǎng shàng,online,2474.0,,True
说不定,shuō bu dìng,can't say for sure; maybe,2475.0,5.0,True
小丑,xiǎo chǒu,clown,2476.0,,True
剧,jù,"theatrical work (play, opera, TV series etc); dramatic (change, increase etc); acute",2477.0,,True
小说,xiǎo shuō,novel; fiction,2478.0,4.0,True
年龄,nián líng,age,2479.0,4.0,True
交换,jiāo huàn,to exchange; to swap; to switch (telecom),2480.0,5.0,True
雪,xuě,snow; to wipe away (a humiliation etc),2481.0,2.0,True
符合,fú hé,in keeping with; in accordance with; tallying with,2482.0,4.0,True
拥抱,yōng bào,to embrace; to hug,2483.0,5.0,True
万一,wàn yī,just in case; if by any chance; contingency,2484.0,5.0,True
社区,shè qū,community; neighborhood,2485.0,6.0,True
助理,zhù lǐ,assistant,2486.0,6.0,True
发明,fā míng,to invent; an invention,2487.0,5.0,True
通话,tōng huà,to hold a conversation; to talk over the telephone; phone call,2488.0,,True
贵,guì,expensive; noble; precious,2489.0,2.0,True
交通,jiāo tōng,to be connected; traffic; transportation,2490.0,4.0,True
演唱,yǎn chàng,to sing (for an audience); vocal performance,2491.0,,True
重大,zhòng dà,great; important; major,2492.0,,True
组合,zǔ hé,to assemble; to combine; to compose,2493.0,5.0,True
思想,sī xiǎng,thought; thinking; idea,2494.0,5.0,True
唱片,chàng piàn,gramophone record; LP; music CD,2495.0,,True
骑士,qí shì,"knight; cavalier; bike rider (scooter, bicycle etc)",2496.0,,True
洗手间,xǐ shǒu jiān,toilet; lavatory; washroom,2497.0,3.0,True
哈哈,hā hā,laughing out loud,2498.0,,True
楼上,lóu shàng,upstairs; previous poster in a forum thread,2499.0,,True
载,zài,to carry; to convey; to load,2500.0,,True
逮,dǎi,to catch; to seize; to capture,2501.0,,True
圣诞老人,Shèng dàn Lǎo rén,Father Christmas; Santa Claus,2502.0,,True
镜,jìng,mirror; lens,2503.0,,True
针对,zhēn duì,to target; to focus on; to be aimed at or against,2504.0,5.0,True
肥,féi,fat; fertile; loose-fitting or large,2505.0,,True
具体,jù tǐ,concrete; definite; specific,2507.0,5.0,True
版,bǎn,a register; block of printing; edition,2508.0,,True
领导,lǐng dǎo,lead; leading; to lead,2509.0,5.0,True
共同,gòng tóng,common; joint; jointly,2510.0,4.0,True
曲,qū,bent; crooked; wrong,2511.0,,True
洗澡,xǐ zǎo,to bathe; to take a shower,2512.0,3.0,True
针,zhēn,needle; pin; injection,2513.0,,True
填,tián,to fill or stuff; to fill in,2514.0,,True
稍微,shāo wēi,a little bit,2515.0,4.0,True
饮料,yǐn liào,drink; beverage,2516.0,4.0,True
公路,gōng lù,highway; road,2517.0,,True
闪,shǎn,to dodge; to duck out of the way; to beat it,2518.0,,True
铁,tiě,iron (metal); arms; weapons,2519.0,,True
主题,zhǔ tí,theme; subject,2520.0,6.0,True
海盗,hǎi dào,pirate,2521.0,,True
一点儿,yī diǎn r,erhua variant of,2522.0,,True
既,jì,already; since; both... (and...),2523.0,,True
幸存者,xìng cún zhě,survivor,2524.0,,True
增加,zēng jiā,to raise; to increase,2525.0,4.0,True
当中,dāng zhōng,among; in the middle; in the center,2526.0,,True
牙齿,yá chǐ,tooth; dental,2527.0,,True
敲,qiāo,to hit; to strike; to tap,2528.0,4.0,True
绕,rào,to wind; to coil (thread); to rotate around,2529.0,5.0,True
头脑,tóu nǎo,brains; mind; skull,2530.0,,True
主任,zhǔ rèn,director; head,2531.0,,True
直升机,zhí shēng jī,helicopter,2532.0,,True
渴望,kě wàng,to thirst for; to long for,2533.0,6.0,True
领,lǐng,neck; collar; to lead,2534.0,,True
校长,xiào zhǎng,president; headmaster,2535.0,3.0,True
加拿大,Jiā ná dà,Canada,2536.0,,True
驾驶,jià shǐ,"to pilot (ship, airplane etc); to drive",2537.0,5.0,True
溜,liū,to slip away; to escape in stealth; to skate,2538.0,6.0,True
全力,quán lì,with all one's strength; full strength; all-out (effort),2539.0,,True
一团糟,yī tuán zāo,chaos; bungle; complete mess,2540.0,,True
太空,tài kōng,outer space,2541.0,6.0,True
生病,shēng bìng,to fall ill,2542.0,2.0,True
艾,ài,Chinese mugwort (Artemisia); moxa; surname Ai; used in transliteration,2543.0,,True
聚,jù,to assemble; to gather (transitive or intransitive); poly-,2544.0,,True
适应,shì yìng,to adapt; to fit; to suit,2545.0,4.0,True
福尔摩斯,Fú ěr mó sī,Sherlock Holmes,2546.0,,True
列,liè,to arrange; to line up; file,2547.0,,True
应付,yìng fu,to deal with; to cope,2548.0,5.0,True
物品,wù pǐn,articles; goods,2549.0,,True
坏人,huài rén,bad person; villain,2550.0,,True
湿,shī,moist; wet,2551.0,,True
撑,chēng,to support; to prop up; to push or move with a pole,2552.0,,True
毁灭,huǐ miè,to perish; to ruin; to destroy,2553.0,6.0,True
诅咒,zǔ zhòu,to curse,2554.0,,True
眼神,yǎn shén,expression or emotion showing in one's eyes; meaningful glance; wink,2555.0,6.0,True
虫,chóng,"lower form of animal life, including insects, insect larvae, worms and similar; person with a particular undesirable characteristic",2556.0,,True
古怪,gǔ guài,strange; weird; eccentric,2557.0,6.0,True
财产,cái chǎn,property; assets; estate,2558.0,5.0,True
任,rèn,to assign; to appoint; to take up a post,2559.0,,True
进攻,jìn gōng,to attack; to assault; to go on the offensive,2560.0,6.0,True
剂,jì,"a compound made by mixing ingredients (esp. a medicinal or chemical product); small piece of dough cut from a rolled log, used for making mantou (steamed; classifier for a dose of medicine",2561.0,,True
伙,huǒ,meals; companion; partner,2562.0,,True
然而,rán ér,however; yet; but,2563.0,4.0,True
辛苦,xīn kǔ,exhausting; hard; tough,2564.0,4.0,True
水平,shuǐ píng,level (of achievement etc); standard; horizontal,2565.0,3.0,True
发型,fà xíng,hairstyle; coiffure; hairdo,2566.0,,True
打断,dǎ duàn,to interrupt; to break off; to break (a bone),2567.0,,True
报复,bào fù,to make reprisals; to retaliate; revenge; retaliation,2568.0,6.0,True
吵架,chǎo jià,to quarrel; to have a row; quarrel,2569.0,5.0,True
服装,fú zhuāng,dress; clothing; costume,2571.0,5.0,True
敬,jìng,respectful; to respect; to offer politely,2572.0,,True
作业,zuò yè,school assignment; homework; work,2573.0,3.0,True
高级,gāo jí,high level; high grade; advanced,2574.0,4.0,True
将来,jiāng lái,in the future; future; the future,2575.0,4.0,True
耐心,nài xīn,to be patient; patience,2576.0,4.0,True
欧洲,Oū zhōu,Europe,2577.0,6.0,True
风险,fēng xiǎn,risk; hazard,2578.0,5.0,True
挡,dǎng,to resist; to obstruct; to hinder,2579.0,5.0,True
沙发,shā fā,sofa (loanword); the first reply or replier to a forum post,2580.0,4.0,True
强奸,qiáng jiān,to rape,2581.0,,True
后果,hòu guǒ,consequences; aftermath,2582.0,5.0,True
移,yí,to move; to shift; to change,2583.0,,True
拨,bō,"to push aside with the hand, foot, a stick etc; to dial; to allocate",2584.0,,True
荒谬,huāng miù,absurd; ridiculous,2585.0,6.0,True
即,jí,namely; that is; i.e.,2586.0,,True
个性,gè xìng,individuality; personality,2587.0,5.0,True
最好,zuì hǎo,best; had better (do what we suggest),2588.0,4.0,True
男性,nán xìng,the male sex; a male,2589.0,,True
收集,shōu jí,to gather; to collect,2590.0,,True
交往,jiāo wǎng,to associate (with); to have contact (with); to hang out (with),2591.0,6.0,True
国,guó,country; nation; state; national,2592.0,,True
中尉,zhōng wèi,lieutenant (navy); first lieutenant (army); subaltern,2593.0,,True
取得,qǔ dé,to acquire; to get; to obtain,2594.0,,True
卡尔,Kǎ ěr,Karl; Carl,2595.0,,True
致命,zhì mìng,fatal; mortal; deadly,2596.0,,True
引,yǐn,to draw (e.g. a bow); to pull; to stretch sth,2597.0,,True
卫星,wèi xīng,satellite; moon,2598.0,6.0,True
期望,qī wàng,to have expectations; to earnestly hope; expectation,2599.0,6.0,True
嘲笑,cháo xiào,to jeer at; to deride; to ridicule,2600.0,6.0,True
立即,lì jí,immediately,2601.0,5.0,True
避免,bì miǎn,to avert; to prevent; to avoid,2602.0,5.0,True
松,sōng,pine; loose; to loosen,2603.0,,True
供,gōng,to provide; to supply; to be for (the use or convenience of),2604.0,,True
保留,bǎo liú,to keep; to retain; to have reservations (about sth),2605.0,5.0,True
批,pī,to ascertain; to act on; to criticize,2606.0,5.0,True
挤,jǐ,to crowd in; to cram in; to force others aside,2607.0,,True
各种,gè zhǒng,every kind of; all kinds of; various,2608.0,,True
在家,zài jiā,to be at home; to be in; to remain a layman,2609.0,,True
眼前,yǎn qián,before one's eyes; now; at present,2610.0,,True
捡,jiǎn,to pick up; to collect; to gather,2611.0,5.0,True
冒犯,mào fàn,to offend,2612.0,,True
禁止,jìn zhǐ,to prohibit; to forbid; to ban,2613.0,4.0,True
持续,chí xù,to continue; to persist; to last,2614.0,5.0,True
台上,tái shàng,on stage,2615.0,,True
纳,nà,to receive; to accept; to enjoy,2616.0,,True
游泳,yóu yǒng,swimming; to swim,2617.0,2.0,True
电子,diàn zǐ,electronic; electron (particle physics),2618.0,3.0,True
没法,méi fǎ,at a loss; unable to do anything about it; to have no choice,2619.0,,True
猴子,hóu zi,monkey,2620.0,4.0,True
熟,shú,ripe; mature; thoroughly cooked; done; familiar; acquainted,2621.0,,True
娃娃,wá wa,baby; small child; doll,2622.0,6.0,True
告,gào,to say; to tell; to announce; to report; to denounce,2623.0,,True
没事,méi shì,it's not important; it's nothing; never mind,2624.0,,True
经济,jīng jì,economy; economic,2625.0,4.0,True
检,jiǎn,to check; to examine; to inspect,2626.0,,True
达成,dá chéng,to reach (an agreement); to accomplish,2627.0,6.0,True
芝加哥,Zhī jiā gē,"Chicago, USA",2628.0,,True
夫妇,fū fù,a (married) couple; husband and wife,2629.0,6.0,True
座位,zuò wèi,seat,2630.0,4.0,True
学院,xué yuàn,college; educational institute; school,2631.0,,True
牛奶,niú nǎi,cow's milk,2632.0,2.0,True
逃走,táo zǒu,to escape; to flee; to run away,2633.0,,True
获胜,huò shèng,to win,2634.0,,True
一面,yī miàn,one side; one aspect; simultaneously... (and...),2635.0,,True
采取,cǎi qǔ,"to adopt or carry out (measures, policies, course of action); to take",2636.0,5.0,True
毫无疑问,háo wú yí wèn,certainty; without a doubt,2637.0,,True
新娘,xīn niáng,bride,2638.0,6.0,True
升,shēng,to ascend; to rise to the rank of; to promote,2639.0,5.0,True
类型,lèi xíng,type; kind; category; type,2640.0,,True
购物,gòu wù,shopping,2641.0,4.0,True
但愿,dàn yuàn,if only (sth were possible); I wish (that),2642.0,,True
金属,jīn shǔ,metal,2643.0,5.0,True
绿色,lǜ sè,green,2644.0,,True
抽烟,chōu yān,"to smoke (a cigarette, tobacco)",2645.0,4.0,True
竞选,jìng xuǎn,to take part in an election; to run for office,2646.0,6.0,True
合理,hé lǐ,rational; reasonable; sensible; fair,2647.0,5.0,True
检测,jiǎn cè,to test; to detect,2648.0,,True
完蛋,wán dàn,to be done for,2649.0,,True
期间,qī jiān,period of time; time; time period,2650.0,5.0,True
航班,háng bān,flight; (scheduled) sailing,2651.0,4.0,True
暗,àn,dark; to turn dark; secret; hidden,2652.0,4.0,True
白色,bái sè,white; fig. reactionary; anti-communist,2653.0,,True
心中,xīn zhōng,central point; in one's thoughts; in one's heart,2654.0,,True
嘴里,zuǐ lǐ,mouth; in the mouth; on one's lips,2655.0,,True
库,kù,warehouse; storehouse; library,2656.0,,True
小镇,xiǎo zhèn,small town; village,2657.0,,True
产品,chǎn pǐn,goods; merchandise; product,2658.0,5.0,True
兵,bīng,soldiers; a force; an army,2659.0,,True
精力,jīng lì,energy,2660.0,5.0,True
退休,tuì xiū,to retire (from the workforce); to go into retirement,2661.0,5.0,True
亲密,qīn mì,intimate; close,2662.0,,True
礼貌,lǐ mào,courtesy; politeness; manners; courteous; polite,2663.0,4.0,True
地下,dì xià,underground; subterranean; covert,2664.0,,True
胡说,hú shuō,to talk nonsense; drivel,2665.0,5.0,True
老朋友,lǎo péng you,old friend; period; menstruation,2666.0,,True
指挥,zhǐ huī,to conduct; to command; to direct,2667.0,5.0,True
强壮,qiáng zhuàng,strong; sturdy; robust,2668.0,,True
割,gē,to cut; to cut apart,2669.0,6.0,True
对劲,duì jìn,suitable; to one's liking; to get along together,2670.0,,True
认出,rèn chū,recognition; to recognize,2671.0,,True
制服,zhì fú,to subdue; to check; to bring under control,2672.0,6.0,True
坏事,huài shì,bad thing; misdeed; to ruin things,2673.0,,True
查出,chá chū,to find out; to discover,2674.0,,True
丑,chǒu,"clown; 2nd earthly branch: 1-3 a.m., 12th solar month (6th January to 3rd February); ancient Chinese compass point: 30°",2675.0,5.0,True
自动,zì dòng,automatic; voluntarily,2676.0,5.0,True
法院,fǎ yuàn,court of law; court,2677.0,5.0,True
西班牙,Xī bān yá,Spain,2678.0,,True
直播,zhí bō,to broadcast live; live broadcast; to livestream,2679.0,6.0,True
普,pǔ,general; popular; everywhere,2680.0,,True
拜拜,bái bái,bye-bye; to part ways (with sb); to have nothing further to do (with sb or sth),2681.0,,True
提前,tí qián,to shift to an earlier date; to do sth ahead of time; in advance,2682.0,4.0,True
宗教,zōng jiào,religion,2683.0,5.0,True
蠢货,chǔn huò,blockhead; idiot; dunce,2684.0,,True
坐牢,zuò láo,to be imprisoned,2685.0,,True
森,sēn,densely wooded; multitudinous; gloomy; forbidding,2686.0,,True
招呼,zhāo hu,to call out to; to greet; to say hello to,2687.0,,True
崩溃,bēng kuì,to collapse; to crumble; to fall apart,2688.0,6.0,True
依然,yī rán,still; as before,2689.0,5.0,True
平静,píng jìng,tranquil; undisturbed; serene,2690.0,5.0,True
乘,chéng,to ride; to mount; to make use of,2691.0,5.0,True
右边,yòu bian,"right side; right, to the right",2692.0,2.0,True
内裤,nèi kù,underpants; panties; briefs,2693.0,,True
不久,bù jiǔ,not long (after); before too long; soon,2694.0,,True
牢,láo,pen; fold (for livestock); prison; jail; firm; secure; fast,2695.0,,True
冲浪,chōng làng,to surf; surfing,2696.0,,True
外套,wài tào,outer garment; jacket; coat,2697.0,,True
大事,dà shì,major event; major political event (war or change of regime); major social event (wedding or funeral),2698.0,,True
吓坏,xià huài,to be terrified; to terrify sb,2699.0,,True
掌,zhǎng,palm of the hand; sole of the foot; paw,2700.0,,True
陷入,xiàn rù,to sink into; to get caught up in; to land in (a predicament),2701.0,6.0,True
蹲,dūn,to crouch; to squat; to stay (somewhere),2702.0,5.0,True
发表,fā biǎo,to issue; to publish,2703.0,5.0,True
回报,huí bào,return; reciprocation; payback,2704.0,6.0,True
初,chū,at first; initially; first; early; days 1 to 10 of a month,2706.0,,True
演讲,yǎn jiǎng,lecture; to make a speech,2707.0,6.0,True
俄国,é guó,Russia,2708.0,,True
滴,dī,a drop; to drip,2709.0,5.0,True
底下,dǐ xia,the location below sth; afterwards,2710.0,,True
便宜,pián yi,cheap; inexpensive; small advantages,2711.0,2.0,True
何时,hé shí,when,2712.0,,True
戒,jiè,to guard against; to exhort; to admonish or warn,2713.0,,True
关门,guān mén,to close a door; to lock a door; to close (for the night or permanently),2714.0,,True
经纪人,jīng jì rén,broker; middleman; agent,2715.0,,True
停车场,tíng chē chǎng,parking lot; car park,2716.0,,True
判断,pàn duàn,to judge; to determine; judgment,2717.0,4.0,True
成长,chéng zhǎng,to mature; to grow; growth,2718.0,5.0,True
试验,shì yàn,experiment; test; to experiment,2719.0,6.0,True
丹尼,Dān ní,Danny (name),2720.0,,True
做梦,zuò mèng,to dream; to have a dream; (fig.) to indulge in wishful thinking,2721.0,,True
每年,měi nián,every year; each year; yearly,2722.0,,True
奶酪,nǎi lào,cheese,2723.0,,True
礼,lǐ,gift; rite; ceremony,2724.0,,True
陌生人,mò shēng rén,stranger,2725.0,,True
喷,pēn,to spout; to spurt; to spray; to puff; to criticize scathingly (esp. online),2726.0,,True
抛,pāo,to throw; to toss; to fling,2727.0,,True
止,zhǐ,to stop; to prohibit; until,2728.0,,True
深刻,shēn kè,profound; deep; deep-going,2729.0,5.0,True
管用,guǎn yòng,efficacious; useful,2730.0,,True
军,jūn,army; military,2731.0,,True
地下室,dì xià shì,basement; cellar,2732.0,,True
划,huà,to delimit; to transfer; to assign,2733.0,,True
流血,liú xuè,to bleed; to shed blood,2734.0,,True
光临,guāng lín,to honor with one's presence; to attend,2735.0,5.0,True
密,mì,dense; close; thick; intimate; close; secret; confidential,2736.0,,True
衬衫,chèn shān,shirt; blouse,2737.0,3.0,True
金发,jīn fà,blond; blonde; fair-haired,2738.0,,True
摧毁,cuī huǐ,to destroy; to wreck,2739.0,,True
胳膊,gē bo,arm,2740.0,5.0,True
他人,tā rén,another person; sb else; other people,2741.0,,True
俄罗斯,é luó sī,Russia,2742.0,,True
哥们儿,gē men r,erhua form of,2743.0,,True
异常,yì cháng,unusual; abnormal; extremely; exceptionally,2744.0,6.0,True
色,sè,color; look; appearance,2745.0,,True
疾病,jí bìng,disease; sickness; ailment,2746.0,6.0,True
职责,zhí zé,duty; responsibility; obligation,2747.0,,True
心脏病,xīn zàng bìng,heart disease,2748.0,,True
公众,gōng zhòng,public,2749.0,,True
战士,zhàn shì,fighter; soldier; warrior,2750.0,,True
展现,zhǎn xiàn,to unfold before one's eyes; to emerge; to reveal; to display,2751.0,6.0,True
楼下,lóu xià,downstairs,2752.0,,True
章,zhāng,chapter; section; clause,2753.0,,True
妞,niū,girl,2754.0,,True
大量,dà liàng,great amount; large quantity; bulk,2755.0,,True
影,yǐng,picture; image; film,2756.0,,True
诗,shī,poem; poetry; verse,2757.0,5.0,True
李,lǐ,plum,2758.0,,True
门口,mén kǒu,doorway; gate,2759.0,,True
证词,zhèng cí,testimony,2760.0,,True
斗,dòu,to fight; to struggle; to condemn,2761.0,,True
整理,zhěng lǐ,to arrange; to tidy up; to sort out,2762.0,4.0,True
森林,sēn lín,forest,2763.0,4.0,True
占,zhàn,to take possession of; to occupy; to take up,2765.0,,True
强迫,qiǎng pò,to compel; to force,2766.0,6.0,True
注定,zhù dìng,to foreordain; to be bound to; to be destined to; to be doomed to; inevitably,2767.0,,True
暗示,àn shì,to hint; to suggest; hint; suggestion,2768.0,6.0,True
手臂,shǒu bì,arm (from shoulder to wrist); (fig.) assistant; helper,2769.0,,True
前往,qián wǎng,to leave for; to proceed towards; to go to,2770.0,,True
豁免,huò miǎn,to exempt; exemption,2771.0,,True
当事人,dāng shì rén,persons involved or implicated; party (to an affair),2772.0,6.0,True
呼,hū,to call; to cry; to shout,2773.0,,True
咱,zán,I or me; we (including both the speaker and the person spoken to),2774.0,,True
有空,yǒu kòng,to have time (to do sth),2775.0,,True
百万,bǎi wàn,million,2776.0,,True
楼梯,lóu tī,stair; staircase,2777.0,,True
唉,āi,"interjection or grunt of agreement or recognition (e.g. yes, it's me!); to sigh",2778.0,5.0,True
呼叫,hū jiào,to shout; to yell; to call,2779.0,,True
同情,tóng qíng,to sympathize with; sympathy,2780.0,4.0,True
背景,bèi jǐng,background; backdrop; context; powerful backer,2781.0,5.0,True
下班,xià bān,"to finish work; to get off work; next service (train, bus etc)",2782.0,,True
士,shì,member of the senior ministerial class (old); scholar (old); bachelor,2783.0,,True
比如说,bǐ rú shuō,for example,2784.0,,True
绝望,jué wàng,to despair; to give up all hope; desperate,2785.0,6.0,True
法语,Fǎ yǔ,French (language),2786.0,,True
救护车,jiù hù chē,ambulance,2787.0,5.0,True
防,fáng,to protect; to defend; to guard against,2788.0,,True
野,yě,field; plain; open space,2789.0,,True
全新,quán xīn,all new; completely new,2790.0,,True
侠,xiá,knight-errant; brave and chivalrous; hero,2791.0,,True
西德,Xī Dé,West Germany; German Federal Republic,2792.0,,True
说说,shuō shuo,to say sth,2793.0,,True
湖,hú,lake,2794.0,,True
沮丧,jǔ sàng,dispirited; dejected; dismayed,2795.0,6.0,True
模仿,mó fǎng,to imitate; to copy; to emulate,2796.0,5.0,True
事务所,shì wù suǒ,business office; firm,2797.0,,True
灾难,zāi nàn,disaster; catastrophe,2798.0,6.0,True
采访,cǎi fǎng,to interview; to gather news; to hunt for and collect,2799.0,5.0,True
评价,píng jià,to evaluate; to assess,2800.0,5.0,True
正义,zhèng yì,justice; righteousness; just,2802.0,6.0,True
网站,wǎng zhàn,website; network station; node,2803.0,4.0,True
所在,suǒ zài,place; location; place where it is located,2804.0,,True
参议员,cān yì yuán,senator,2805.0,,True
凶器,xiōng qì,lethal weapon; murder weapon,2806.0,,True
局长,jú zhǎng,bureau chief,2807.0,,True
成绩,chéng jì,achievement; performance records; grades,2808.0,3.0,True
强烈,qiáng liè,strong; intense,2809.0,5.0,True
网,wǎng,net; web; network; to net; to catch with a net,2810.0,,True
意味,yì wèi,meaning; implication; flavor,2811.0,,True
垒,lěi,"rampart; base (in baseball); to build with stones, bricks etc",2812.0,,True
喜剧,xǐ jù,a comedy,2813.0,,True
殿下,diàn xià,Your Majesty (honorific); His or Her Highness,2814.0,,True
碗,wǎn,bowl; cup,2815.0,3.0,True
负,fù,to bear; to carry (on one's back); to turn one's back on,2816.0,,True
上课,shàng kè,to go to class; to attend class; to go to teach a class,2817.0,,True
荣誉,róng yù,honor; credit; glory,2818.0,5.0,True
考,kǎo,to beat; to hit; to inspect,2820.0,,True
设计师,shè jì shī,designer; architect,2821.0,,True
挣,zhèng,to struggle to get free; to strive to acquire; to make (money),2822.0,,True
莫,mò,do not; there is none who,2823.0,,True
违反,wéi fǎn,to violate (a law),2824.0,5.0,True
阶段,jiē duàn,stage; section; phase,2825.0,5.0,True
否认,fǒu rèn,to declare to be untrue; to deny,2826.0,5.0,True
商量,shāng liang,to consult; to talk over; to discuss,2827.0,4.0,True
什么的,shén me de,and so on; and so forth; and what not,2828.0,,True
出于,chū yú,due to; to stem from,2829.0,,True
蒙,méng,drizzle; mist; blind,2830.0,6.0,True
站住,zhàn zhù,to come to a stop; to halt; to keep one's footing; to stay upright; to hold one's ground; to gain a firm foothold,2831.0,,True
牛仔,niú zǎi,cowboy,2832.0,,True
尼克,Ní kè,Nick (name),2833.0,,True
香槟,xiāng bīn,champagne,2834.0,,True
艺术家,yì shù jiā,artist,2836.0,,True
克莱尔,Kè lái ěr,Claire (name),2838.0,,True
欧,ōu,Europe; European Union; ohm,2839.0,,True
技巧,jì qiǎo,skill; technique,2840.0,6.0,True
情感,qíng gǎn,feeling; emotion; to move (emotionally),2841.0,,True
中央,zhōng yāng,central; middle; center,2842.0,6.0,True
提议,tí yì,proposal; suggestion; to propose,2843.0,6.0,True
逃避,táo bì,to escape; to evade; to avoid,2844.0,5.0,True
每周,měi zhōu,every week,2845.0,,True
罪名,zuì míng,charge; accusation; stigma; bad name; stained reputation,2846.0,,True
街区,jiē qū,block; neighborhood,2847.0,,True
频道,pín dào,frequency; channel,2848.0,5.0,True
时期,shí qī,period; phase,2849.0,5.0,True
公共,gōng gòng,public; common; communal,2850.0,,True
物质,wù zhì,matter; substance; material,2851.0,5.0,True
传说,chuán shuō,legend; folk tale; to repeat from mouth to mouth; they say that...,2852.0,5.0,True
射击,shè jī,to shoot; to fire (a gun),2853.0,5.0,True
伸,shēn,to stretch; to extend,2854.0,5.0,True
音,yīn,sound; noise; note (of musical scale),2855.0,,True
即便,jí biàn,even if; even though; right away,2856.0,6.0,True
眼镜,yǎn jìng,spectacles; eyeglasses,2857.0,3.0,True
愿望,yuàn wàng,desire; wish,2858.0,5.0,True
屋顶,wū dǐng,roof,2859.0,,True
起床,qǐ chuáng,to get out of bed; to get up,2860.0,2.0,True
兔子,tù zi,hare; rabbit,2861.0,5.0,True
大赛,dà sài,grand contest,2862.0,,True
形象,xíng xiàng,image; form; figure,2863.0,5.0,True
事物,shì wù,thing; object,2865.0,5.0,True
袋子,dài zi,bag,2866.0,,True
发疯,fā fēng,to go mad; to go crazy; to lose one's mind,2868.0,,True
以外,yǐ wài,apart from; other than; except for,2869.0,,True
绳子,shéng zi,cord; string; rope,2870.0,5.0,True
圣经,Shèng jīng,the Confucian classics; the holy scriptures,2871.0,,True
可能性,kě néng xìng,possibility; probability,2872.0,,True
别无选择,bié wú xuǎn zé,to have no other choice,2873.0,,True
血迹,xuè jì,bloodstain,2874.0,,True
美味,měi wèi,delicious; delicious food; delicacy,2875.0,,True
总部,zǒng bù,general headquarters,2876.0,,True
阿姨,ā yí,maternal aunt; step-mother; childcare worker,2877.0,3.0,True
发挥,fā huī,to display; to exhibit; to bring out implicit or innate qualities,2878.0,5.0,True
机密,jī mì,secret; classified (information),2879.0,6.0,True
主角,zhǔ jué,leading role; lead; protagonist,2880.0,,True
安娜,ān nà,Anna (name),2881.0,,True
纪念,jì niàn,to commemorate; to honor the memory of; memento; keepsake; souvenir,2882.0,5.0,True
全球,quán qiú,the whole world; worldwide; global,2883.0,,True
警察局,jǐng chá jú,police station; police department; police headquarters,2884.0,,True
倒霉,dǎo méi,to have bad luck; to be out of luck,2885.0,5.0,True
胸部,xiōng bù,chest; bosom,2886.0,,True
劲,jìn,strength; energy; enthusiasm,2887.0,,True
恶,è,evil; fierce; vicious,2888.0,,True
旁,páng,one side; other; different,2889.0,,True
忠诚,zhōng chéng,devoted; loyal; fidelity,2890.0,6.0,True
胡子,hú zi,beard; mustache or whiskers; facial hair,2891.0,,True
大哥,dà gē,eldest brother; big brother (polite address for a man of about the same age as oneself); gang leader; boss,2892.0,,True
橄榄球,gǎn lǎn qiú,"football played with oval-shaped ball (rugby, American football, Australian",2894.0,,True
体内,tǐ nèi,within the body; in vivo,2895.0,,True
拔,bá,to pull up; to pull out; to draw out by suction,2896.0,,True
外星人,wài xīng rén,space alien; extraterrestrial,2897.0,,True
毕竟,bì jìng,after all; all in all; when all is said and done,2898.0,5.0,True
走廊,zǒu láng,corridor; aisle; hallway,2899.0,6.0,True
症状,zhèng zhuàng,symptom (of an illness),2901.0,6.0,True
当初,dāng chū,at that time; originally,2902.0,6.0,True
道德,dào dé,virtue; morality; ethics,2903.0,5.0,True
骨,gǔ,bone,2904.0,,True
睡着,shuì zháo,to fall asleep,2905.0,,True
安慰,ān wèi,to comfort; to console,2906.0,5.0,True
宝,bǎo,jewel; gem; treasure,2907.0,,True
系列,xì liè,series; set,2908.0,6.0,True
有着,yǒu zhe,to have; to possess,2909.0,,True
趣,qù,interesting; to interest,2910.0,,True
肌肉,jī ròu,muscle; flesh,2911.0,5.0,True
保重,bǎo zhòng,to take care of oneself,2912.0,6.0,True
科学家,kē xué jiā,scientist,2913.0,,True
快要,kuài yào,nearly at the point of (doing sth); about to (do sth),2914.0,,True
震惊,zhèn jīng,to shock; to astonish,2915.0,6.0,True
娱乐,yú lè,to entertain; to amuse; entertainment,2916.0,5.0,True
反抗,fǎn kàng,to resist; to rebel,2917.0,6.0,True
噩梦,è mèng,nightmare,2918.0,,True
心灵,xīn líng,bright; smart; quick-witted,2919.0,6.0,True
应得,yīng dé,to deserve,2920.0,,True
奶,nǎi,breast; milk; to breastfeed,2921.0,,True
掩护,yǎn hù,to screen; to shield; to cover,2922.0,6.0,True
睁,zhēng,to open (one's eyes),2923.0,5.0,True
土,tǔ,earth; dust; clay,2924.0,,True
镜子,jìng zi,mirror,2925.0,4.0,True
情人,qíng rén,lover; sweetheart,2926.0,,True
经典,jīng diǎn,the classics; scriptures; classical,2927.0,5.0,True
活力,huó lì,energy; vitality; vigor,2928.0,6.0,True
父,fù,father; male relative of father's generation; parent-,2929.0,,True
职,zhí,office; duty,2930.0,,True
图书馆,tú shū guǎn,library,2931.0,3.0,True
显得,xiǎn de,to seem; to look; to appear,2932.0,5.0,True
谎,huǎng,lies; to lie,2933.0,,True
死刑,sǐ xíng,death penalty; capital punishment,2934.0,,True
进步,jìn bù,progress; improvement; to improve; to progress,2935.0,5.0,True
追求,zhuī qiú,to pursue (a goal etc) stubbornly; to seek after; to woo,2936.0,5.0,True
爱尔兰,ài ěr lán,Ireland,2937.0,,True
亨利,Hēng lì,Henry (name); henry (unit of inductance),2938.0,,True
苹果,píng guǒ,apple,2939.0,1.0,True
南方,nán fāng,"south; southern direction; southern regions, often referring to areas south of the Yangtze River",2940.0,,True
天生,tiān shēng,nature; disposition; innate,2941.0,6.0,True
傻子,shǎ zi,idiot; fool,2942.0,,True
浴室,yù shì,bathroom; shower room (; bathhouse,2943.0,,True
求婚,qiú hūn,to propose marriage,2944.0,,True
传奇,chuán qí,legendary; fantasy saga; romance,2945.0,,True
杆,gān,pole; shaft,2946.0,,True
苦,kǔ,bitter; hardship; pain,2947.0,4.0,True
料,liào,material; stuff; grain,2948.0,,True
枚,méi,"tree trunk; whip; wooden peg, used as a gag for marching soldiers (old)",2949.0,6.0,True
喽,lou,final particle equivalent to 了; particle calling attention to or mildly warning of a situation,2950.0,,True
石,shí,rock; stone; stone inscription,2951.0,,True
会见,huì jiàn,to meet with (sb who is paying a visit),2952.0,,True
走路,zǒu lù,to walk; to go on foot; to leave; to depart; to clear off; to beat it,2953.0,,True
想见,xiǎng jiàn,to infer; to gather,2955.0,,True
涂,tú,to apply (paint etc); to smear; to daub,2956.0,,True
伊拉克,Yī lā kè,Iraq,2957.0,,True
不止,bù zhǐ,incessantly; without end; more than,2958.0,6.0,True
顾问,gù wèn,adviser; consultant,2959.0,6.0,True
障碍,zhàng ài,barrier; obstruction; hindrance,2960.0,6.0,True
危机,wēi jī,crisis,2961.0,6.0,True
趁,chèn,to avail oneself of; to take advantage of,2962.0,5.0,True
敏感,mǐn gǎn,sensitive; susceptible,2963.0,6.0,True
博物馆,bó wù guǎn,museum,2964.0,5.0,True
周五,Zhōu wǔ,Friday,2965.0,,True
摄像机,shè xiàng jī,video camera,2966.0,,True
失,shī,to lose; to miss; to fail,2967.0,,True
打破,dǎ pò,to break; to smash,2968.0,,True
手下,shǒu xià,under one's control or administration; subordinates; on hand,2969.0,,True
文化,wén huà,culture; civilization; cultural,2970.0,3.0,True
马克,mǎ kè,mark (monetary unit),2971.0,,True
遵守,zūn shǒu,to comply with; to abide by; to respect (an agreement),2972.0,5.0,True
飞船,fēi chuán,spaceship; spacecraft; dirigible,2973.0,,True
保守,bǎo shǒu,conservative; to guard; to keep,2974.0,6.0,True
维持,wéi chí,to keep; to maintain; to preserve,2975.0,6.0,True
主管,zhǔ guǎn,in charge; responsible for; person in charge,2976.0,6.0,True
刮,guā,to scrape; to blow; to shave,2977.0,3.0,True
绿,lǜ,green; to cheat on (one's spouse or boyfriend or girlfriend),2978.0,3.0,True
主义,zhǔ yì,-ism; ideology,2979.0,,True
常常,cháng cháng,frequently; often,2980.0,,True
摄影师,shè yǐng shī,photographer; cinematographer; cameraman,2981.0,,True
煮,zhǔ,to cook; to boil,2982.0,5.0,True
营地,yíng dì,camp,2983.0,,True
承担,chéng dān,to undertake; to assume (responsibility etc),2984.0,5.0,True
指挥官,zhǐ huī guān,commander,2985.0,,True
凶,xiōng,terrible; fearful; vicious,2986.0,,True
大厅,dà tīng,hall; concourse; public lounge; (hotel) lobby,2987.0,,True
缺,quē,deficiency; lack; scarce,2988.0,,True
泰,tài,safe; peaceful; most,2989.0,,True
出事,chū shì,to have an accident; to meet with a mishap,2990.0,,True
打扫,dǎ sǎo,to clean; to sweep,2991.0,3.0,True
拆,chāi,to tear open; to tear down; to tear apart,2992.0,5.0,True
希腊,Xī là,Greece,2993.0,,True
花园,huā yuán,garden,2994.0,3.0,True
四处,sì chù,all over the place; everywhere and all directions,2995.0,,True
术,shù,method; technique,2996.0,,True
订婚,dìng hūn,to get engaged,2997.0,,True
世,shì,life; age; generation,2998.0,,True
豁免权,huò miǎn quán,immunity from prosecution,2999.0,,True
郡,jùn,canton; county; region,3000.0,,True
草,cǎo,grass; straw; manuscript,3001.0,3.0,True
遭,zāo,"to suffer; to meet with (usu. misfortune); classifier for events: time, turn, incident",3002.0,,True
罐,guàn,can; jar; pot,3003.0,6.0,True
广播,guǎng bō,broadcast; broadcasting; to broadcast,3004.0,4.0,True
西班牙语,Xī bān yá yǔ,Spanish language,3005.0,,True
威士忌,wēi shì jì,whiskey (loanword),3006.0,,True
厌倦,yàn juàn,to be weary of; to be fed up with; to be bored with,3007.0,,True
大声,dà shēng,loud voice; in a loud voice; loudly,3008.0,,True
天空,tiān kōng,sky,3009.0,5.0,True
粘,zhān,to glue; to paste; to adhere; to stick to,3010.0,,True
妙,miào,clever; wonderful,3011.0,,True
本地,běn dì,local; this locality,3012.0,,True
冰箱,bīng xiāng,icebox; freezer cabinet; refrigerator,3013.0,3.0,True
沙,shā,granule; hoarse; raspy,3014.0,,True
万岁,wàn suì,"Long live (the king, the revolution etc)!; Your Majesty; His Majesty",3015.0,,True
合伙人,hé huǒ rén,partner (in a business or other joint venture),3016.0,,True
视频,shì pín,video,3017.0,,True
答,dá,to answer; to reply; to respond,3018.0,,True
治安,zhì ān,law and order; public security,3019.0,6.0,True
穿着,chuān zhuó,attire; clothes; dress,3020.0,,True
出卖,chū mài,to offer for sale; to sell; to sell out; to betray,3021.0,6.0,True
标记,biāo jì,sign; mark; symbol,3022.0,6.0,True
全身,quán shēn,the whole body; em,3023.0,,True
专门,zhuān mén,specialist; specialized; customized,3024.0,4.0,True
外科,wài kē,surgery (branch of medicine),3025.0,,True
钢琴,gāng qín,piano,3026.0,,True
会面,huì miàn,to meet with; meeting,3027.0,,True
女郎,nǚ láng,young woman; maiden; girl,3028.0,,True
复仇,fù chóu,to avenge; vengeance,3029.0,,True
数学,shù xué,mathematics; mathematical,3030.0,3.0,True
至于,zhì yú,as for; as to; to go so far as to,3031.0,5.0,True
商,shāng,commerce; merchant; dealer,3032.0,,True
篮球,lán qiú,basketball,3033.0,,True
登记,dēng jì,to register (one's name),3034.0,5.0,True
尝,cháng,to taste; to try (food); to experience; ever; once,3035.0,4.0,True
骂,mà,to scold; to abuse; to curse,3036.0,5.0,True
护,hù,to protect,3037.0,,True
指导,zhǐ dǎo,to guide; to give directions; to direct,3038.0,5.0,True
界,jiè,boundary; border; realm,3039.0,,True
诊所,zhěn suǒ,clinic,3040.0,,True
流行,liú xíng,to spread; to propagate; popular,3041.0,4.0,True
材料,cái liào,material; data; person who has the potential to do the job,3042.0,4.0,True
揭晓,jiē xiǎo,to announce publicly; to publish; to make known,3043.0,,True
不安,bù ān,unpeaceful; unstable; uneasy,3044.0,5.0,True
昏迷,hūn mí,to lose consciousness; to be in a coma; stupor,3045.0,6.0,True
搜,sōu,to search; to collect; to gather,3047.0,,True
午夜,wǔ yè,midnight,3048.0,,True
相关,xiāng guān,related; relevant; pertinent,3049.0,5.0,True
身材,shēn cái,stature; build (height and weight); figure,3050.0,5.0,True
讽刺,fěng cì,to satirize; to mock; irony,3052.0,5.0,True
齐,qí,neat; even; level with,3053.0,,True
凌晨,líng chén,very early in the morning; in the wee hours,3054.0,6.0,True
校,xiào,school; college; field officer,3055.0,,True
侮辱,wǔ rǔ,to insult; to humiliate; dishonor,3056.0,6.0,True
海岸,hǎi àn,coastal; seacoast,3057.0,,True
晋级,jìn jí,to advance in rank; promotion; advancement,3058.0,,True
直觉,zhí jué,intuition,3059.0,,True
兹,zī,this; now; year,3060.0,,True
作出,zuò chū,"to put out; to come up with; to make (a choice, decision, proposal, response, comment etc)",3061.0,,True
古,gǔ,ancient; old; paleo-,3062.0,,True
保罗,Bǎo luó,Paul,3063.0,,True
废物,fèi wù,rubbish; waste material; useless person,3064.0,,True
暴露,bào lù,to expose; to reveal; to lay bare,3065.0,6.0,True
绅士,shēn shì,gentleman,3066.0,6.0,True
虫子,chóng zi,insect; bug; worm,3067.0,,True
台词,tái cí,an actor's lines; dialogue; Taiwanese word,3068.0,,True
地盘,dì pán,domain; territory under one's control; foundation of a building,3069.0,,True
公民,gōng mín,citizen,3070.0,6.0,True
抓紧,zhuā jǐn,to keep a firm grip on; to pay close attention to; to lose no time in (doing sth),3071.0,5.0,True
看起来,kàn qǐ lai,seemingly; apparently; looks as if; appears to be; gives the impression that,3072.0,,True
鸡蛋,jī dàn,egg; hen's egg,3073.0,2.0,True
残忍,cán rěn,cruel; mean; merciless,3074.0,6.0,True
摄像头,shè xiàng tóu,webcam; surveillance camera,3075.0,,True
关上,guān shàng,"to close (a door); to turn off (light, electrical equipment etc)",3076.0,,True
播,bō,"to sow (seeds); to spread (ideas, rumors etc); to broadcast (radio signals etc); Taiwan pr. [bo4]",3077.0,,True
造型,zào xíng,to model; to shape; appearance,3078.0,6.0,True
孩儿,hái r,child,3079.0,,True
对话,duì huà,to talk (with sb); dialogue; conversation,3080.0,4.0,True
圆,yuán,circle; round; circular,3081.0,4.0,True
不论,bù lùn,"whatever; no matter what (who, how etc); regardless of",3082.0,,True
沉默,chén mò,taciturn; uncommunicative; silent,3086.0,5.0,True
详细,xiáng xì,detailed; in detail; minute,3087.0,4.0,True
严肃,yán sù,solemn; grave; serious,3088.0,5.0,True
嫌疑犯,xián yí fàn,a suspect,3089.0,,True
钻,zuān,to drill; to bore; to get into,3090.0,,True
迹象,jì xiàng,sign; indication; mark; indicator,3091.0,6.0,True
神圣,shén shèng,divine; hallow; holy,3092.0,6.0,True
空中,kōng zhōng,in the sky; in the air,3093.0,,True
度假,dù jià,to go on holidays; to spend one's vacation,3094.0,,True
整整,zhěng zhěng,whole; full,3095.0,,True
航空,háng kōng,aviation,3096.0,6.0,True
探长,tàn zhǎng,detective,3097.0,,True
开火,kāi huǒ,to open fire; to start shooting; to light the flame (for cooking),3098.0,,True
仓库,cāng kù,depot; storehouse; warehouse,3099.0,6.0,True
吉他,jí tā,guitar,3100.0,,True
码头,mǎ tóu,dock; pier; wharf,3101.0,6.0,True
庭,tíng,main hall; front courtyard; law court,3102.0,,True
顺,shùn,to obey; to follow; to arrange,3103.0,,True
散,sàn,to scatter; to break up (a meeting etc); to disperse,3104.0,,True
随着,suí zhe,along with; in the wake of; following,3105.0,4.0,True
巧合,qiǎo hé,coincidence; coincidental; to coincide,3107.0,,True
山姆,Shān mǔ,Sam,3108.0,,True
怀,huái,bosom; heart; mind,3109.0,,True
配合,pèi hé,matching; fitting in with; compatible with,3110.0,5.0,True
称呼,chēng hu,to call; to address as; form of address; appellation,3111.0,5.0,True
女子,nǚ zǐ,woman; female,3112.0,,True
具有,jù yǒu,to have; to possess,3113.0,,True
大不了,dà bù liǎo,at worst; if worst comes to worst; serious; alarming,3115.0,6.0,True
刚好,gāng hǎo,just; exactly; to happen to be,3116.0,,True
本人,běn rén,I; me; myself; oneself; yourself; himself; herself; the person concerned,3117.0,6.0,True
补偿,bǔ cháng,to compensate; to make up,3118.0,6.0,True
忏悔,chàn huǐ,to repent; to confess,3119.0,,True
跟着,gēn zhe,to follow after; immediately afterwards,3120.0,,True
明早,míng zǎo,tomorrow morning; tomorrow,3121.0,,True
自行车,zì xíng chē,bicycle; bike,3123.0,2.0,True
喜,xǐ,to be fond of; to like; to enjoy,3124.0,,True
休,xiū,to rest; to stop doing sth for a period of time; to cease,3125.0,,True
犹太,Yóu tài,the Jews; Judea,3126.0,,True
逗,dòu,to tease (playfully); to entice; to joke; funny; amusing,3127.0,5.0,True
标志,biāo zhì,sign; mark; symbol,3128.0,5.0,True
现,xiàn,to appear; present; now,3129.0,,True
患,huàn,to suffer (from illness); to contract (a disease); misfortune,3130.0,,True
蜘蛛,zhī zhū,spider,3131.0,,True
狗屁,gǒu pì,bullshit; nonsense,3132.0,,True
汉堡,hàn bǎo,hamburger,3133.0,,True
着急,zháo jí,to worry; to feel anxious; to feel a sense of urgency; to be in a hurry; Taiwan pr. [zhāo jí],3134.0,3.0,True
冲动,chōng dòng,to have an urge; to be impetuous; impulse,3135.0,6.0,True
带子,dài zi,belt; band; ribbon; strap; girdle; audio or video tape; Farrer's scallop (Chlamys farreri),3136.0,,True
演奏,yǎn zòu,to perform on a musical instrument,3137.0,6.0,True
亲眼,qīn yǎn,with one's own eyes; personally,3138.0,,True
善,shàn,good (virtuous); benevolent; well-disposed,3139.0,,True
富有,fù yǒu,rich; wealthy; affluent; to be rich in; to be replete with,3140.0,,True
幻觉,huàn jué,illusion; hallucination; figment of one's imagination,3141.0,,True
封面,fēng miàn,cover (of a publication),3142.0,,True
赚钱,zhuàn qián,to earn money; moneymaking,3143.0,,True
缠,chán,to wind around; to wrap round; to coil,3144.0,,True
羊,yáng,sheep; goat,3145.0,,True
周六,Zhōu liù,Saturday,3146.0,,True
偷偷,tōu tōu,stealthily; secretly; covertly,3147.0,,True
对抗,duì kàng,to withstand; to resist; to stand off,3148.0,6.0,True
城堡,chéng bǎo,castle; rook (chess piece),3149.0,6.0,True
蛮,mán,barbarian; bullying; very,3150.0,,True
降落,jiàng luò,to descend; to land,3151.0,5.0,True
巧,qiǎo,opportunely; coincidentally; as it happens,3152.0,,True
杀人犯,shā rén fàn,murderer; homicide,3153.0,,True
平常,píng cháng,ordinary; common; usually,3154.0,5.0,True
摇,yáo,to shake; to rock; to row,3155.0,5.0,True
按摩,àn mó,massage; to massage,3156.0,6.0,True
本身,běn shēn,itself; in itself; per se,3157.0,6.0,True
疑犯,yí fàn,a suspect,3158.0,,True
奴隶,nú lì,slave,3159.0,6.0,True
熬,áo,to cook on a slow fire; to extract by heating; to decoct,3160.0,6.0,True
赶上,gǎn shàng,to keep up with; to catch up with; to overtake,3161.0,,True
吓人,xià rén,to scare; scary; frightening,3162.0,,True
枪击,qiāng jī,to shoot with a gun; shooting incident,3163.0,,True
迈克尔,Mài kè ěr,Michael,3164.0,,True
功夫,gōng fu,skill; art; kung fu,3165.0,5.0,True
乡村,xiāng cūn,rustic; village; countryside,3166.0,,True
完整,wán zhěng,complete; intact,3167.0,5.0,True
苏格兰,Sū gé lán,Scotland,3168.0,,True
在意,zài yì,to care about; to mind,3169.0,6.0,True
嘴巴,zuǐ ba,mouth (; slap in the face,3170.0,,True
老大,lǎo dà,old age; very; eldest child in a family,3171.0,,True
大道,dà dào,main street; avenue,3172.0,,True
拜访,bài fǎng,to pay a visit; to call on,3173.0,6.0,True
詹姆斯,Zhān mǔ sī,"James (name); LeBron James (1984-), NBA player",3175.0,,True
相互,xiāng hù,each other; mutual,3176.0,,True
样本,yàng běn,sample; specimen,3177.0,,True
决不,jué bù,not at all; simply (can) not,3178.0,,True
黑帮,hēi bāng,bunch of gangsters; criminal gang; organized crime syndicate,3179.0,,True
肩膀,jiān bǎng,shoulder,3180.0,5.0,True
宣传,xuān chuán,to disseminate; to give publicity to; propaganda,3181.0,5.0,True
严格,yán gé,strict; stringent; tight,3182.0,4.0,True
奖励,jiǎng lì,to reward; reward (as encouragement),3183.0,6.0,True
悲剧,bēi jù,tragedy,3184.0,,True
买卖,mǎi mai,purchase and sale; transaction; shop; store,3185.0,,True
交谈,jiāo tán,to discuss; to converse; chat; discussion,3186.0,,True
引擎,yǐn qíng,engine (loanword),3187.0,6.0,True
遇,yù,to encounter; to happen upon; to meet unplanned; to treat; to receive,3188.0,,True
膝盖,xī gài,knee; to kneel down (in admiration),3189.0,6.0,True
印第安,Yìn dì ān,Indian; native American; indigenous peoples of the Americas,3190.0,,True
谈判,tán pàn,to negotiate; negotiation; talks,3191.0,5.0,True
股,gǔ,thigh; part of a whole; portion of a sum; stock; share,3192.0,,True
形,xíng,to appear; to look; form,3193.0,,True
瘦,shòu,thin; to lose weight; tight,3194.0,3.0,True
医学,yī xué,medicine; medical science; study of medicine,3195.0,,True
以下,yǐ xià,that level or lower; that amount or less; the following,3196.0,,True
日记,rì jì,diary,3197.0,4.0,True
蕾,lěi,bud,3198.0,,True
隔壁,gé bì,next door; neighbor,3199.0,5.0,True
运动员,yùn dòng yuán,athlete,3200.0,,True
商业,shāng yè,business; trade; commerce,3201.0,5.0,True
食品,shí pǐn,foodstuff; food; provisions,3202.0,4.0,True
自私,zì sī,selfish; selfishness,3203.0,5.0,True
解开,jiě kāi,to untie; to undo; to solve (a mystery),3204.0,,True
下手,xià shǒu,to start; to put one's hand to; to set about,3205.0,,True
乖乖,guāi guāi,well-behaved; obediently; darling,3206.0,,True
闯进,chuǎng jìn,to burst in,3207.0,,True
提高,tí gāo,to raise; to increase; to improve,3208.0,3.0,True
晚点,wǎn diǎn,late; delayed; behind schedule,3209.0,,True
宰,zǎi,to slaughter; to butcher; to kill (animals etc); to fleece; to rip off; to overcharge; to govern; to rule,3210.0,6.0,True
贼,zéi,thief; traitor; wily,3212.0,6.0,True
沙漠,shā mò,desert,3213.0,5.0,True
档,dàng,shelves (for files); pigeonholes; files; crosspiece (of a table etc),3214.0,,True
凯文,Kǎi wén,Kevin (person name),3215.0,,True
亿,yì,100 million,3216.0,4.0,True
手套,shǒu tào,glove; mitten,3217.0,5.0,True
偶尔,ǒu ěr,occasionally; once in a while; sometimes,3218.0,4.0,True
种族,zhǒng zú,race; ethnicity,3219.0,6.0,True
必,bì,certainly; must; will,3220.0,,True
色情,sè qíng,pornography; sex,3221.0,,True
宫,gōng,palace; temple; castration (as corporal punishment),3222.0,,True
面临,miàn lín,to face sth; to be confronted with,3223.0,5.0,True
等于,děng yú,to equal; to be tantamount to,3224.0,5.0,True
赶到,gǎn dào,to hurry (to some place),3225.0,,True
当心,dāng xīn,to take care; to look out,3226.0,6.0,True
入侵,rù qīn,to invade,3227.0,,True
经营,jīng yíng,to engage in (business etc); to run; to operate,3228.0,5.0,True
出席,chū xí,to attend; to participate; present,3229.0,5.0,True
量,liàng,capacity; quantity; amount,3230.0,,True
课程,kè chéng,course; academic program,3231.0,5.0,True
字母,zì mǔ,letter (of the alphabet),3232.0,6.0,True
家长,jiā zhǎng,head of a household; family head; patriarch,3233.0,,True
萝,luó,radish,3234.0,,True
舌头,shé tou,tongue; enemy soldier captured for the purpose of extracting information,3235.0,5.0,True
消灭,xiāo miè,to put an end to; to annihilate; to cause to perish,3236.0,5.0,True
胖子,pàng zi,fat person; fatty,3237.0,,True
仔,zǎi,young man,3238.0,,True
项链,xiàng liàn,necklace,3239.0,5.0,True
实际,shí jì,reality; practice; practical,3240.0,4.0,True
缝,fèng,seam; crack; narrow slit,3241.0,,True
乐趣,lè qù,delight; pleasure; joy,3242.0,6.0,True
得知,dé zhī,to find out; to learn of,3243.0,,True
虐待,nu:è dài,to mistreat; to maltreat; to abuse,3244.0,6.0,True
舔,tiǎn,to lick; to lap,3245.0,6.0,True
幕,mù,curtain or screen; canopy or tent; headquarters of a general,3246.0,,True
面具,miàn jù,mask,3247.0,,True
快速,kuài sù,fast; high-speed; rapid,3248.0,,True
预约,yù yuē,booking; reservation; to book,3249.0,,True
比利,Bǐ lì,"Pelé (1940–2022), Edson Arantes Do Nascimento, Brazilian football star",3250.0,,True
电视台,diàn shì tái,television station,3251.0,,True
起飞,qǐ fēi,to take off,3252.0,4.0,True
友好,yǒu hǎo,friendly; amicable; close friend,3253.0,4.0,True
薪水,xīn shuǐ,salary; wage,3254.0,6.0,True
哈里,Hā lǐ,Harry or Hari (name),3255.0,,True
相反,xiāng fǎn,opposite; contrary,3256.0,4.0,True
惊,jīng,to startle; to be frightened; to be scared,3257.0,,True
没用,méi yòng,useless,3258.0,,True
波士顿,Bō shì dùn,"Boston, capital of Massachusetts",3259.0,,True
劝,quàn,to advise; to urge; to try to persuade,3260.0,5.0,True
资金,zī jīn,funds; capital,3261.0,5.0,True
室友,shì yǒu,roommate,3262.0,,True
明晚,míng wǎn,tomorrow evening,3264.0,,True
原则,yuán zé,principle; doctrine,3265.0,5.0,True
妹,mèi,younger sister,3266.0,,True
理智,lǐ zhì,reason; intellect; rationality,3267.0,6.0,True
哪怕,nǎ pà,even; even if; even though,3268.0,5.0,True
封锁,fēng suǒ,to blockade; to seal off; to lock down,3269.0,6.0,True
夹,jiā,to press from either side; to place in between; to sandwich,3270.0,,True
诉讼,sù sòng,lawsuit,3271.0,6.0,True
吞,tūn,to swallow; to take,3272.0,,True
高度,gāo dù,height; altitude; elevation,3273.0,,True
纪录,jì lù,"variant of 记录 (but in Taiwan, not for the verb sense ""to record"")",3274.0,5.0,True
玉米,yù mǐ,corn; maize,3275.0,5.0,True
基因,jī yīn,gene (loanword),3276.0,6.0,True
上司,shàng si,boss; superior,3277.0,,True
宠物,chǒng wù,house pet,3278.0,5.0,True
灰,huī,ash; dust; lime,3279.0,5.0,True
晚会,wǎn huì,evening party,3280.0,,True
瞒,mán,to conceal from; to keep (sb) in the dark,3281.0,,True
广场,guǎng chǎng,public square; plaza,3282.0,5.0,True
职位,zhí wèi,position; post; job,3283.0,6.0,True
称为,chēng wéi,"to be called; to be known as; to call it ""...""",3284.0,,True
黄色,huáng sè,yellow,3285.0,,True
可恶,kě wù,repulsive; vile; hateful,3286.0,6.0,True
星星,xīng xing,a star; the stars in the sky,3287.0,,True
踏,tà,to tread; to stamp; to step on,3288.0,,True
扎,zhā,"to prick; to run or stick (a needle etc) into; mug or jug used for serving beer (loanword from ""jar"")",3290.0,6.0,True
制,zhì,system; to control; to regulate,3291.0,,True
确切,què qiè,definite; exact; precise,3292.0,6.0,True
族,zú,race; nationality; ethnicity,3293.0,,True
支援,zhī yuán,to provide assistance; to support; to back,3294.0,6.0,True
限制,xiàn zhì,to restrict; to limit; to confine,3295.0,4.0,True
找回,zhǎo huí,to retrieve,3296.0,,True
之下,zhī xià,under; beneath; less than,3297.0,,True
肮脏,āng zāng,dirty; filthy; despicable,3298.0,,True
大夫,dài fu,doctor; physician,3299.0,4.0,True
澡,zǎo,bath,3300.0,,True
无数,wú shù,countless; numberless; innumerable,3301.0,5.0,True
排练,pái liàn,to rehearse; rehearsal,3302.0,,True
评论,píng lùn,to comment on; to discuss; comment,3303.0,6.0,True
与众不同,yǔ zhòng bù tóng,to stand out from the crowd; distinctive; different from the rest,3304.0,,True
烫,tàng,to scald; to burn (by scalding); to blanch (cooking),3305.0,5.0,True
善良,shàn liáng,good and honest; kindhearted,3306.0,5.0,True
可悲,kě bēi,lamentable,3307.0,,True
不准,bù zhǔn,not to allow; to forbid; to prohibit,3308.0,,True
基金,jī jīn,fund,3309.0,6.0,True
球队,qiú duì,"sports team (basketball, soccer, football etc)",3310.0,,True
友谊,yǒu yì,companionship; fellowship; friendship,3311.0,4.0,True
侧,cè,the side; to incline towards; to lean,3312.0,,True
餐,cān,meal; to eat; classifier for meals,3313.0,,True
出门,chū mén,to go out; to leave home; to go on a journey,3314.0,,True
王八,wáng ba,softshell turtle; cuckold; male owner of a brothel,3315.0,,True
大会,dà huì,general assembly; general meeting; convention,3316.0,,True
位子,wèi zi,place; seat,3317.0,,True
不会,bù huì,"improbable; unlikely; will not (act, happen etc)",3318.0,,True
上场,shàng chǎng,on stage; to go on stage; to take the field,3319.0,,True
投降,tóu xiáng,to surrender; surrender,3320.0,6.0,True
表面,biǎo miàn,surface; face; outside,3321.0,5.0,True
击中,jī zhòng,to hit (a target); to strike,3322.0,,True
欢呼,huān hū,to cheer for; to acclaim,3323.0,,True
足,zú,foot; leg; sufficient; ample; as much as; fully,3324.0,,True
主席,zhǔ xí,chairperson; premier; chairman,3325.0,5.0,True
准确,zhǔn què,accurate; exact; precise,3326.0,4.0,True
智慧,zhì huì,wisdom; knowledge; intelligent,3327.0,5.0,True
灵感,líng gǎn,inspiration; insight; a burst of creativity in scientific or artistic endeavor,3328.0,6.0,True
漫画,màn huà,caricature; cartoon; Japanese manga,3329.0,6.0,True
莎拉,Shā lā,Sara or Sarah (name),3330.0,,True
性爱,xìng ài,sex; lovemaking,3331.0,,True
易,yì,easy; amiable; to change,3332.0,,True
饭店,fàn diàn,restaurant; hotel,3333.0,,True
主动,zhǔ dòng,to take the initiative; to do sth of one's own accord; spontaneous,3334.0,4.0,True
平时,píng shí,ordinarily; in normal times; in peacetime,3335.0,4.0,True
钉,dīng,nail; to follow closely; to keep at sb (to do sth),3336.0,,True
对面,duì miàn,opposite; across (the street); directly in front,3337.0,4.0,True
囚犯,qiú fàn,prisoner; convict,3338.0,,True
骗人,piàn rén,to cheat sb; a scam,3339.0,,True
且,qiě,and; moreover; yet,3340.0,,True
联合,lián hé,to combine; to join; unite,3341.0,5.0,True
异,yì,different; other; hetero-,3342.0,,True
角落,jiǎo luò,nook; corner,3343.0,6.0,True
漏,lòu,to leak; to divulge; to leave out by mistake,3344.0,5.0,True
预言,yù yán,to predict; prophecy,3345.0,6.0,True
大师,dà shī,great master; master,3346.0,,True
气氛,qì fēn,atmosphere; mood,3347.0,5.0,True
批准,pī zhǔn,to approve; to ratify,3348.0,5.0,True
静,jìng,still; calm; quiet,3349.0,,True
脾气,pí qi,character; temperament; disposition,3350.0,4.0,True
碎片,suì piàn,chip; fragment; splinter; tatter,3351.0,,True
无罪,wú zuì,innocent; guileless; not guilty (of crime),3352.0,,True
逃脱,táo tuō,to run away; to escape,3353.0,,True
价格,jià gé,price,3354.0,4.0,True
策略,cè lu:è,strategy; tactics; crafty; adroit,3355.0,6.0,True
老头,lǎo tóu,old fellow; old man; father,3356.0,,True
嘻,xī,"laugh; giggle; interjection expressing admiration, surprise etc",3357.0,,True
可靠,kě kào,reliable,3358.0,5.0,True
领先,lǐng xiān,to lead; to be in front,3359.0,6.0,True
装备,zhuāng bèi,equipment; to equip; to outfit,3360.0,6.0,True
体验,tǐ yàn,to experience for oneself,3361.0,5.0,True
素,sù,"raw silk; white; plain, unadorned",3364.0,,True
坏蛋,huài dàn,bad egg; scoundrel; bastard,3365.0,,True
中午,zhōng wǔ,noon; midday,3366.0,1.0,True
录音,lù yīn,to record (sound); sound recording,3367.0,5.0,True
照看,zhào kàn,to look after; to attend to; to have in care,3368.0,,True
阿门,ā mén,amen,3369.0,,True
货车,huò chē,truck; van; freight wagon,3370.0,,True
得分,dé fēn,"to score a point (in a competition, test etc); score; rating; grade",3371.0,,True
编辑,biān jí,to edit; to compile; editor,3372.0,5.0,True
忘掉,wàng diào,to forget,3373.0,,True
性格,xìng gé,nature; disposition; temperament,3374.0,4.0,True
流氓,liú máng,rogue; hoodlum; gangster,3375.0,6.0,True
独舞,dú wǔ,solo dance,3376.0,,True
优势,yōu shì,superiority; dominance; advantage,3377.0,5.0,True
声明,shēng míng,to state; to declare; statement,3378.0,6.0,True
馅饼,xiàn bǐng,meat pie; pie; pasty,3379.0,,True
行事,xíng shì,to execute; to handle; behavior,3380.0,,True
临时,lín shí,as the time draws near; at the last moment; temporary,3381.0,5.0,True
黄金,huáng jīn,gold; golden (opportunity); prime (time),3382.0,5.0,True
明年,míng nián,next year,3383.0,,True
懂得,dǒng de,to understand; to know; to comprehend,3384.0,,True
排除,pái chú,to eliminate; to remove; to exclude,3385.0,6.0,True
欲,yù,desire; appetite; passion,3386.0,,True
小孩子,xiǎo hái zi,child,3387.0,,True
温柔,wēn róu,gentle and soft; tender; sweet (commonly used to describe a girl or woman),3389.0,5.0,True
夫妻,fū qī,husband and wife; married couple,3390.0,,True
成交,chéng jiāo,to complete a contract; to reach a deal,3391.0,6.0,True
耳,ěr,ear; handle (archaeology); and that is all (Classical Chinese),3392.0,,True
皇后,huáng hòu,empress; imperial consort,3393.0,5.0,True
鼓励,gǔ lì,to encourage,3394.0,4.0,True
签字,qiān zì,to sign (one's name); signature,3395.0,5.0,True
金钱,jīn qián,money; currency,3396.0,,True
尽可能,jǐn kě néng,as far as possible; to the best of one's ability,3397.0,,True
读书,dú shū,to read a book; to study; to attend school,3398.0,,True
成就,chéng jiù,accomplishment; success; achievement,3399.0,5.0,True
教会,jiào huì,Christian church,3400.0,,True
老人,lǎo rén,old man or woman; the elderly; one's aged parents or grandparents,3401.0,,True
率,lǜ,ratio; rate; proportion,3402.0,,True
消防,xiāo fáng,firefighting; fire control,3403.0,6.0,True
方案,fāng àn,plan; program (for action etc); proposal,3404.0,5.0,True
形容,xíng róng,to describe; countenance; appearance,3405.0,5.0,True
警卫,jǐng wèi,to stand guard over; guard,3406.0,,True
矮,ǎi,low; short (in length),3407.0,3.0,True
树林,shù lín,woods; grove; forest,3408.0,,True
吼,hǒu,to roar; to howl; to shriek,3409.0,6.0,True
到此为止,dào cǐ wéi zhǐ,to stop at this point; to end here; to call it a day,3410.0,,True
一无所知,yī wú suǒ zhī,not knowing anything at all; completely ignorant,3411.0,,True
设,shè,to set up; to put in place; given; suppose; if,3412.0,,True
利益,lì yì,benefit; interest,3413.0,5.0,True
寻求,xún qiú,to seek; to look for,3414.0,,True
古巴,Gǔ bā,Cuba,3415.0,,True
收回,shōu huí,to regain; to retake; to take back,3416.0,,True
发动,fā dòng,to start; to launch; to unleash,3417.0,6.0,True
怪异,guài yì,monstrous; strange; strange phenomenon,3418.0,,True
心跳,xīn tiào,heartbeat; pulse,3419.0,,True
集团,jí tuán,group; bloc; corporation,3420.0,6.0,True
地铁,dì tiě,underground railway; subway; subway train,3421.0,3.0,True
询问,xún wèn,to inquire,3422.0,5.0,True
道路,dào lù,road; path; way,3423.0,,True
军事,jūn shì,military affairs; military,3424.0,5.0,True
捐,juān,to relinquish; to abandon; to contribute; to donate; tax; levy,3425.0,5.0,True
协助,xié zhù,to provide assistance; to aid,3426.0,6.0,True
及时,jí shí,timely; at the right time; promptly; without delay,3427.0,4.0,True
超人,chāo rén,superhuman; exceptional,3428.0,,True
销售,xiāo shòu,"to sell; to market; sales (representative, agreement etc)",3429.0,5.0,True
迷路,mí lù,to lose the way; lost; labyrinth,3430.0,5.0,True
体育,tǐ yù,sports; physical education,3431.0,3.0,True
结论,jié lùn,conclusion; verdict; to conclude,3432.0,5.0,True
平衡,píng héng,balance; equilibrium,3433.0,5.0,True
鲨鱼,shā yú,shark,3434.0,,True
接吻,jiē wěn,to kiss,3435.0,,True
乘客,chéng kè,passenger,3436.0,,True
精,jīng,essence; extract; vitality,3437.0,,True
隔,gé,to separate; to partition; to stand or lie between,3438.0,,True
通道,tōng dào,channel; thoroughfare; passage,3439.0,,True
价钱,jià qian,price,3440.0,,True
人群,rén qún,crowd,3441.0,,True
动力,dòng lì,motive power; force; motivation,3442.0,6.0,True
托尼,Tuō ní,Tony,3444.0,,True
阴谋,yīn móu,to conspire; to plot; a conspiracy; a plot,3445.0,6.0,True
慢慢来,màn màn lái,take your time; take it easy,3446.0,,True
良好,liáng hǎo,good; favorable; well,3447.0,5.0,True
尺,chǐ,a Chinese foot; one-third of a meter; a ruler,3448.0,,True
性命,xìng mìng,life,3449.0,6.0,True
桌,zhuō,table; desk; classifier for tables of guests at a banquet etc,3450.0,,True
为此,wèi cǐ,for this reason; with regards to this; in this respect,3451.0,,True
赶走,gǎn zǒu,to drive out; to turn back,3452.0,,True
二十,èr shí,twenty; 20,3453.0,,True
手枪,shǒu qiāng,pistol,3454.0,,True
工人,gōng rén,worker,3455.0,5.0,True
自愿,zì yuàn,voluntary,3456.0,5.0,True
孤单,gū dān,lone; lonely; loneliness,3458.0,4.0,True
棵,kē,"classifier for trees, cabbages, plants etc",3459.0,4.0,True
协会,xié huì,an association; a society,3460.0,6.0,True
啰,luo,final exclamatory particle,3461.0,,True
喉咙,hóu lóng,the throat,3462.0,6.0,True
足球,zú qiú,soccer; football; a soccer ball; a football,3463.0,,True
目击,mù jī,to see with one's own eyes; to witness,3464.0,,True
爆发,bào fā,to break out; to erupt; to explode,3465.0,6.0,True
祝福,zhù fú,blessings; to wish sb well,3466.0,5.0,True
清白,qīng bái,pure; innocent,3467.0,,True
争,zhēng,to strive for; to vie for; to argue or debate,3469.0,,True
措施,cuò shī,measure; step,3470.0,5.0,True
困扰,kùn rǎo,to perplex; to disturb; to cause complications,3471.0,,True
陷害,xiàn hài,to entrap; to set up; to frame (up),3472.0,6.0,True
进一步,jìn yī bù,to go a step further; more; further,3473.0,,True
胡,hú,"non-Han people, esp. from central Asia; reckless; outrageous",3474.0,,True
款,kuǎn,section; paragraph; funds,3475.0,,True
瞄准,miáo zhǔn,to take aim at; to target,3476.0,,True
化学,huà xué,chemistry; chemical,3477.0,5.0,True
荒唐,huāng táng,beyond belief; preposterous; absurd,3478.0,6.0,True
调整,tiáo zhěng,to adjust; adjustment; revision,3479.0,5.0,True
审讯,shěn xùn,inquest; trial; interrogation,3480.0,,True
随意,suí yì,as one wishes; according to one's wishes; at will,3481.0,6.0,True
人选,rén xuǎn,choice of person; candidate,3482.0,,True
少校,shào xiào,junior ranking officer in Chinese army; major; lieutenant commander,3483.0,,True
场景,chǎng jǐng,scene; scenario; situation; setting,3484.0,,True
飞行员,fēi xíng yuán,pilot; aviator,3485.0,,True
惊人,jīng rén,astonishing,3486.0,,True
围,wéi,to encircle; to surround; all around,3487.0,,True
一家,yī jiā,the whole family; the same family; the family ... (when preceded by a family name),3488.0,,True
康复,kāng fù,to recuperate; to recover (health); to convalesce,3489.0,,True
策划,cè huà,to plot; to scheme; to bring about,3490.0,6.0,True
火灾,huǒ zāi,serious fire (in a city or a forest etc),3491.0,,True
费用,fèi yòng,cost; expenditure; expense,3492.0,5.0,True
弥补,mí bǔ,to complement; to make up for a deficiency,3493.0,6.0,True
胃,wèi,stomach,3494.0,5.0,True
大门,dà mén,entrance; door; gate,3495.0,,True
连接,lián jiē,to link; to join; to connect,3496.0,,True
韩国,Hán guó,"South Korea (Republic of Korea); Han, one of the Seven Warring States",3497.0,,True
理想,lǐ xiǎng,an ideal; a dream; ideal,3498.0,4.0,True
党,dǎng,party; association; club,3499.0,6.0,True
过敏,guò mǐn,oversensitive; allergic; allergy,3500.0,5.0,True
凯特,Kǎi tè,Kate (name),3501.0,,True
点子,diǎn zi,spot; point; dot,3503.0,,True
科技,kē jì,science and technology,3504.0,,True
包裹,bāo guǒ,to wrap up; to bind up; bundle,3505.0,5.0,True
工资,gōng zī,wages; pay,3506.0,4.0,True
杜,dù,birchleaf pear (tree); to stop; to prevent,3507.0,,True
衣,yī,clothes; Kangxi radical 145,3509.0,,True
妇女,fù nǚ,woman,3510.0,5.0,True
来源,lái yuán,source (of information etc); origin,3511.0,6.0,True
判决,pàn jué,judgment (by a court of law); to pass judgment on; to sentence,3512.0,6.0,True
刻,kè,quarter (hour); moment; to carve,3513.0,3.0,True
路线,lù xiàn,itinerary; route; political line (e.g. right revisionist road),3514.0,,True
地毯,dì tǎn,carpet; rug,3515.0,5.0,True
依靠,yī kào,to rely on sth (for support etc); to depend on,3516.0,6.0,True
扔掉,rēng diào,to throw away; to throw out,3517.0,,True
裸体,luǒ tǐ,naked,3518.0,,True
陷阱,xiàn jǐng,pitfall; snare; trap,3519.0,,True
公正,gōng zhèng,just; fair; equitable,3520.0,6.0,True
总算,zǒng suàn,at long last; finally; on the whole,3521.0,5.0,True
真心,zhēn xīn,wholeheartedness; sincerity,3522.0,,True
来着,lái zhe,auxiliary showing sth happened in the past,3523.0,,True
古老,gǔ lǎo,ancient; old; age-old,3524.0,5.0,True
不妙,bù miào,not too encouraging; far from good; anything but reassuring,3525.0,,True
伪装,wěi zhuāng,to pretend to be (asleep etc); to disguise oneself as; pretense,3526.0,,True
兮,xī,particle in old Chinese similar to,3527.0,,True
宴会,yàn huì,banquet; feast; dinner party,3528.0,5.0,True
委托,wěi tuō,to entrust; to trust; to commission,3529.0,5.0,True
白宫,Bái gōng,White House,3530.0,,True
发送,fā sòng,to transmit; to dispatch; to issue (an official document or credential),3531.0,,True
犬,quǎn,dog; Kangxi radical 94,3532.0,6.0,True
冲突,chōng tū,conflict; to conflict; clash of opposing forces,3533.0,6.0,True
指示,zhǐ shì,to point out; to indicate; to instruct,3534.0,6.0,True
只好,zhǐ hǎo,to have no other option but to ...; to have to; to be forced to,3535.0,4.0,True
柜,guì,cupboard; cabinet; wardrobe,3536.0,,True
散步,sàn bù,to take a walk; to go for a walk,3537.0,4.0,True
化妆,huà zhuāng,to put on makeup,3538.0,6.0,True
郎,láng,minister; official; noun prefix denoting function or status,3539.0,,True
莎,shā,"katydid (family Tettigoniidae); phonetic ""sha"" used in transliteration",3540.0,,True
博,bó,abundant; plentiful; extensive; wide; to win; to gain; to play; to gamble,3542.0,,True
上午,shàng wǔ,morning,3543.0,1.0,True
捅,tǒng,to poke; to jab; to give (sb) a nudge; to prod; to disclose; to reveal,3544.0,,True
剧院,jù yuàn,theater,3545.0,,True
卑鄙,bēi bǐ,base; mean; contemptible,3546.0,6.0,True
端,duān,end; extremity; item,3547.0,6.0,True
怀念,huái niàn,to cherish the memory of; to think of; to reminisce,3548.0,5.0,True
宽恕,kuān shù,to forgive; forgiveness,3549.0,,True
握,wò,to hold; to grasp; to clench (one's fist); to have in one's control,3550.0,,True
原本,yuán běn,originally; the original; original copy; original version,3551.0,,True
见识,jiàn shi,to gain first-hand knowledge of sth; to experience for oneself; knowledge,3552.0,,True
贝,bèi,cowrie; shellfish; currency (archaic),3553.0,,True
所作所为,suǒ zuò suǒ wéi,one's conduct and deeds,3554.0,,True
创意,chuàng yì,creative; creativity,3555.0,,True
代替,dài tì,to replace; to take the place of,3556.0,4.0,True
汁,zhī,juice,3557.0,,True
人士,rén shì,person; figure; public figure,3558.0,6.0,True
干脆,gān cuì,candid; direct and to the point; simply,3559.0,5.0,True
户,hù,a household; door; family,3560.0,,True
脆弱,cuì ruò,weak; frail,3561.0,6.0,True
水果,shuǐ guǒ,fruit,3562.0,1.0,True
幸,xìng,trusted; intimate; to visit,3566.0,,True
争霸,zhēng bà,to contend for hegemony; a power struggle,3567.0,,True
侵犯,qīn fàn,to infringe on; to encroach on; to violate,3568.0,6.0,True
无意,wú yì,inadvertent; accidental; to have no intention of (doing sth),3570.0,,True
温暖,wēn nuǎn,warm,3571.0,5.0,True
珠宝,zhū bǎo,pearls; jewels; precious stones,3572.0,,True
提起,tí qǐ,to mention; to bring up; to lift; to raise; to initiate (legal proceedings),3573.0,,True
大伙,dà huǒ,everyone; all of us; all of you,3574.0,,True
器官,qì guān,organ; apparatus,3575.0,6.0,True
讨,tǎo,to invite; to provoke; to demand or ask for,3576.0,,True
出版,chū bǎn,to publish,3577.0,5.0,True
切断,qiē duàn,to cut off; to sever,3578.0,,True
玫瑰,méi guī,rugosa rose (shrub) (Rosa rugosa) (; rose flower (,3579.0,,True
崇拜,chóng bài,to worship; adoration,3580.0,6.0,True
前妻,qián qī,ex-wife; late wife,3581.0,,True
失败者,shī bài zhě,loser,3582.0,,True
考验,kǎo yàn,to test; to put to the test; trial,3583.0,6.0,True
罪行,zuì xíng,crime; offense,3584.0,,True
效劳,xiào láo,to serve (in some capacity); to work for,3585.0,,True
时装,shí zhuāng,fashion; fashionable clothes,3586.0,6.0,True
稍后,shāo hòu,in a little while; shortly after,3587.0,,True
搬家,bān jiā,to move house; to relocate; to remove (sth),3588.0,,True
主持,zhǔ chí,to take charge of; to manage or direct; to preside over,3589.0,5.0,True
男子,nán zǐ,a man; a male,3590.0,,True
罪恶,zuì è,crime; evil; sin,3591.0,,True
活儿,huó r,work; things to do,3592.0,,True
用来,yòng lái,to be used for,3593.0,,True
视,shì,to look at,3594.0,,True
远远,yuǎn yuǎn,distant; by far,3595.0,,True
哈利,Hā lì,Harry,3596.0,,True
扫描,sǎo miáo,to scan,3597.0,,True
假期,jià qī,vacation,3598.0,,True
题,tí,topic; problem for discussion; exam question,3599.0,2.0,True
缺乏,quē fá,to lack; to be short of,3600.0,5.0,True
义务,yì wù,duty; obligation; volunteer (work etc),3601.0,5.0,True
连续,lián xù,continuous; in a row; serial,3602.0,,True
一时,yī shí,a period of time; a while; for a short while,3603.0,,True
猛,měng,ferocious; fierce; violent,3604.0,,True
白天,bái tiān,daytime; during the day; day,3605.0,,True
欲望,yù wàng,desire; longing; appetite; craving,3606.0,6.0,True
魔术,mó shù,magic,3607.0,6.0,True
连环,lián huán,chain,3608.0,,True
蜜蜂,mì fēng,bee; honeybee,3609.0,5.0,True
之所以,zhī suǒ yǐ,the reason why N P; Example,3610.0,,True
拉斯维加斯,Lā sī Wéi jiā sī,"Las Vegas, Nevada",3611.0,,True
除,chú,to get rid of; to remove; to exclude,3612.0,5.0,True
实力,shí lì,strength,3613.0,6.0,True
精灵,jīng líng,spirit; fairy; elf,3614.0,,True
夸张,kuā zhāng,to exaggerate; overstated; exaggerated; hyperbole,3615.0,,True
失控,shī kòng,to go out of control,3616.0,,True
赌博,dǔ bó,to gamble,3619.0,6.0,True
处境,chǔ jìng,situation (of a person),3620.0,6.0,True
礼服,lǐ fú,"ceremonial robe; formal attire (dinner suit, evening gown etc)",3621.0,,True
卧底,wò dǐ,to hide (as an undercover agent); an insider (in a gang of thieves); a mole,3622.0,,True
零,líng,zero; nought; zero sign,3623.0,1.0,True
专辑,zhuān jí,album; record (music); special collection of printed or broadcast material,3624.0,,True
保存,bǎo cún,to conserve; to preserve; to keep,3625.0,5.0,True
晃,huàng,to sway; to shake; to wander about,3626.0,,True
修好,xiū hǎo,to repair (sth broken); to restore (sth damaged); to establish friendly relations with; to do meritorious deeds,3627.0,,True
曼,màn,handsome; large; long,3628.0,,True
感动,gǎn dòng,to move (sb); to touch (sb emotionally); moving,3629.0,4.0,True
继承,jì chéng,to inherit; to succeed to (the throne etc); to carry on (a tradition etc),3630.0,6.0,True
如今,rú jīn,nowadays; now,3631.0,5.0,True
打球,dǎ qiú,to play ball; to play with a ball,3632.0,,True
染,rǎn,to dye; to catch (a disease); to acquire (bad habits etc),3633.0,6.0,True
祖母,zǔ mǔ,father's mother; paternal grandmother,3634.0,,True
老爹,lǎo diē,father; old man; sir,3635.0,,True
企图,qǐ tú,to attempt; to try; attempt,3636.0,5.0,True
沾,zhān,to moisten; to be infected by; to receive benefit or advantage through a contact,3637.0,,True
不如,bù rú,not equal to; not as good as; inferior to,3638.0,5.0,True
裤,kù,underpants; trousers; pants,3639.0,,True
雇佣,gù yōng,to employ; to hire,3640.0,5.0,True
保险箱,bǎo xiǎn xiāng,safe deposit box; safe,3641.0,,True
隔离,gé lí,to separate; to isolate,3642.0,6.0,True
西装,xī zhuāng,suit; Western-style clothes,3643.0,,True
福,fú,good fortune; happiness; luck,3644.0,,True
罚,fá,to punish; to penalize; to fine,3645.0,,True
晓得,xiǎo de,to know,3646.0,,True
旅,lǚ,trip; travel; to travel,3647.0,,True
厨,chú,kitchen,3648.0,,True
迟早,chí zǎo,sooner or later,3649.0,,True
电台,diàn tái,transmitter-receiver; broadcasting station; radio station,3650.0,5.0,True
无能为力,wú néng wéi lì,impotent (idiom); powerless; helpless,3651.0,6.0,True
生涯,shēng yá,career; life (way in which sb lives); period of one's life,3652.0,,True
护照,hù zhào,passport,3653.0,3.0,True
知识,zhī shi,knowledge; intellectual,3655.0,4.0,True
开会,kāi huì,to hold a meeting; to attend a meeting,3656.0,,True
支付,zhī fù,to pay (money),3657.0,,True
领袖,lǐng xiù,leader,3658.0,6.0,True
小偷,xiǎo tōu,thief,3659.0,5.0,True
观看,guān kàn,to watch; to view,3660.0,,True
挣扎,zhēng zhá,to struggle,3661.0,6.0,True
球员,qiú yuán,player; team member,3662.0,,True
丁,dīng,"male adult; the 4th of the 10 Heavenly Stems; fourth (used like ""4"" or ""D"")",3663.0,5.0,True
英寸,yīng cùn,inch (unit of length equal to 2.54 cm.),3664.0,,True
推荐,tuī jiàn,to recommend; recommendation,3665.0,5.0,True
骚扰,sāo rǎo,to disturb; to cause a commotion; to harass,3666.0,,True
收养,shōu yǎng,"to take in and care for (an elderly person, a dog etc); to adopt (a child); adoption",3667.0,,True
引爆,yǐn bào,to ignite; to detonate,3668.0,,True
裸,luǒ,naked,3669.0,,True
节日,jié rì,holiday; festival,3670.0,3.0,True
难堪,nán kān,hard to take; embarrassed,3671.0,6.0,True
硬币,yìng bì,coin,3672.0,5.0,True
许可,xǔ kě,to allow; to permit,3673.0,6.0,True
成年人,chéng nián rén,adult person,3674.0,,True
吻合,wěn hé,to be a good fit; to be identical with; to adjust oneself to,3676.0,,True
汇报,huì bào,to report; to give an account of; to collect information and report back,3677.0,6.0,True
丢脸,diū liǎn,to lose face; humiliation,3678.0,,True
难受,nán shòu,to feel unwell; to suffer pain; to be difficult to bear,3679.0,4.0,True
放屁,fàng pì,to fart; to break wind; to talk nonsense,3680.0,,True
鼓掌,gǔ zhǎng,to applaud; to clap,3681.0,4.0,True
旅程,lǚ chéng,journey; trip,3682.0,,True
奖金,jiǎng jīn,premium; award money; bonus,3683.0,4.0,True
热狗,rè gǒu,hot dog (loanword),3684.0,,True
马丁,Mǎ dīng,Martin (name),3685.0,,True
片子,piān zi,film; movie; film reel,3686.0,,True
末日,mò rì,last day; end; final days,3687.0,,True
糖果,táng guǒ,candy,3688.0,,True
目击者,mù jī zhě,eyewitness,3689.0,,True
地面,dì miàn,floor; ground; surface,3690.0,,True
待会儿,dāi huì r,in a moment; later; also pr. [dai1 hui3 r5] or [dai1 hui5 r5],3691.0,,True
过度,guò dù,excessive; over-; excess,3692.0,6.0,True
撕,sī,to tear,3693.0,5.0,True
桩,zhuāng,"stump; stake; pile; classifier for events, cases, transactions, affairs etc",3694.0,,True
捉,zhuō,to clutch; to grab; to capture,3695.0,,True
声称,shēng chēng,to claim; to state; to proclaim,3696.0,,True
亚瑟,Yà sè,Arthur,3697.0,,True
咨询,zī xún,to consult; to seek advice; consultation,3698.0,5.0,True
出庭,chū tíng,to appear in court,3699.0,,True
包围,bāo wéi,to surround; to encircle; to hem in,3700.0,6.0,True
提示,tí shì,to point out; to remind (sb of sth); to suggest,3701.0,6.0,True
肺,fèi,lung,3702.0,5.0,True
糊涂,hú tu,muddled; silly; confused,3703.0,5.0,True
院,yuàn,courtyard; institution,3704.0,,True
燃烧,rán shāo,to ignite; to combust; to burn,3705.0,5.0,True
豪华,háo huá,luxurious,3706.0,5.0,True
毒气,dú qì,"poison gas; toxic gas; manifestation of passion, anger etc (Buddhism)",3707.0,,True
拳击,quán jī,boxing,3708.0,,True
亚当,Yà dāng,Adam,3709.0,,True
修女,xiū nǚ,nun or sister (of the Roman Catholic or Greek Orthodox churches),3710.0,,True
混合,hùn hé,to mix; to blend; hybrid,3711.0,6.0,True
争吵,zhēng chǎo,to quarrel; dispute,3712.0,,True
私,sī,personal; private; selfish,3713.0,,True
轻易,qīng yì,easy; simple; rashly; offhandedly,3714.0,,True
青,qīng,green; blue; black,3715.0,5.0,True
幽默,yōu mò,humor; humorous,3716.0,4.0,True
明智,míng zhì,sensible; wise; judicious,3717.0,,True
后退,hòu tuì,to recoil; to draw back; to fall back; to retreat,3719.0,,True
桶,tǒng,bucket; can; barrel (of oil etc),3720.0,,True
困惑,kùn huò,bewildered; perplexed; confused,3721.0,,True
武装,wǔ zhuāng,arms; equipment; to arm,3722.0,6.0,True
指甲,zhǐ jia,fingernail,3723.0,6.0,True
透露,tòu lù,to leak out; to divulge; to reveal,3724.0,,True
斗争,dòu zhēng,a struggle; fight; battle,3725.0,6.0,True
录像带,lù xiàng dài,videotape; video cassette,3726.0,,True
感恩节,Gǎn ēn jié,Thanksgiving Day,3727.0,,True
计,jì,to calculate; to compute; to count,3728.0,,True
灯光,dēng guāng,lighting; light,3729.0,,True
基督,Jī dū,Christ,3730.0,,True
酱,jiàng,thick paste of fermented soybean; marinated in soy paste; paste,3731.0,,True
选举,xuǎn jǔ,to elect; election,3732.0,5.0,True
威廉,Wēi lián,William or Wilhelm (name),3733.0,,True
劫,jié,to rob; to plunder; to seize by force,3734.0,,True
追查,zhuī chá,to try to find out; to trace; to track down,3735.0,,True
上车,shàng chē,"to get on or into (a bus, train, car etc)",3736.0,,True
环,huán,ring; hoop; loop,3737.0,,True
冰淇淋,bīng qí lín,ice cream,3738.0,,True
用不着,yòng bu zháo,not need; have no use for,3739.0,,True
好受,hǎo shòu,feeling better; to be more at ease,3740.0,,True
足以,zú yǐ,sufficient to...; so much so that; so that,3741.0,6.0,True
相爱,xiāng ài,to love each other,3742.0,,True
厂,chǎng,factory; yard; depot,3743.0,,True
不赖,bù lài,not bad; good; fine,3744.0,,True
软,ruǎn,soft; flexible,3745.0,4.0,True
人口,rén kǒu,population; people,3746.0,5.0,True
出名,chū míng,well-known for sth; to become well known; to make one's mark,3747.0,,True
夹克,jiā kè,jacket; also pr. [jia2 ke4],3748.0,,True
触,chù,to touch; to make contact with sth; to stir up sb's emotions,3749.0,,True
鼠,shǔ,rat; mouse,3750.0,,True
违法,wéi fǎ,illegal; to break the law,3751.0,,True
帮派,bāng pài,gang; faction,3752.0,,True
隐私,yǐn sī,secrets; private business; privacy,3753.0,6.0,True
陈,chén,to lay out; to exhibit; to display; to narrate; to state; to explain; to tell; old; stale,3754.0,,True
街头,jiē tóu,street,3755.0,,True
内衣,nèi yī,undergarment; underwear,3756.0,,True
银,yín,silver; silver-colored; relating to money or currency,3757.0,5.0,True
夏威夷,Xià wēi yí,"Hawaii, US state",3758.0,,True
稳,wěn,settled; steady; stable,3759.0,,True
功能,gōng néng,function; capability,3760.0,5.0,True
明确,míng què,clear-cut; definite; explicit; to clarify; to specify; to make definite,3762.0,5.0,True
口音,kǒu yin,voice; accent,3763.0,6.0,True
闯入,chuǎng rù,to intrude; to charge in; to gate-crash,3764.0,,True
旋转,xuán zhuǎn,to rotate; to revolve; to spin,3765.0,6.0,True
品牌,pǐn pái,brand; brand name,3766.0,,True
穿越,chuān yuè,to pass through; to traverse; to cross,3767.0,6.0,True
刷,shuā,to brush; to paint; to daub,3768.0,3.0,True
虎,hǔ,tiger,3769.0,,True
有意,yǒu yì,to intend; intentionally; interested in,3770.0,,True
回顾,huí gù,to look back; to review,3771.0,6.0,True
扁,biǎn,flat; to beat (sb) up,3772.0,6.0,True
孙子,sūn zi,grandson; son's son,3773.0,4.0,True
把握,bǎ wò,to grasp (also fig.); to seize; to hold,3774.0,5.0,True
嫌疑人,xián yí rén,a suspect,3775.0,,True
激烈,jī liè,intense; fierce; acute,3776.0,5.0,True
汗,hàn,"perspiration; sweat; to be speechless (out of helplessness, embarrassment etc) (Internet slang used",3777.0,4.0,True
丢掉,diū diào,to lose; to throw away; to discard,3778.0,,True
相机,xiàng jī,camera; at the opportune moment; as the circumstances allow,3779.0,,True
授权,shòu quán,to authorize,3780.0,,True
恕,shù,to forgive,3782.0,,True
欢乐,huān lè,gaiety; gladness; glee,3783.0,6.0,True
毒贩,dú fàn,drug dealer; drug trafficker,3784.0,,True
委托人,wěi tuō rén,client; trustor,3785.0,,True
收入,shōu rù,to take in; income; revenue,3786.0,4.0,True
老弟,lǎo dì,my boy; old pal,3787.0,,True
钓鱼,diào yú,to fish (with line and hook); to angle; to entrap; to repeatedly nod one's head while dozing,3788.0,,True
酸,suān,sour; tart; sick at heart,3789.0,4.0,True
公里,gōng lǐ,kilometer,3790.0,4.0,True
扶,fú,to support with the hand; to help sb up; to support oneself by holding onto something,3791.0,5.0,True
集合,jí hé,to gather; to assemble; set,3792.0,4.0,True
车站,chē zhàn,rail station; bus stop,3793.0,,True
私下,sī xià,in private,3794.0,,True
抚养,fǔ yǎng,to foster; to bring up; to raise,3795.0,6.0,True
秘书,mì shū,secretary,3796.0,5.0,True
环节,huán jié,"segment (of the body of a worm, centipede etc); a part of an integrated whole: aspect (of a project), element (of a policy)",3797.0,6.0,True
同伴,tóng bàn,companion; comrade; fellow,3798.0,,True
闯,chuǎng,to rush; to charge; to dash,3799.0,5.0,True
非得,fēi děi,must,3800.0,,True
堂,táng,hall; large room for a specific purpose; relationship between cousins etc on the paternal side of a family,3801.0,,True
全体,quán tǐ,all; entire,3802.0,,True
事先,shì xiān,in advance; before the event; beforehand,3803.0,5.0,True
说了算,shuō le suàn,to have the final say; to be the one in charge,3804.0,,True
凯蒂,Kǎi dì,"Kitty, Cathy, Katy, Caddy etc",3805.0,,True
尽情,jìn qíng,as much as one likes,3806.0,,True
狠,hěn,ruthless; fierce; ferocious; determined; resolute; to harden (one's heart),3807.0,,True
扭,niǔ,to turn; to twist; to wring,3808.0,,True
啦啦队,lā lā duì,cheerleading squad,3809.0,,True
做饭,zuò fàn,to prepare a meal; to cook,3811.0,,True
怪兽,guài shòu,rare animal; mythical animal; monster,3812.0,,True
基础,jī chǔ,base; foundation; basis; basic; fundamental,3813.0,4.0,True
残酷,cán kù,cruel; cruelty,3814.0,6.0,True
使命,shǐ mìng,mission; long-term task to which one devotes oneself; a calling,3815.0,6.0,True
返回,fǎn huí,to return to; to come (or go) back,3816.0,,True
杯子,bēi zi,cup; glass,3817.0,1.0,True
害羞,hài xiū,shy; embarrassed; bashful,3818.0,4.0,True
帝国,dì guó,empire; imperial,3819.0,,True
寻,xún,to search; to look for; to seek,3820.0,,True
场合,chǎng hé,situation; occasion; context,3821.0,6.0,True
酒精,jiǔ jīng,alcohol; ethanol CH3CH2OH; ethyl alcohol,3822.0,6.0,True
星期五,Xīng qī wǔ,Friday,3823.0,,True
游泳池,yóu yǒng chí,swimming pool,3824.0,,True
幽灵,yōu líng,specter; apparition; ghost,3825.0,,True
模型,mó xíng,model; mold; matrix,3826.0,6.0,True
诡异,guǐ yì,strange; weird,3827.0,,True
准时,zhǔn shí,on time; punctual; on schedule,3829.0,4.0,True
画面,huà miàn,scene; tableau; picture,3830.0,,True
部长,bù zhǎng,head of a (government etc) department; section chief; section head,3831.0,,True
牛肉,niú ròu,beef,3832.0,,True
下降,xià jiàng,to decline; to drop; to fall,3833.0,,True
可疑,kě yí,suspicious; dubious,3834.0,,True
恶梦,è mèng,nightmare,3835.0,,True
复制,fù zhì,to duplicate; to make a copy of; to copy,3836.0,5.0,True
然,rán,correct; right; so,3837.0,,True
疼痛,téng tòng,pain; to be painful; to be sore; to hurt; to be in pain,3838.0,,True
粉,fěn,powder; cosmetic face powder; food prepared from starch; noodles or pasta made from any kind of flour,3839.0,,True
摄影,shè yǐng,to take a photograph; photography; to shoot (a movie),3840.0,5.0,True
闪电,shǎn diàn,lightning,3841.0,5.0,True
积极,jī jí,active; energetic; vigorous,3842.0,4.0,True
灭,miè,to extinguish or put out; to go out (of a fire etc); to exterminate or wipe out,3843.0,,True
假释,jiǎ shì,parole,3844.0,,True
巴斯,Bā sī,Bath city in southwest England,3845.0,,True
评估,píng gū,to evaluate; to assess; assessment,3846.0,6.0,True
解除,jiě chú,to remove; to sack; to get rid of,3847.0,6.0,True
免,miǎn,to excuse sb; to exempt; to remove or dismiss from office,3848.0,,True
车库,chē kù,garage,3849.0,5.0,True
通讯,tōng xùn,communications; news story; dispatch,3850.0,5.0,True
早安,zǎo ān,Good morning!,3851.0,,True
身后,shēn hòu,the time after one's death; a place behind sb; one's social background,3852.0,,True
降,jiàng,to drop; to fall; to come down,3853.0,,True
早点,zǎo diǎn,breakfast,3855.0,,True
盘子,pán zi,tray; plate; dish,3856.0,3.0,True
着呢,zhe ne,comes at the end of the sentence to indicate a strong degree; quite; rather,3857.0,,True
如同,rú tóng,like; as,3858.0,,True
给予,jǐ yǔ,to give; to accord; to render,3859.0,6.0,True
建造,jiàn zào,to construct; to build,3860.0,,True
典型,diǎn xíng,model; typical case; archetype,3861.0,6.0,True
呵呵,hē hē,gentle laughter; chuckle,3862.0,,True
破产,pò chǎn,to go bankrupt; to become impoverished; bankruptcy,3863.0,5.0,True
获,huò,to catch; to capture; to get; to obtain; to win; to reap; to harvest,3864.0,,True
查看,chá kàn,to look over; to examine; to check up,3865.0,,True
伪造,wěi zào,to forge; to fake; to counterfeit,3866.0,6.0,True
出场,chū chǎng,to come onto the stage to perform; to enter the arena to compete; to enter the scene (e.g. a new product),3867.0,,True
名义,míng yì,name; titular; nominal,3868.0,,True
崔,cuī,lofty,3869.0,,True
半夜,bàn yè,midnight; in the middle of the night,3870.0,,True
赌场,dǔ chǎng,casino,3871.0,,True
富,fù,rich; abundant; wealthy,3872.0,4.0,True
力气,lì qi,strength,3873.0,4.0,True
立,lì,to stand; to set up; to establish,3874.0,,True
掩盖,yǎn gài,to conceal; to hide behind; to cover up,3875.0,6.0,True
官司,guān si,lawsuit,3876.0,,True
东京,Dōng jīng,"Tokyo, capital of Japan; Tonkin (northern Vietnam during the French colonial period)",3877.0,,True
过夜,guò yè,to spend the night; overnight,3878.0,,True
发作,fā zuò,to flare up; to break out,3879.0,,True
以上,yǐ shàng,that level or higher; that amount or more; the above-mentioned; That is all.,3880.0,,True
挑选,tiāo xuǎn,to choose; to select,3881.0,,True
团结,tuán jié,to unite; unity; solidarity,3882.0,6.0,True
除掉,chú diào,to eliminate,3883.0,,True
救援,jiù yuán,to save; to support; to help,3884.0,,True
速,sù,fast; rapid; quick,3885.0,,True
趴,pā,"to lie on one's stomach; to lean forward, resting one's upper body (on a desktop etc); percent",3886.0,6.0,True
民,mín,the people; inhabitants of a country,3887.0,,True
翘,qiào,to stick up; to rise on one end; to tilt,3888.0,6.0,True
开头,kāi tóu,beginning; to start,3889.0,,True
一模一样,yī mú yī yàng,exactly alike; identical; also pr. [yi1mo2-yi1yang4],3890.0,,True
入口,rù kǒu,entrance; to import,3891.0,4.0,True
险,xiǎn,danger; dangerous; rugged,3892.0,,True
接手,jiē shǒu,to take over (duties etc); catcher (baseball etc),3893.0,,True
收看,shōu kàn,to watch (a TV program),3894.0,,True
诱惑,yòu huò,to entice; to lure; to induce,3895.0,6.0,True
窗,chuāng,window,3896.0,,True
十二,shí èr,twelve; 12,3897.0,,True
遭到,zāo dào,to suffer; to meet with (sth unfortunate),3898.0,,True
火箭,huǒ jiàn,rocket,3899.0,6.0,True
胡扯,hú chě,to chatter; nonsense; blather,3900.0,,True
伴,bàn,partner; companion; comrade; associate; to accompany,3903.0,,True
瓦,wǎ,roof tile,3904.0,,True
袜子,wà zi,socks; stockings,3905.0,4.0,True
容,róng,to hold; to contain; to allow,3906.0,,True
暂停,zàn tíng,to suspend; time-out (e.g. in sports); stoppage,3907.0,,True
华,huá,magnificent; splendid; flowery,3908.0,,True
做法,zuò fǎ,way of handling sth; method for making; work method,3909.0,,True
负担,fù dān,"to bear (an expense, a responsibility etc); burden",3910.0,6.0,True
惹麻烦,rě má fan,to create difficulties; to be troublesome; to invite trouble,3911.0,,True
从不,cóng bù,never,3912.0,,True
沙滩,shā tān,beach; sandy shore,3913.0,5.0,True
社交,shè jiāo,interaction; social contact,3914.0,,True
烦恼,fán nǎo,to be worried; to be distressed; worries,3915.0,4.0,True
着火,zháo huǒ,to catch fire,3916.0,,True
轮胎,lún tāi,tire; pneumatic tire,3917.0,6.0,True
移民,yí mín,to immigrate; to migrate; emigrant,3918.0,5.0,True
团体,tuán tǐ,group; organization; team,3919.0,6.0,True
上来,shàng lái,to come up; to approach; verb complement indicating success,3920.0,,True
有用,yǒu yòng,useful,3921.0,,True
得了,dé le,all right!; that's enough!,3922.0,,True
抹,mǒ,to smear; to wipe; to erase,3923.0,,True
抢走,qiǎng zǒu,to snatch (esp related to a robbery),3924.0,,True
村,cūn,village; to scold; rustic; boorish,3925.0,,True
查尔斯,Chá ěr sī,Charles,3926.0,,True
举办,jǔ bàn,to conduct; to hold,3927.0,4.0,True
眼泪,yǎn lèi,tear; teardrop,3928.0,,True
营,yíng,camp; barracks; battalion,3929.0,,True
思,sī,to think; to consider,3930.0,,True
待命,dài mìng,to be on call; to be on standby,3931.0,,True
关联,guān lián,to be related; to be connected; relationship; connection,3932.0,,True
倾向,qīng xiàng,trend; tendency; orientation,3933.0,6.0,True
日期,rì qī,date,3934.0,5.0,True
赞成,zàn chéng,to approve; to endorse; to assist,3935.0,5.0,True
战场,zhàn chǎng,battlefield,3936.0,,True
热爱,rè ài,to love ardently; to adore,3937.0,5.0,True
摩托车,mó tuō chē,motorbike; motorcycle,3938.0,5.0,True
鹿,lù,deer,3939.0,,True
保住,bǎo zhù,to preserve; to save,3940.0,,True
击败,jī bài,to defeat; to beat,3941.0,,True
转身,zhuǎn shēn,to turn round; to face about; to remarry (archaic),3942.0,,True
统治,tǒng zhì,to rule (a country); to govern; rule,3943.0,5.0,True
遭遇,zāo yù,to meet with; to encounter; experience,3944.0,6.0,True
无线电,wú xiàn diàn,radio; wireless (i.e. the technology used in radio telecommunication); a radio,3945.0,,True
取决于,qǔ jué yú,to hinge on; to be decided by; to depend on,3946.0,,True
游行,yóu xíng,to march; to parade; to demonstrate; procession; march; demonstration; to travel around; to roam,3947.0,,True
胡说八道,hú shuō bā dào,to talk rubbish,3948.0,,True
形式,xíng shì,outer appearance; form; shape,3949.0,5.0,True
嘴唇,zuǐ chún,lip,3950.0,6.0,True
妻,qī,wife,3951.0,,True
谷,gǔ,grain; corn; valley,3952.0,,True
矛盾,máo dùn,contradiction; conflicting views; contradictory,3953.0,5.0,True
弃,qì,to abandon; to relinquish; to discard,3954.0,,True
现象,xiàn xiàng,phenomenon; appearance,3955.0,5.0,True
结合,jié hé,to combine; to link; to integrate,3956.0,5.0,True
怪人,guài rén,strange person; eccentric,3957.0,,True
相似,xiāng sì,similar; alike,3958.0,5.0,True
后备,hòu bèi,reserve; backup,3959.0,,True
玩偶,wán ǒu,toy figurine; action figure; stuffed animal,3960.0,,True
领域,lǐng yù,domain; sphere; field,3961.0,5.0,True
边缘,biān yuán,edge; fringe; verge; brink; periphery; marginal; borderline,3962.0,6.0,True
头部,tóu bù,head,3963.0,,True
清单,qīng dān,list of items,3964.0,,True
振作,zhèn zuò,to bestir oneself; to pull oneself together; to cheer up,3965.0,,True
充分,chōng fèn,ample; sufficient; adequate,3966.0,5.0,True
复活,fù huó,to revive; to come back to life; resurrection,3967.0,6.0,True
双胞胎,shuāng bāo tāi,twin,3968.0,6.0,True
决,jué,to decide; to determine; to execute (sb),3969.0,,True
一阵子,yī zhèn zi,a while; a spell; a short time,3970.0,,True
哪些,nǎ xiē,which ones?; who?; what?,3971.0,,True
修理,xiū lǐ,to repair; to fix; to prune,3972.0,6.0,True
肖恩,Xiāo ēn,"Sean, Shaun or Shawn (name)",3973.0,,True
希特勒,Xī tè lè,Adolf Hitler (1889-1945),3974.0,,True
笑容,xiào róng,smile; smiling expression,3975.0,,True
价,jià,price; value; valence,3976.0,,True
据说,jù shuō,it is said that; reportedly,3977.0,5.0,True
电池,diàn chí,battery,3978.0,5.0,True
厅,tīng,hall; living room; office,3979.0,,True
居民,jū mín,resident; inhabitant,3980.0,,True
平安,píng ān,safe and sound; well; without mishap,3981.0,,True
搬走,bān zǒu,to carry,3982.0,,True
蜡烛,là zhú,candle,3983.0,5.0,True
星期六,Xīng qī liù,Saturday,3984.0,,True
亲人,qīn rén,one's close relatives,3985.0,,True
厄,è,distressed,3986.0,,True
家乡,jiā xiāng,hometown; native place,3987.0,5.0,True
菲,fēi,luxuriant (plant growth); rich with fragrance; phenanthrene C14H10,3988.0,,True
可卡因,kě kǎ yīn,cocaine (loanword),3989.0,,True
迅速,xùn sù,rapid; speedy; fast,3990.0,5.0,True
精神病,jīng shén bìng,mental disorder; psychosis,3991.0,,True
棺材,guān cai,coffin,3992.0,,True
测,cè,to survey; to measure; to conjecture,3993.0,,True
领带,lǐng dài,necktie,3994.0,,True
牛排,niú pái,steak,3995.0,,True
情形,qíng xing,circumstances; situation,3996.0,6.0,True
差劲,chà jìn,bad; no good; below average,3997.0,,True
前途,qián tú,prospects; future outlook; journey,3998.0,5.0,True
立场,lì chǎng,position; standpoint,4000.0,6.0,True
意志,yì zhì,will; willpower; determination,4001.0,6.0,True
仁慈,rén cí,benevolent; charitable; kind,4002.0,6.0,True
手表,shǒu biǎo,wristwatch,4003.0,2.0,True
隧道,suì dào,tunnel,4004.0,6.0,True
现代,xiàn dài,modern times; modern age; modern era,4005.0,4.0,True
导弹,dǎo dàn,missile,4006.0,6.0,True
无比,wú bǐ,incomparable; matchless,4007.0,6.0,True
一向,yī xiàng,always (previously); a period of time in the recent past,4008.0,6.0,True
成立,chéng lì,to establish; to set up; to be tenable,4009.0,5.0,True
甜蜜,tián mì,sweet; happy,4010.0,,True
野兽,yě shòu,beast; wild animal,4011.0,,True
弱,ruò,weak; feeble; young; inferior; not as good as,4012.0,5.0,True
移植,yí zhí,to transplant,4013.0,,True
本事,běn shi,ability; skill,4014.0,6.0,True
突破,tū pò,to break through; to make a breakthrough; to surmount (an obstacle),4015.0,6.0,True
曼哈顿,Màn hā dùn,Manhattan island; Manhattan borough of New York City,4016.0,,True
尾,wěi,tail; remainder; remnant,4017.0,,True
妨碍,fáng ài,to hinder; to obstruct,4018.0,5.0,True
评审,píng shěn,to appraise; to evaluate; to judge,4019.0,,True
摩,mó,to rub,4020.0,,True
爱人,ài ren,spouse (PRC); lover (non-PRC),4021.0,,True
液,yè,a liquid; also pr. [yi4],4022.0,,True
未婚妻,wèi hūn qī,fiancée,4023.0,,True
双手,shuāng shǒu,both hands,4024.0,,True
挥,huī,to wave; to brandish; to command,4025.0,5.0,True
一共,yī gòng,altogether,4026.0,3.0,True
巫师,wū shī,wizard; magician,4027.0,,True
终,zhōng,end; finish,4028.0,,True
碰巧,pèng qiǎo,by chance; by coincidence; to happen to,4029.0,,True
指令,zhǐ lìng,order; command; instruction,4030.0,6.0,True
装饰,zhuāng shì,to decorate; decoration; decorative,4031.0,5.0,True
伦,lún,human relationship; order; coherence,4032.0,,True
石油,shí yóu,oil; petroleum,4035.0,6.0,True
舌,shé,tongue,4036.0,,True
朗,lǎng,clear; bright,4037.0,,True
保释,bǎo shì,to release on bail; to bail,4038.0,,True
写信,xiě xìn,to write a letter,4039.0,,True
诊断,zhěn duàn,to diagnose,4040.0,5.0,True
撤退,chè tuì,to retreat,4041.0,6.0,True
姓名,xìng míng,surname and given name; full name,4042.0,,True
奶油,nǎi yóu,cream; butter; effeminate,4043.0,,True
沿着,yán zhe,to go along; to follow,4044.0,,True
老天爷,lǎo tiān yé,God; Heavens,4045.0,,True
悲惨,bēi cǎn,miserable; tragic,4046.0,6.0,True
资源,zī yuán,natural resource (such as water or minerals); resource (such as manpower or tourism),4047.0,5.0,True
瓶子,píng zi,bottle,4048.0,4.0,True
叛徒,pàn tú,traitor; turncoat; rebel,4049.0,,True
成人,chéng rén,to reach adulthood; an adult,4050.0,,True
模式,mó shì,mode; method; pattern,4051.0,6.0,True
抗,kàng,to resist; to fight; to defy,4052.0,,True
鸡肉,jī ròu,chicken meat,4053.0,,True
教师,jiào shī,teacher,4054.0,,True
君,jūn,monarch; lord; gentleman,4056.0,,True
忽略,hū lu:è,to neglect; to overlook; to ignore,4057.0,6.0,True
风暴,fēng bào,"storm; violent commotion; fig. crisis (e.g. revolution, uprising, financial crisis etc)",4058.0,6.0,True
基于,jī yú,because of; on the basis of; in view of,4059.0,,True
西部,xī bù,western part,4060.0,,True
预测,yù cè,to forecast; to predict,4061.0,,True
一阵,yī zhèn,a burst; a fit; a peal,4062.0,,True
优雅,yōu yǎ,grace; graceful,4063.0,,True
外表,wài biǎo,external; outside; outward appearance,4064.0,6.0,True
埃及,āi jí,Egypt,4065.0,,True
幕后,mù hòu,behind the scenes,4066.0,,True
小事,xiǎo shì,trifle; trivial matter,4068.0,,True
苏,sū,to revive; Perilla frutescens (Chinese basil or wild red basil); place name,4069.0,,True
独特,dú tè,unique; distinctive,4070.0,5.0,True
法医,fǎ yī,forensic pathologist; forensic doctor; medical examiner,4071.0,,True
额外,é wài,extra; added; additional,4072.0,6.0,True
沉,chén,to submerge; to immerse; to sink,4073.0,,True
干扰,gān rǎo,to disturb; to interfere; perturbation,4075.0,6.0,True
减少,jiǎn shǎo,to lessen; to decrease; to reduce; to lower,4076.0,4.0,True
房租,fáng zū,rent for a room or house,4077.0,,True
田,tián,field; farm,4078.0,,True
国会,Guó huì,Parliament (UK); Congress (US); Diet (Japan),4079.0,,True
作案,zuò àn,to commit a crime,4080.0,,True
牵,qiān,to lead along; to pull (an animal on a tether); to involve,4081.0,5.0,True
防守,fáng shǒu,to defend; to protect (against),4082.0,6.0,True
欺负,qī fu,to bully,4083.0,6.0,True
挽救,wǎn jiù,to save; to remedy; to rescue,4084.0,6.0,True
数据库,shù jù kù,database,4085.0,,True
体会,tǐ huì,to know from experience; to learn through experience; to realize,4086.0,5.0,True
腰,yāo,waist; lower back; pocket,4087.0,5.0,True
生产,shēng chǎn,to produce; to manufacture; to give birth to a child,4088.0,5.0,True
上台,shàng tái,to rise to power (in politics); to go on stage (in the theater),4089.0,,True
泥,ní,mud; clay; paste,4090.0,,True
街道,jiē dào,street; subdistrict; residential district,4093.0,3.0,True
播放,bō fàng,to broadcast; to transmit (by radio or TV),4094.0,6.0,True
大海,dà hǎi,sea; ocean,4095.0,,True
医师,yī shī,doctor; physician,4096.0,,True
脱离,tuō lí,to separate oneself from; to break away from; diastasis (medicine),4097.0,6.0,True
酗酒,xù jiǔ,heavy drinking; to get drunk; to drink to excess,4098.0,6.0,True
光明,guāng míng,light; radiance; bright (prospects etc),4099.0,5.0,True
贷款,dài kuǎn,a loan; to provide a loan (e.g. bank); to raise a loan (from e.g. a bank),4100.0,5.0,True
此刻,cǐ kè,this moment; now; at present,4101.0,,True
羞辱,xiū rǔ,to humiliate; to shame; humiliation,4102.0,,True
哈罗,hā luó,hello (loanword),4103.0,,True
寻常,xún cháng,usual; common; ordinary,4104.0,,True
女神,nǚ shén,goddess; nymph,4105.0,,True
质疑,zhì yí,to call into question; to challenge (the truth or validity of),4106.0,,True
节奏,jié zòu,rhythm; tempo; musical pulse,4107.0,6.0,True
胆小鬼,dǎn xiǎo guǐ,coward,4108.0,5.0,True
补,bǔ,to repair; to patch; to mend,4109.0,,True
柏林,Bó lín,"Berlin, capital of Germany",4110.0,,True
狠狠,hěn hěn,resolutely; firmly; ferociously,4111.0,,True
堵,dǔ,"to block up (a road, pipe etc); to stop up (a hole); choked up with anxiety or stress",4112.0,,True
歌词,gē cí,song lyric; lyrics,4113.0,,True
钓,diào,to fish with a hook and bait,4114.0,5.0,True
亲戚,qīn qi,a relative (i.e. family relation),4115.0,4.0,True
高尔夫,gāo ěr fū,golf,4116.0,,True
拼命,pīn mìng,to do one's utmost; with all one's might; at all costs; (to work or fight) as,4117.0,6.0,True
枕头,zhěn tou,pillow,4118.0,5.0,True
香水,xiāng shuǐ,perfume; cologne,4119.0,,True
路过,lù guò,to pass by; to pass through,4120.0,,True
英,yīng,hero; outstanding; excellent,4121.0,,True
外婆,wài pó,mother's mother; maternal grandmother,4122.0,,True
旧金山,Jiù jīn shān,"San Francisco, California",4123.0,,True
加速,jiā sù,to accelerate; to speed up; to expedite,4124.0,,True
地震,dì zhèn,earthquake,4125.0,5.0,True
才华,cái huá,talent,4126.0,,True
机票,jī piào,plane ticket; airline ticket,4127.0,,True
早饭,zǎo fàn,breakfast,4128.0,,True
情节,qíng jié,circumstances; plot; storyline,4129.0,6.0,True
玩儿,wán r,to play; to have fun; to hang out,4130.0,,True
弗,fú,not; used in transliteration,4131.0,,True
昏,hūn,muddle-headed; twilight; to faint,4132.0,,True
警员,jǐng yuán,police officer; policeman (general term for any police officer); police constable (lowest rank in mainland China and Hong Kong),4133.0,,True
转变,zhuǎn biàn,to change; to transform; shift,4134.0,5.0,True
操作,cāo zuò,to work; to operate; to manipulate,4135.0,6.0,True
最初,zuì chū,first; primary; initial,4136.0,5.0,True
死因,sǐ yīn,cause of death,4137.0,,True
组成,zǔ chéng,to form; to make up; to constitute,4138.0,4.0,True
施,shī,to put into effect (regulations etc); to distribute (alms etc); to apply (fertilizer etc),4139.0,,True
各自,gè zì,each; respective; apiece,4140.0,5.0,True
武士,wǔ shì,warrior; samurai,4141.0,,True
摘,zhāi,"to take; to borrow; to pick (flowers, fruit etc)",4142.0,5.0,True
喜爱,xǐ ài,to like; to love; to be fond of,4143.0,,True
人体,rén tǐ,human body,4144.0,,True
专心,zhuān xīn,to focus one's attention; to concentrate on (doing sth),4145.0,5.0,True
屏幕,píng mù,"screen (TV, computer or movie)",4146.0,,True
参观,cān guān,to look around; to tour; to visit,4147.0,4.0,True
杰夫,Jié fū,Jeff or Geoff (name),4148.0,,True
演唱会,yǎn chàng huì,vocal recital or concert,4150.0,,True
枪杀,qiāng shā,to shoot dead,4151.0,,True
告别,gào bié,to leave; to part from; to bid farewell to; to say goodbye to,4152.0,5.0,True
吊,diào,to suspend; to hang up; to hang a person,4153.0,6.0,True
亲吻,qīn wěn,to kiss; kiss,4154.0,,True
简,jiǎn,simple; uncomplicated; letter,4155.0,,True
贡献,gòng xiàn,to contribute; to dedicate; to devote,4156.0,5.0,True
地位,dì wèi,position; status; place,4157.0,5.0,True
琼斯,Qióng sī,Jones (name),4158.0,,True
内疚,nèi jiù,guilty conscience; to feel a twinge of guilt,4159.0,,True
运作,yùn zuò,to operate; operations; workings,4160.0,,True
不利,bù lì,unfavorable; disadvantageous; harmful,4161.0,,True
深处,shēn chù,abyss; depths; deepest or most distant part,4162.0,,True
荡妇,dàng fù,prostitute; floozy; slut,4163.0,,True
靴子,xuē zi,boots,4164.0,,True
住处,zhù chù,residence; dwelling,4165.0,,True
始终,shǐ zhōng,from beginning to end; all along,4166.0,5.0,True
车辆,chē liàng,vehicle,4167.0,,True
呵,hē,expel breath; my goodness,4168.0,6.0,True
火鸡,huǒ jī,turkey,4169.0,,True
唇,chún,lip,4170.0,,True
打交道,dǎ jiāo dào,to come into contact with; to have dealings,4171.0,5.0,True
过于,guò yú,too much; excessively,4173.0,6.0,True
隆,lóng,grand; intense; prosperous,4175.0,,True
安妮,ān nī,Annie (name),4176.0,,True
井,jǐng,a well; neat; orderly,4177.0,6.0,True
毙,bì,to die; to shoot dead; to reject,4178.0,,True
账户,zhàng hù,bank account; online account,4179.0,5.0,True
图像,tú xiàng,image; picture; graphic,4180.0,,True
撒旦,Sā dàn,Satan or Shaitan,4181.0,,True
致,zhì,fine; delicate; exquisite; to send; to transmit; to convey; to cause; to lead to; consequently,4182.0,,True
同伙,tóng huǒ,colleague; co-conspirator; accomplice,4183.0,,True
赶来,gǎn lái,to rush over,4184.0,,True
股票,gǔ piào,share certificate; stock (finance),4185.0,5.0,True
丰富,fēng fù,to enrich; rich; plentiful,4186.0,4.0,True
插手,chā shǒu,to get involved in; to meddle; interference,4187.0,,True
访问,fǎng wèn,to visit; to call on; to interview,4188.0,4.0,True
设法,shè fǎ,to try; to make an attempt; to think of a way (to accomplish sth),4189.0,,True
哎呀,āi yā,"interjection of wonder, shock or admiration",4190.0,,True
慷慨,kāng kǎi,vehement; fervent; generous; magnanimous,4191.0,6.0,True
迷失,mí shī,to lose (one's bearings); to get lost,4192.0,6.0,True
细胞,xì bāo,cell (biology),4193.0,6.0,True
验尸,yàn shī,autopsy; postmortem examination,4194.0,,True
押,yā,to mortgage; to pawn; to detain in custody,4196.0,,True
汉,hàn,man,4197.0,,True
形成,xíng chéng,to form; to take shape,4198.0,5.0,True
来临,lái lín,to approach; to come closer,4199.0,,True
了结,liǎo jié,to settle; to finish; to conclude,4200.0,,True
行业,háng yè,trade; profession; industry; business,4201.0,5.0,True
苏联,Sū lián,"Soviet Union, 1922-1991; abbr. for Union of Soviet Socialist Republics (USSR)",4202.0,,True
潜力,qián lì,potential; capacity,4203.0,6.0,True
外遇,wài yù,extramarital affair,4204.0,,True
沙拉,shā lā,salad,4205.0,,True
遵命,zūn mìng,to follow your orders; to do as you bid,4206.0,,True
主持人,zhǔ chí rén,host; master of ceremonies; (TV or radio) presenter; anchor; principal investigator (PI); program director,4207.0,,True
举动,jǔ dòng,act; action; activity,4208.0,6.0,True
倒数,dào shǔ,to count backwards (from 10 down to 0); to count down; from the bottom (lines on a page),4209.0,,True
费城,Fèi chéng,"Philadelphia, Pennsylvania",4210.0,,True
鸽子,gē zi,pigeon; dove; various birds of the family Columbidae,4212.0,5.0,True
戏剧,xì jù,a drama; a play; theater; script of a play,4213.0,5.0,True
少女,shào nǚ,girl; young lady,4214.0,,True
就算,jiù suàn,even if,4215.0,,True
奈,nài,used for its phonetic value in writing foreign words; used in expressions that convey frustration and futility,4217.0,,True
执照,zhí zhào,license; permit,4218.0,5.0,True
保镖,bǎo biāo,bodyguard,4219.0,,True
童,tóng,child,4220.0,,True
热线,rè xiàn,hotline (communications link),4221.0,,True
抗议,kàng yì,to protest; protest,4222.0,5.0,True
军人,jūn rén,serviceman; soldier; military personnel,4223.0,,True
周年,zhōu nián,anniversary; annual,4224.0,6.0,True
身份证,shēn fèn zhèng,identity card; ID,4225.0,,True
偏,piān,to lean; to slant; oblique,4226.0,,True
沟通,gōu tōng,to join; to connect; to link up; to communicate,4227.0,5.0,True
旅游,lǚ yóu,trip; journey; tourism,4228.0,2.0,True
政策,zhèng cè,policy,4229.0,5.0,True
指责,zhǐ zé,to criticize; to find fault with; to denounce,4230.0,6.0,True
八卦,bā guà,the eight divinatory trigrams of the Book of Changes; gossip; gossipy,4231.0,,True
偶,ǒu,accidental; image; pair,4232.0,,True
汽油,qì yóu,gasoline,4233.0,5.0,True
哭泣,kū qì,to weep,4234.0,,True
财富,cái fù,wealth; riches,4235.0,6.0,True
伯,bó,father's elder brother; senior; paternal elder uncle,4237.0,,True
星期天,Xīng qī tiān,Sunday,4238.0,,True
献,xiàn,to offer; to present; to dedicate,4239.0,,True
侄子,zhí zi,brother's son; nephew,4240.0,,True
泰勒,Tài lè,Taylor (name),4241.0,,True
叶,yè,leaf; page; lobe,4242.0,,True
良心,liáng xīn,conscience,4243.0,6.0,True
公,gōng,public; collectively owned; common,4244.0,,True
舞步,wǔ bù,dance steps,4245.0,,True
永不,yǒng bù,never; will never,4246.0,,True
嗑,kè,to crack (seeds) between one's teeth,4247.0,,True
容忍,róng rěn,to put up with; to tolerate,4248.0,6.0,True
周日,zhōu rì,weekday,4249.0,,True
空军,kōng jūn,air force; to fail to catch anything (on a fishing trip); to get skunked,4250.0,,True
依,yī,to depend on; to comply with or listen to sb; according to,4251.0,,True
使得,shǐ de,usable; serviceable; feasible; workable; doable; to make; to cause; to bring about,4252.0,,True
卡片,kǎ piàn,card,4253.0,,True
恤,xù,anxiety; sympathy; to sympathize,4254.0,,True
脱衣舞,tuō yī wǔ,striptease,4255.0,,True
健身,jiàn shēn,to exercise; to keep fit; to work out,4256.0,,True
驾,jià,to harness; to draw (a cart etc); to drive,4257.0,,True
分离,fēn lí,to separate,4258.0,,True
后门,hòu mén,back door; back gate; back-door influence; under-the-table dealings; anus,4259.0,,True
战胜,zhàn shèng,to prevail over; to defeat; to surmount,4260.0,,True
纯,chún,pure; simple; unmixed,4261.0,,True
佛罗里达,Fó luó lǐ dá,Florida,4262.0,,True
倒下,dǎo xià,to collapse; to topple over,4263.0,,True
披,pī,to drape over one's shoulders; to open; to unroll,4264.0,5.0,True
渣,zhā,slag (in mining or smelting); dregs,4265.0,6.0,True
果汁,guǒ zhī,fruit juice,4266.0,3.0,True
被迫,bèi pò,to be compelled; to be forced,4267.0,,True
毛巾,máo jīn,towel,4268.0,4.0,True
大众,dà zhòng,"the masses; the great bulk of the population; popular (of music, science etc)",4269.0,,True
狂欢,kuáng huān,party; carousal; hilarity,4270.0,,True
亲手,qīn shǒu,with one's own hands; personally,4271.0,,True
寂寞,jì mò,lonely; lonesome; quiet,4272.0,5.0,True
未婚夫,wèi hūn fū,fiancé,4273.0,,True
清除,qīng chú,to clear away; to eliminate; to get rid of,4274.0,6.0,True
尊严,zūn yán,dignity; sanctity; honor,4275.0,6.0,True
演戏,yǎn xì,to put on a play; to perform; fig. to pretend,4276.0,,True
定位,dìng wèi,to orientate; to position; to categorize (as),4277.0,,True
帽,mào,hat; cap,4278.0,,True
没准,méi zhǔn,not sure; maybe,4279.0,,True
芯片,xīn piàn,computer chip; microchip,4280.0,,True
核弹,hé dàn,nuclear bomb,4281.0,,True
单位,dān wèi,"unit (of measure); unit (group of people as a whole); work unit (place of employment, esp. in the PRC prior to economic reform)",4282.0,5.0,True
收音机,shōu yīn jī,radio,4283.0,6.0,True
手铐,shǒu kào,manacles; handcuffs,4284.0,,True
百老汇,Bǎi lǎo huì,Broadway (New York City),4285.0,,True
作战,zuò zhàn,combat; to fight,4286.0,,True
论文,lùn wén,paper; treatise; thesis,4287.0,5.0,True
韩,Hán,"Han, one of the Seven Hero States of the Warring States; Korea from the fall of the Joseon dynasty in 1897; Korea, esp. South Korea",4288.0,,True
遗嘱,yí zhǔ,testament; will,4289.0,,True
平民,píng mín,ordinary people; commoner (contrasted with the privileged); civilian (contrasted with the military),4290.0,,True
作者,zuò zhě,author; writer,4291.0,4.0,True
多亏,duō kuī,thanks to; luckily,4292.0,5.0,True
艳,yàn,bright; fresh and attractive; glamorous; amorous; romantic; to admire; to envy,4293.0,,True
体重,tǐ zhòng,body weight,4294.0,,True
向前,xiàng qián,forward; onward,4295.0,,True
伴侣,bàn lǚ,companion; mate; partner,4296.0,6.0,True
巴西,Bā xī,Brazil,4297.0,,True
预感,yù gǎn,to have a premonition; premonition,4298.0,,True
固定,gù dìng,to fix; to fasten; to set rigidly in place,4299.0,5.0,True
业,yè,line of business; industry; occupation,4300.0,,True
友,yǒu,friend,4301.0,,True
口味,kǒu wèi,a person's preferences; tastes (in food); flavor,4302.0,5.0,True
锻炼,duàn liàn,to toughen; to temper; to engage in physical exercise,4303.0,3.0,True
感冒,gǎn mào,to catch cold; cold; to be interested in (often used in the negative),4304.0,3.0,True
小朋友,xiǎo péng yǒu,"child; kid (used to refer to a child, or by an adult to address a child, or, in",4305.0,,True
注册,zhù cè,to register; to enroll,4306.0,5.0,True
遭受,zāo shòu,"to suffer; to sustain (loss, misfortune)",4307.0,6.0,True
肿瘤,zhǒng liú,tumor,4308.0,6.0,True
状,zhuàng,form; appearance; shape; state; condition; to describe,4309.0,,True
气味,qì wèi,odor; scent,4310.0,6.0,True
名声,míng shēng,reputation,4311.0,,True
发布,fā bù,to release; to issue; to announce,4312.0,6.0,True
英俊,yīng jùn,handsome,4313.0,5.0,True
工作室,gōng zuò shì,studio; workshop,4314.0,,True
木头,mù tou,"slow-witted; blockhead; log (of wood, timber etc)",4315.0,5.0,True
预算,yù suàn,budget,4316.0,6.0,True
果然,guǒ rán,really; sure enough; as expected,4317.0,4.0,True
锁定,suǒ dìng,to lock (a door); to close with a latch; to lock into place,4318.0,,True
图片,tú piàn,picture; photograph,4319.0,,True
首席,shǒu xí,"chief (representative, correspondent etc)",4320.0,,True
公布,gōng bù,to announce; to make public; to publish,4321.0,5.0,True
患者,huàn zhě,patient; sufferer,4322.0,6.0,True
余生,yú shēng,the remaining years of one's life; survival (after a disaster),4323.0,,True
敲门,qiāo mén,to knock on a door,4324.0,,True
新年,xīn nián,New Year,4325.0,,True
品,pǐn,article; commodity; product; goods; grade; rank; kind; type; variety,4326.0,,True
痕,hén,scar; traces,4327.0,,True
引发,yǐn fā,to lead to; to trigger; to initiate,4328.0,,True
阴影,yīn yǐng,shadow,4330.0,,True
影片,yǐng piàn,a copy of a film; film; motion picture; movie; video; video clip,4331.0,,True
高手,gāo shǒu,expert; past master; dab hand,4332.0,,True
村子,cūn zi,village,4333.0,,True
滋味,zī wèi,taste; flavor; feeling,4334.0,6.0,True
手法,shǒu fǎ,technique; trick; skill,4335.0,6.0,True
右手,yòu shǒu,right hand; right-hand side,4337.0,,True
海洋,hǎi yáng,ocean,4338.0,4.0,True
霍华德,Huò huá dé,Howard,4339.0,,True
爱好,ài hào,to like; to be fond of; to take pleasure in; to be keen on; interest; hobby,4340.0,3.0,True
乐观,lè guān,optimistic; hopeful,4341.0,5.0,True
创伤,chuāng shāng,wound; injury; trauma,4342.0,,True
至今,zhì jīn,so far; to this day; until now,4343.0,5.0,True
预备,yù bèi,to prepare; to make ready; preparation,4344.0,,True
损伤,sǔn shāng,to harm; to damage; to injure,4345.0,,True
作弊,zuò bì,to practice fraud; to cheat; to engage in corrupt practices,4346.0,6.0,True
涉及,shè jí,to involve; to touch upon (a topic),4347.0,6.0,True
征服,zhēng fú,to conquer; to subdue; to vanquish,4348.0,6.0,True
果,guǒ,fruit; result; resolute,4349.0,,True
小屋,xiǎo wū,cabin; lodge; cottage,4350.0,,True
罗杰,Luó jié,Roger,4351.0,,True
认罪,rèn zuì,to admit guilt; to plead guilty,4353.0,,True
友善,yǒu shàn,friendly,4354.0,,True
称之为,chēng zhī wéi,to call it...; known as...,4355.0,,True
骨折,gǔ zhé,to suffer a fracture; to break; fracture,4356.0,,True
报仇,bào chóu,to take revenge; to avenge,4357.0,6.0,True
蝙蝠,biān fú,bat,4358.0,,True
全家,quán jiā,whole family,4359.0,,True
禁,jìn,to prohibit; to forbid,4360.0,,True
春天,chūn tiān,spring (season),4361.0,,True
浑身,hún shēn,all over; from head to foot,4362.0,6.0,True
打搅,dǎ jiǎo,to disturb; to trouble; to bother,4363.0,,True
荣,róng,glory; honor; thriving,4364.0,,True
亲近,qīn jìn,"close; intimate; to draw close to; to engage with; to become familiar with (nature, places",4365.0,,True
争论,zhēng lùn,to argue; to debate; to contend,4366.0,5.0,True
人数,rén shù,number of people,4367.0,,True
众,zhòng,crowd; multitude; many; numerous,4368.0,,True
回归,huí guī,to return to; to retreat; regression (statistics),4369.0,,True
公车,gōng chē,bus; car belonging to an organization and used by its members (government car,4370.0,,True
安全带,ān quán dài,seat belt; safety belt,4371.0,,True
州长,zhōu zhǎng,governor (of a province or colony); state governor; state premier,4372.0,,True
丹尼斯,Dān ní sī,Dennis (name),4373.0,,True
布置,bù zhì,to put in order; to arrange; to decorate,4374.0,6.0,True
上升,shàng shēng,to rise; to go up; to ascend,4375.0,,True
听话,tīng huà,to do what one is told; obedient,4376.0,,True
收藏,shōu cáng,"to collect (works of art, dolls, antiques etc); to put away for safekeeping; a collection",4377.0,6.0,True
鲁,lǔ,crass; stupid; rude,4378.0,,True
尽头,jìn tóu,end; extremity; limit,4379.0,,True
泄露,xiè lù,to leak (information); to divulge; also pr. [xiè lòu],4380.0,6.0,True
治愈,zhì yù,to cure; to restore to health; uplifting; heartwarming,4381.0,,True
名片,míng piàn,card,4382.0,5.0,True
勒索,lè suǒ,to blackmail; to extort,4383.0,,True
天上,tiān shàng,the sky; the heavens,4384.0,,True
陌生,mò shēng,strange; unfamiliar,4385.0,5.0,True
商场,shāng chǎng,shopping mall; shopping center; department store,4386.0,,True
着迷,zháo mí,to be fascinated; to be captivated,4387.0,6.0,True
佳,jiā,beautiful; fine; good,4388.0,,True
回复,huí fù,"to recover; to revert; to return to (good health, normal condition etc)",4389.0,,True
当晚,dàng wǎn,the same evening,4390.0,,True
典礼,diǎn lǐ,celebration; ceremony,4391.0,6.0,True
驾照,jià zhào,driver's license,4392.0,,True
参赛,cān sài,to compete; to take part in a competition,4393.0,,True
鸭子,yā zi,duck (; male prostitute,4394.0,,True
业余,yè yú,in one's spare time; outside working hours; amateur (historian etc),4395.0,5.0,True
炸药,zhà yào,explosive; blasting agent; dynamite,4396.0,,True
安息,ān xī,Parthia (ancient country in central Asia); to rest; to go to sleep; to rest in peace,4397.0,,True
召唤,zhào huàn,to summon; to beckon; to call,4398.0,,True
皆,jiē,all; each and every; in all cases,4399.0,6.0,True
巴士,bā shì,bus (loanword); motor coach,4400.0,,True
索,suǒ,to search; to demand; to ask,4401.0,,True
产,chǎn,to give birth; to reproduce; to produce,4402.0,,True
抵抗,dǐ kàng,to resist; resistance,4403.0,6.0,True
战术,zhàn shù,tactics,4404.0,6.0,True
传送,chuán sòng,to convey; to deliver; to transmit,4405.0,,True
人才,rén cái,talent; talented person; looks,4406.0,5.0,True
重建,chóng jiàn,to rebuild; to reconstruct; to reestablish,4407.0,,True
批评,pī píng,to criticize; criticism,4408.0,4.0,True
深入,shēn rù,to penetrate deeply; thorough,4410.0,,True
局面,jú miàn,aspect; phase; situation,4411.0,6.0,True
浪,làng,wave; breaker; unrestrained,4412.0,,True
操纵,cāo zòng,to operate; to control; to rig,4413.0,6.0,True
逃离,táo lí,to run out; to escape,4414.0,,True
设置,shè zhì,to set up; to install,4415.0,6.0,True
回应,huí yìng,to respond; response,4416.0,,True
滚蛋,gǔn dàn,get out of here!; beat it!,4417.0,,True
失业,shī yè,unemployment; to lose one's job,4418.0,5.0,True
香烟,xiāng yān,smoke from incense (burned as an offering to one's ancestors); (fig.); cigarette (,4419.0,,True
毫不,háo bù,hardly; not in the least; not at all,4420.0,,True
将要,jiāng yào,will; shall; to be going to,4421.0,,True
歪,wāi,askew; at a crooked angle; devious,4422.0,5.0,True
问好,wèn hǎo,to say hello to; to send one's regards to,4423.0,,True
难怪,nán guài,no wonder (that...); not surprising (that),4424.0,5.0,True
克服,kè fú,overcome (hardships etc); to conquer; to put up with,4425.0,5.0,True
上门,shàng mén,to drop in; to visit; to lock a door,4426.0,,True
全面,quán miàn,all-around; comprehensive; total,4427.0,5.0,True
鸡尾酒,jī wěi jiǔ,cocktail,4428.0,,True
按钮,àn niǔ,to push a button; button (one that can be pressed to trigger an action),4429.0,,True
超市,chāo shì,supermarket,4430.0,3.0,True
两者,liǎng zhě,both of them; the two of them,4432.0,,True
计算,jì suàn,to count; to calculate; to compute,4433.0,5.0,True
公爵,gōng jué,duke; dukedom,4434.0,,True
收获,shōu huò,to harvest; to reap; to gain,4435.0,5.0,True
瘾君子,yǐn jūn zǐ,opium eater; drug addict; chain smoker,4436.0,,True
奇妙,qí miào,fantastic; wonderful,4437.0,6.0,True
消除,xiāo chú,to eliminate; to remove,4438.0,6.0,True
守卫,shǒu wèi,to guard; to defend,4439.0,,True
歇,xiē,to rest; to take a break; to stop,4440.0,5.0,True
是不是,shì bu shì,is or is not (used to form yes-no questions),4441.0,,True
代理,dài lǐ,to act on behalf of sb in a responsible position; to act as an agent or proxy; surrogate,4442.0,6.0,True
喘,chuǎn,to gasp; to pant; asthma,4444.0,,True
牢房,láo fáng,jail cell; prison cell,4445.0,,True
有利,yǒu lì,advantageous; favorable,4446.0,5.0,True
排队,pái duì,to line up,4447.0,5.0,True
要不然,yào bù rán,otherwise; or else; or,4448.0,6.0,True
厨师,chú shī,cook; chef,4449.0,,True
捐赠,juān zèng,to contribute (as a gift); to donate; benefaction,4450.0,,True
例如,lì rú,for example; for instance; such as,4451.0,4.0,True
扮,bàn,to disguise oneself as; to dress up; to play (a role),4452.0,,True
冬天,dōng tiān,winter,4454.0,,True
佛,fú,head ornament,4455.0,,True
场面,chǎng miàn,scene; spectacle; occasion,4456.0,6.0,True
当年,dāng nián,in those days; back then; in those years; to be in the prime of life,4457.0,,True
纯粹,chún cuì,pure; unadulterated; purely,4458.0,6.0,True
尖,jiān,pointed; tapering; sharp; shrill; piercing; sharp; acute; keen,4459.0,,True
有史以来,yǒu shǐ yǐ lái,since the beginning of history,4460.0,,True
约定,yuē dìng,to agree on sth (after discussion); to conclude a bargain; to arrange,4461.0,,True
防止,fáng zhǐ,to prevent; to guard against; to take precautions,4462.0,6.0,True
无关紧要,wú guān jǐn yào,indifferent; insignificant,4463.0,,True
来电,lái diàn,incoming telephone call (or telegram); to phone in; to send in a telegram; to have an instant attraction to sb,4464.0,,True
窝,wō,nest; pit or hollow on the human body; lair,4465.0,6.0,True
报应,bào yìng,divine retribution; karma,4466.0,,True
海边,hǎi biān,coast; seaside; seashore; beach,4467.0,,True
荣耀,róng yào,honor; glory,4468.0,,True
脑海,nǎo hǎi,the mind; the brain,4469.0,,True
控告,kòng gào,to accuse; to charge; to indict,4470.0,,True
幢,zhuàng,carriage curtain (old); classifier for buildings,4471.0,6.0,True
镇子,zhèn zi,town; village,4472.0,,True
轿车,jiào chē,enclosed carriage for carrying passengers; sedan,4473.0,,True
超越,chāo yuè,to surpass; to exceed; to transcend,4474.0,6.0,True
明明,míng míng,obviously; plainly; undoubtedly,4475.0,6.0,True
谨慎,jǐn shèn,cautious; prudent,4476.0,5.0,True
合约,hé yuē,contract; agreement,4477.0,,True
植物,zhí wù,plant; vegetation,4479.0,4.0,True
官员,guān yuán,official (in an organization or government); administrator,4480.0,,True
呦,yōu,Oh! (exclamation of dismay etc),4481.0,,True
原始,yuán shǐ,first; original; primitive,4482.0,6.0,True
时空,shí kōng,time and place; world of a particular locale and era; space-time,4483.0,,True
甲,jiǎ,"first of the ten Heavenly Stems; used for an unspecified person or thing; first (in a list, as a party to a contract etc)",4484.0,5.0,True
凯瑟琳,Kǎi sè lín,Catherine (name); Katherine,4485.0,,True
神经病,shén jīng bìng,mental disorder; neuropathy; mental case,4486.0,,True
塑料,sù liào,plastic; plastics (general term for synthetic polymer materials),4487.0,,True
服用,fú yòng,to take (medicine),4488.0,,True
不惜,bù xī,not stint; not spare; not hesitate (to do sth),4489.0,6.0,True
发火,fā huǒ,to catch fire; to ignite; to detonate,4491.0,6.0,True
祷告,dǎo gào,to pray; prayer,4492.0,,True
服务员,fú wù yuán,waiter; waitress; attendant,4493.0,2.0,True
犹豫,yóu yù,to hesitate,4494.0,5.0,True
永恒,yǒng héng,eternal; everlasting; fig. to pass into eternity (i.e. to die),4495.0,6.0,True
从此,cóng cǐ,from now on; since then; henceforth,4496.0,5.0,True
出价,chū jià,to bid,4497.0,,True
放学,fàng xué,to dismiss students at the end of the school day,4498.0,,True
祖父,zǔ fù,father's father; paternal grandfather,4499.0,6.0,True
回见,huí jiàn,See you later!,4500.0,,True
弱点,ruò diǎn,weak point; failing,4501.0,6.0,True
穷,qióng,poor; destitute; to use up,4502.0,4.0,True
恶作剧,è zuò jù,practical joke; prank; to play a practical joke,4503.0,,True
下载,xià zǎi,to download; also pr. [xià zài],4504.0,5.0,True
蜜月,mì yuè,honeymoon,4505.0,,True
投诉,tóu sù,to lodge a complaint,4506.0,,True
雇员,gù yuán,employee,4507.0,,True
月亮,yuè liang,the moon,4508.0,3.0,True
家具,jiā jù,furniture,4509.0,4.0,True
凯,kǎi,triumphal music; generous with money; lavish in spending; chi (Greek letter Χχ),4510.0,,True
企业,qǐ yè,company; firm; enterprise; corporation,4511.0,5.0,True
狮子,shī zi,lion,4512.0,4.0,True
凉,liáng,cool; cold,4513.0,,True
拽,zhuài,to pull; to tug at (sth),4514.0,6.0,True
赞,zàn,to praise; to laud; to patronize; to support; to aid,4515.0,,True
旅途,lǚ tú,journey; trip,4516.0,,True
高潮,gāo cháo,"high tide; high water; upsurge; peak of activity; climax (of a story, a competition etc)",4517.0,6.0,True
服从,fú cóng,to obey (an order); to comply; to defer,4518.0,5.0,True
盐,yán,salt,4519.0,4.0,True
真诚,zhēn chéng,sincere; genuine; true,4520.0,,True
信念,xìn niàn,faith; belief; conviction,4521.0,6.0,True
住嘴,zhù zuǐ,to hold one's tongue; Shut up!,4522.0,,True
老家伙,lǎo jiā huo,old fellow; old codger,4524.0,,True
火焰,huǒ yàn,blaze; flame,4525.0,6.0,True
音乐会,yīn yuè huì,concert,4526.0,,True
温度,wēn dù,temperature,4527.0,4.0,True
极度,jí dù,extremely,4528.0,,True
接通,jiē tōng,to connect; to put through,4529.0,,True
市民,shì mín,city resident; townspeople,4530.0,,True
深深,shēn shēn,deep; profound,4531.0,,True
青少年,qīng shào nián,adolescent; youth; teenager,4532.0,5.0,True
皇家,huáng jiā,royal; imperial household,4533.0,,True
贿赂,huì lù,to bribe; a bribe,4534.0,6.0,True
基本上,jī běn shang,basically; on the whole,4535.0,,True
展开,zhǎn kāi,to unfold; to spread out; to open up; to launch; to carry out,4536.0,5.0,True
后台,hòu tái,backstage area; behind-the-scenes supporter; back-end,4537.0,,True
卡拉,kǎ lā,"karaoke; crispy, deep-fried",4538.0,,True
奥斯卡,ào sī kǎ,Oscar (Academy Award); Oscar,4539.0,,True
故障,gù zhàng,malfunction; breakdown; defect,4540.0,6.0,True
出售,chū shòu,to sell; to offer for sale; to put on the market,4541.0,,True
金子,jīn zi,gold,4542.0,,True
饱,bǎo,to eat till full; satisfied,4543.0,3.0,True
伯爵,bó jué,earl; count; earldom or countship (old),4544.0,,True
女巫,nǚ wū,witch; sorceress,4545.0,,True
签署,qiān shǔ,to sign (an agreement),4546.0,6.0,True
猜测,cāi cè,to guess; to conjecture; to surmise,4547.0,,True
相比,xiāng bǐ,to compare,4548.0,,True
双方,shuāng fāng,bilateral; both sides; both parties involved,4549.0,5.0,True
数量,shù liàng,amount; quantity; quantitative,4550.0,4.0,True
罗伯特,Luó bó tè,Robert (name),4551.0,,True
对了,duì le,"Correct!; Oh, that's right, ... (when one suddenly remembers sth one wanted to mention); Oh, by the way, ...",4552.0,,True
舱,cāng,cabin; the hold of a ship or airplane,4553.0,6.0,True
颈,jǐng,neck,4554.0,,True
匹配,pǐ pèi,to mate or marry; to match; matching,4555.0,,True
窒息,zhì xī,to choke; to stifle; to suffocate,4556.0,,True
僵尸,jiāng shī,gyonshi; jiang shi; Chinese vampire,4557.0,,True
象征,xiàng zhēng,emblem; symbol; token,4558.0,5.0,True
打仗,dǎ zhàng,to fight a battle; to go to war,4559.0,6.0,True
创作,chuàng zuò,to create; to produce; to write,4560.0,6.0,True
牌子,pái zi,sign; trademark; brand,4561.0,,True
卫生,wèi shēng,hygienic; sanitary; hygiene; sanitation,4562.0,,True
处女,chǔ nǚ,virgin; maiden; maiden (voyage etc); virgin (land); (a novelist's) first (work),4563.0,,True
陷,xiàn,pitfall; trap; to get stuck,4564.0,,True
小声,xiǎo shēng,in a low voice; in whispers,4565.0,,True
分散,fēn sàn,to scatter; to disperse; to distribute,4566.0,6.0,True
逛,guàng,to stroll; to visit,4567.0,4.0,True
开放,kāi fàng,to bloom; to open; to be open (to the public),4568.0,5.0,True
老是,lǎo shi,always,4569.0,,True
大型,dà xíng,large; large-scale,4570.0,5.0,True
搜寻,sōu xún,to search; to look for,4571.0,,True
冻,dòng,to freeze; to feel very cold; aspic or jelly,4572.0,5.0,True
忍不住,rěn bu zhù,cannot help; unable to bear,4573.0,5.0,True
住院,zhù yuàn,to stay in hospital; to be hospitalized,4574.0,,True
浴缸,yù gāng,bathtub,4575.0,,True
球场,qiú chǎng,stadium; sports ground; court,4576.0,,True
何不,hé bù,why not?; why not do (sth)?,4577.0,,True
告知,gào zhī,to inform; to notify,4578.0,,True
指出,zhǐ chū,to indicate; to point out,4579.0,,True
迪克,Dí kè,Dick (person name),4580.0,,True
咋,zǎ,how; why (dialectal equivalent of 怎么),4582.0,6.0,True
竟,jìng,unexpectedly; actually; to go so far as to,4583.0,,True
坟墓,fén mù,grave; tomb,4584.0,6.0,True
降临,jiàng lín,to descend; to arrive; to come,4585.0,6.0,True
文明,wén míng,civilized; civilization; culture,4586.0,5.0,True
官方,guān fāng,government; official (approved or issued by an authority),4587.0,6.0,True
候选人,hòu xuǎn rén,candidate,4588.0,,True
夜总会,yè zǒng huì,nightclub; nightspot,4589.0,,True
勇士,yǒng shì,a warrior; a brave person,4590.0,,True
牙医,yá yī,dentist,4591.0,,True
三十,sān shí,thirty; 30,4592.0,,True
棕色,zōng sè,brown,4593.0,6.0,True
宗,zōng,school; sect; purpose,4594.0,,True
晒,shài,"to shine on; to bask in (the sunshine); to dry (clothes, grain etc) in the sun",4595.0,5.0,True
推测,tuī cè,speculation; to conjecture; to surmise,4596.0,6.0,True
审问,shěn wèn,to interrogate; to examine; to question,4597.0,,True
舰队,jiàn duì,fleet,4598.0,,True
计算机,jì suàn jī,computer; calculator,4599.0,,True
曲子,qǔ zi,poem for singing; tune; music,4600.0,6.0,True
实施,shí shī,to implement; to carry out,4601.0,6.0,True
舒适,shū shì,cozy; snug,4602.0,5.0,True
见证,jiàn zhèng,to be witness to; witness; evidence,4603.0,,True
核,hé,pit; stone; nucleus,4604.0,,True
大象,dà xiàng,elephant,4605.0,5.0,True
魔力,mó lì,magic; magic power,4606.0,,True
头疼,tóu téng,headache,4607.0,,True
呜,wū,for humming or whimpering,4608.0,,True
厚,hòu,thick; deep or profound; kind,4609.0,4.0,True
晚宴,wǎn yàn,banquet; dinner party; soiree,4610.0,,True
玛,mǎ,used in 瑪瑙|玛瑙[ma3 nao3],4611.0,,True
贵族,guì zú,lord; nobility; nobleman,4612.0,6.0,True
附,fù,to add; to attach; to be close to; to be attached,4613.0,,True
以防万一,yǐ fáng wàn yī,to guard against the unexpected (idiom); just in case; prepared for any eventualities,4614.0,,True
弯,wān,to bend; bent; a bend; a turn (in a road etc),4615.0,5.0,True
威,wēi,power; might; prestige,4616.0,,True
戳,chuō,to jab; to poke; to stab,4617.0,,True
敞开,chǎng kāi,to open wide; unrestrictedly,4618.0,6.0,True
因素,yīn sù,element; factor,4619.0,5.0,True
郁闷,yù mèn,gloomy; depressed,4620.0,,True
陈述,chén shù,an assertion; to declare; to state,4621.0,6.0,True
普通人,pǔ tōng rén,ordinary person; private citizen; people,4622.0,,True
希,xī,to hope; to admire,4623.0,,True
不足,bù zú,insufficient; lacking; deficiency,4624.0,5.0,True
好听,hǎo tīng,pleasant to hear,4625.0,,True
帕,pà,to wrap; kerchief; handkerchief,4626.0,,True
赐,cì,to confer; to bestow; to grant; gift; favor; Taiwan pr. [si4],4627.0,,True
边境,biān jìng,frontier; border,4628.0,6.0,True
仙,xiān,immortal,4629.0,,True
发给,fā gěi,to issue; to grant; to distribute,4630.0,,True
疗法,liáo fǎ,therapy; treatment,4631.0,,True
壮,zhuàng,to strengthen; strong; robust,4632.0,,True
掩饰,yǎn shì,to cover up; to conceal; to mask,4633.0,6.0,True
疑问,yí wèn,question; interrogation; doubt,4634.0,5.0,True
挡住,dǎng zhù,to obstruct; to block,4635.0,,True
操心,cāo xīn,to worry about,4636.0,5.0,True
维护,wéi hù,to defend; to safeguard; to protect,4637.0,5.0,True
雾,wù,fog; mist,4638.0,5.0,True
例子,lì zi,case; instance; example,4639.0,,True
终点,zhōng diǎn,the end; end point; finishing line (in a race),4641.0,6.0,True
条子,tiáo zi,short note; slip of paper; stripe,4643.0,,True
纳粹,Nà cuì,Nazi (loanword),4644.0,,True
亚洲,Yà zhōu,Asia,4645.0,4.0,True
屠杀,tú shā,to massacre; to slaughter,4646.0,,True
走向,zǒu xiàng,direction; strike (i.e. angle of inclination in geology); inclination,4647.0,,True
野蛮,yě mán,barbarous; uncivilized,4648.0,6.0,True
会议室,huì yì shì,meeting room; conference room,4649.0,,True
芬,fēn,perfume; fragrance,4650.0,,True
望,wàng,full moon; to hope; to expect,4651.0,,True
提名,tí míng,to nominate,4652.0,,True
调情,tiáo qíng,to flirt,4653.0,,True
董事会,dǒng shì huì,board of directors,4655.0,,True
躲避,duǒ bì,to hide; to evade; to dodge,4656.0,,True
生死,shēng sǐ,life or death,4657.0,,True
口香糖,kǒu xiāng táng,chewing gum,4658.0,,True
从前,cóng qián,previously; formerly; once upon a time,4659.0,5.0,True
豆,dòu,legume; pulse; bean; pea (; stemmed cup or bowl,4660.0,,True
火炬,huǒ jù,torch,4661.0,,True
厌恶,yàn wù,to loathe; to hate; disgusted with sth,4662.0,6.0,True
花样,huā yàng,pattern; way of doing sth; trick,4663.0,,True
留意,liú yì,to be mindful; to pay attention to; to take note of,4664.0,,True
完事,wán shì,to be finished (with sth),4665.0,,True
播出,bō chū,to broadcast; to air (a TV program etc),4666.0,,True
亲生,qīn shēng,one's own (child) (i.e. one's child by birth); biological (parents); birth (parents),4667.0,,True
运用,yùn yòng,to use; to put to use,4668.0,5.0,True
天真,tiān zhēn,naive; innocent; artless,4669.0,5.0,True
仆人,pú rén,servant,4670.0,,True
暖,nuǎn,warm; to warm,4671.0,,True
滑稽,huá jī,"comical; funny; amusing (old pr. [gu3 ji1]); huaji, a form of comedy performance popular in Shanghai, Jiangsu and Zhejiang",4672.0,,True
鼓,gǔ,drum; to drum; to strike,4673.0,,True
怎么着,zěn me zhāo,what?; how?; how about?,4674.0,,True
漫长,màn cháng,very long; endless,4675.0,6.0,True
解脱,jiě tuō,to untie; to free; to absolve of,4676.0,,True
懦夫,nuò fū,coward,4677.0,,True
责怪,zé guài,to blame; to rebuke,4678.0,6.0,True
终结,zhōng jié,end; conclusion; to come to an end; to terminate (sth),4679.0,,True
港,gǎng,harbor; port,4680.0,,True
共事,gòng shì,to work together,4681.0,,True
西雅图,Xī yǎ tú,"Seattle, city in Washington State",4682.0,,True
来不及,lái bu jí,there's not enough time (to do sth); it's too late (to do sth),4683.0,4.0,True
狂热,kuáng rè,zealotry; fanatical; feverish,4684.0,,True
赞助,zàn zhù,to support; to assist; to sponsor,4685.0,6.0,True
土豆,tǔ dòu,potato; peanut,4687.0,5.0,True
新泽西,Xīn zé xī,"New Jersey, US state",4688.0,,True
德克萨斯,Dé kè sà sī,"Texas, US state",4689.0,,True
裂缝,liè fèng,crack; crevice,4690.0,,True
工程,gōng chéng,engineering; an engineering project; project,4691.0,,True
偶然,ǒu rán,incidentally; occasional; occasionally,4692.0,5.0,True
烦人,fán rén,to annoy; annoying; irritating,4693.0,,True
康,kāng,healthy; peaceful; abundant,4695.0,,True
舞伴,wǔ bàn,dancing partner,4696.0,,True
谜,mí,riddle,4697.0,,True
正当,zhèng dāng,timely; just (when needed),4698.0,6.0,True
堕落,duò luò,to degrade; to degenerate; to become depraved,4699.0,6.0,True
翅膀,chì bǎng,wing,4700.0,5.0,True
丹尼尔,Dān ní ěr,Daniel (name),4701.0,,True
掌声,zhǎng shēng,applause,4702.0,,True
杰瑞,Jié ruì,Jerry or Gerry (name),4703.0,,True
结尾,jié wěi,ending; coda; to wind up,4704.0,,True
有名,yǒu míng,famous; well-known,4705.0,3.0,True
预料,yù liào,to forecast; to anticipate; expectation,4706.0,6.0,True
高速,gāo sù,high speed; expressway,4707.0,5.0,True
赞同,zàn tóng,to approve of; to endorse; in favor,4708.0,6.0,True
合并,hé bìng,to merge; to annex,4709.0,6.0,True
上演,shàng yǎn,to screen (a movie); to stage (a play); a screening,4711.0,,True
史蒂夫,Shǐ dì fū,Steve (male name),4712.0,,True
用于,yòng yú,to use in; to use on; to use for,4713.0,,True
奖学金,jiǎng xué jīn,scholarship,4714.0,,True
辩,biàn,to dispute; to debate; to argue,4715.0,,True
伊丽莎白,Yī lì shā bái,Elizabeth (person name),4716.0,,True
丢人,diū rén,to lose face,4717.0,6.0,True
做事,zuò shì,to work; to handle matters; to have a job,4718.0,,True
处在,chǔ zài,to be situated at; to find oneself at,4719.0,,True
撤,chè,to remove; to take away,4720.0,,True
负责人,fù zé rén,person in charge,4721.0,,True
狱,yù,prison,4722.0,,True
小费,xiǎo fèi,tip; gratuity,4723.0,,True
极端,jí duān,extreme,4724.0,6.0,True
实习生,shí xí shēng,intern (esp. a student in practical training),4725.0,,True
丛林,cóng lín,jungle; thicket; forest,4726.0,,True
听证会,tīng zhèng huì,hearing,4727.0,,True
链,liàn,"chain; cable (unit of length: 100 fathoms, about 185 m); chain (unit of length: 66 feet, about 20 m)",4728.0,,True
杰西,Jié xī,Jesse (name),4729.0,,True
年度,nián dù,"year (e.g. school year, fiscal year); annual",4730.0,6.0,True
列车,liè chē,train,4731.0,,True
看出,kàn chū,to make out; to see,4732.0,,True
极其,jí qí,extremely,4733.0,4.0,True
师傅,shī fu,master; qualified worker; respectful form of address for older men,4734.0,4.0,True
线路,xiàn lù,line; circuit; wire; road; track; route,4735.0,,True
香肠,xiāng cháng,sausage,4736.0,,True
拖车,tuō chē,to tow; towed vehicle; towing vehicle,4737.0,,True
机械,jī xiè,machine; machinery; mechanical,4738.0,6.0,True
届,jiè,to arrive at (place or time); period; to become due,4739.0,5.0,True
可乐,kě lè,amusing; entertaining; cola,4740.0,,True
舰,jiàn,warship,4742.0,,True
纸条,zhǐ tiáo,slip of paper,4743.0,,True
助,zhù,to help; to assist,4744.0,,True
污染,wū rǎn,to pollute; to contaminate (lit. and fig.),4745.0,4.0,True
拘留,jū liú,to detain (a prisoner); to keep sb in custody,4746.0,6.0,True
决心,jué xīn,determination; resolution; determined,4747.0,5.0,True
坚信,jiān xìn,to believe firmly; without any doubt,4748.0,,True
刹车,shā chē,to brake (when driving); to stop; to switch off,4749.0,6.0,True
从事,cóng shì,to go for; to engage in; to undertake,4750.0,5.0,True
位于,wèi yú,to be located at; to be situated at; to lie,4751.0,6.0,True
马戏团,mǎ xì tuán,circus,4752.0,,True
传播,chuán bō,to disseminate; to propagate; to spread,4753.0,5.0,True
每当,měi dāng,whenever; every time,4754.0,,True
幸好,xìng hǎo,fortunately,4755.0,6.0,True
裁判,cái pàn,judgment; to referee; umpire,4756.0,6.0,True
商人,shāng rén,merchant; businessman,4757.0,,True
大胆,dà dǎn,brazen; audacious; outrageous,4758.0,,True
雇用,gù yòng,to employ; to hire,4759.0,,True
宽,kuān,wide; broad; loose,4760.0,4.0,True
歌唱,gē chàng,to sing,4761.0,,True
融入,róng rù,to blend into; to integrate; to assimilate,4762.0,,True
花钱,huā qián,to spend money,4763.0,,True
避开,bì kāi,to avoid; to evade; to keep away from,4764.0,,True
巡逻,xún luó,"to patrol (police, army or navy)",4765.0,6.0,True
小小,xiǎo xiǎo,very small; very few; very minor,4766.0,,True
暴,bào,sudden; violent; cruel,4767.0,,True
吸烟,xī yān,to smoke,4768.0,,True
分裂,fēn liè,to split up; to divide; to break up,4769.0,6.0,True
笔记本,bǐ jì běn,notebook (stationery); notebook (computing),4770.0,4.0,True
香蕉,xiāng jiāo,banana,4771.0,3.0,True
军官,jūn guān,officer (military),4772.0,,True
婆,pó,grandmother; matron; mother-in-law,4773.0,,True
侵入,qīn rù,to make (military) incursions; to invade; to intrude into,4774.0,,True
伏特,fú tè,volt,4775.0,,True
马桶,mǎ tǒng,chamber pot; wooden pan used as toilet; toilet bowl,4776.0,,True
少年,shào nián,early youth; youngster; youth; young man,4777.0,,True
噪音,zào yīn,rumble; noise; static (in a signal),4778.0,6.0,True
单子,dān zi,list of items; bill; form,4779.0,,True
确,què,authenticated; solid; firm,4780.0,,True
兔,tù,rabbit,4781.0,,True
扫,sǎo,to sweep (with a brush or broom); to sweep away; to wipe out; to get rid of; to sweep (one's eyes etc) over; to scan,4782.0,,True
把戏,bǎ xì,acrobatics; jugglery; trick; ploy,4783.0,6.0,True
独,dú,alone; independent; single,4784.0,,True
各地,gè dì,in all parts of (a country); various regions,4785.0,,True
置,zhì,to install; to place; to put,4786.0,,True
迎接,yíng jiē,to welcome; to greet,4787.0,5.0,True
手头,shǒu tóu,on hand; at hand; one's financial situation,4788.0,,True
头痛,tóu tòng,to have a headache,4789.0,,True
蝴蝶,hú dié,butterfly,4790.0,5.0,True
彩,cǎi,color; variety; applause,4791.0,,True
碟,dié,dish; plate,4792.0,,True
呕吐,ǒu tù,to vomit,4793.0,6.0,True
定义,dìng yì,definition; to define,4794.0,6.0,True
反而,fǎn ér,on the contrary; instead,4795.0,5.0,True
孤儿,gū ér,orphan,4797.0,,True
想像,xiǎng xiàng,to imagine; to envision; imagination,4798.0,,True
下巴,xià ba,chin,4799.0,,True
发泄,fā xiè,to give vent to (one's feelings),4800.0,,True
恐吓,kǒng hè,to threaten; to menace,4801.0,6.0,True
影像,yǐng xiàng,image,4802.0,,True
清洁,qīng jié,clean; to clean,4803.0,6.0,True
折,zhé,to break; to fracture; to snap,4804.0,6.0,True
口径,kǒu jìng,bore; caliber; diameter; aperture; stance (on an issue); version (of events); account; narrative; line,4805.0,,True
童年,tóng nián,childhood,4806.0,,True
哈佛,Hā fó,Harvard,4807.0,,True
总裁,zǒng cái,chairman; director-general (of a company etc),4808.0,5.0,True
茱,zhū,used in 茱萸[zhu1 yu2],4809.0,,True
羞耻,xiū chǐ,shame,4810.0,6.0,True
粗,cū,wide; thick; coarse; gruff,4811.0,,True
追捕,zhuī bǔ,to pursue; to be after; to hunt down,4812.0,,True
罩,zhào,to cover; to spread over; a cover; a shade; a hood; bamboo fish trap,4813.0,,True
尾巴,wěi ba,tail; colloquial pr. [yǐ ba],4814.0,5.0,True
串,chuàn,to string together; to skewer; to connect wrongly,4815.0,6.0,True
视线,shì xiàn,line of sight,4816.0,6.0,True
帐篷,zhàng peng,tent,4817.0,6.0,True
轨道,guǐ dào,track (for trains etc); orbit (of a satellite); a person's established path in life,4818.0,6.0,True
剪刀,jiǎn dāo,scissors,4819.0,5.0,True
箭,jiàn,arrow,4820.0,,True
点心,diǎn xin,light refreshments; pastry; dim sum (in Cantonese cooking),4821.0,5.0,True
卡住,kǎ zhù,to jam; to choke; to clutch,4822.0,,True
氧气,yǎng qì,oxygen,4823.0,6.0,True
遗传,yí chuán,heredity; to inherit (a trait); to pass on (to one's offspring),4824.0,6.0,True
抽屉,chōu ti,drawer,4825.0,5.0,True
嚼,jiáo,to chew; also pr. [jue2],4826.0,,True
困境,kùn jìng,predicament; plight,4827.0,,True
头绪,tóu xù,outline; main threads,4828.0,,True
血压,xuè yā,blood pressure,4829.0,6.0,True
十足,shí zú,ample; complete; hundred percent,4830.0,6.0,True
会员,huì yuán,member,4831.0,,True
长期,cháng qī,long-term; for a protracted period,4832.0,,True
朵,duǒ,flower; earlobe; fig. item on both sides,4833.0,4.0,True
拉拉,lā lā,lesbian; Labrador retriever,4834.0,,True
中学,zhōng xué,middle school,4835.0,,True
勾引,gōu yǐn,to seduce; to tempt,4836.0,,True
此事,cǐ shì,this matter,4837.0,,True
巨人,jù rén,giant,4838.0,,True
携带,xié dài,to carry (on one's person); to support (old); Taiwan pr. [xī dài],4839.0,6.0,True
急救,jí jiù,to give emergency treatment; first aid,4840.0,,True
马车,mǎ chē,cart; chariot; carriage,4842.0,,True
守护,shǒu hù,to guard; to protect,4843.0,6.0,True
阵,zhèn,disposition of troops; wave; spate,4844.0,5.0,True
不明,bù míng,not clear; unknown; to fail to understand,4845.0,,True
焦虑,jiāo lǜ,anxious; worried; apprehensive,4846.0,,True
狡猾,jiǎo huá,crafty; cunning; sly,4847.0,5.0,True
海伦,Hǎi lún,Helen or Hélène,4848.0,,True
刻薄,kè bó,unkind; harsh; cutting,4849.0,,True
检验,jiǎn yàn,to inspect; to examine; to test,4850.0,6.0,True
过世,guò shì,to die; to pass away,4851.0,,True
宿,sù,lodge for the night; old; former,4852.0,,True
德州,Dé zhōu,Texas,4853.0,,True
误解,wù jiě,to misunderstand; misunderstanding,4854.0,6.0,True
鉴于,jiàn yú,in view of; seeing that; considering,4855.0,6.0,True
风景,fēng jǐng,scenery; landscape,4856.0,4.0,True
鼻,bí,nose,4857.0,,True
一下子,yī xià zi,once; one time; for a moment; briefly; for a little while; in no time; almost immediately,4858.0,,True
贱,jiàn,inexpensive; lowly; despicable,4859.0,,True
写作,xiě zuò,to write; to compose; writing,4860.0,6.0,True
无效,wú xiào,not valid; ineffective; in vain,4861.0,,True
共同点,gòng tóng diǎn,common ground,4862.0,,True
大厦,dà shà,used in the names of grand buildings,4863.0,6.0,True
寸,cùn,a unit of length; inch; thumb,4864.0,,True
著,zhù,to make known; to show; to prove,4865.0,,True
例外,lì wài,exception; to be an exception,4866.0,6.0,True
震撼,zhèn hàn,to shake; to shock; to stun,4867.0,,True
垮,kuǎ,to collapse (lit. or fig.),4868.0,,True
慌,huāng,to get panicky; to lose one's head; unbearably; terribly,4869.0,,True
海洛因,hǎi luò yīn,heroin,4870.0,,True
丑陋,chǒu lòu,ugly,4871.0,,True
打动,dǎ dòng,to move (to pity); arousing (sympathy); touching,4872.0,,True
赞美,zàn měi,to admire; to praise; to eulogize,4873.0,5.0,True
回合,huí hé,one of a sequence of contests (or subdivisions of a contest) between the same; round (boxing etc); rally (tennis etc),4874.0,,True
假发,jiǎ fà,wig,4875.0,,True
电视剧,diàn shì jù,TV series; TV drama,4876.0,,True
减肥,jiǎn féi,to lose weight,4877.0,4.0,True
来得及,lái de jí,to have enough time; can do it in time; can still make it,4878.0,4.0,True
其余,qí yú,the rest; the others; remaining,4879.0,5.0,True
地步,dì bù,stage; degree (to which a situation has evolved); situation,4880.0,6.0,True
执法,zhí fǎ,to enforce a law; law enforcement,4881.0,,True
星期一,Xīng qī yī,Monday,4882.0,,True
打包,dǎ bāo,to wrap; to pack; to put leftovers in a doggy bag for take-out; to package (i.e. create an archive file),4883.0,6.0,True
威利,Wēi lì,"Wylie (name); Turrell Wylie, originator of the Wylie transcription of Tibetan script",4884.0,,True
跳跃,tiào yuè,to jump; to leap; to bound,4885.0,6.0,True
电力,diàn lì,electrical power; electricity,4886.0,,True
自在,zì zai,comfortable; at ease,4887.0,,True
保卫,bǎo wèi,to defend; to safeguard,4888.0,6.0,True
原地,yuán dì,the original place; the place where one currently is; place of origin,4889.0,,True
服务生,fú wù shēng,server (at a restaurant),4890.0,,True
掐,qiā,to pick (flowers); to pinch; to nip,4891.0,6.0,True
民主,mín zhǔ,democracy,4892.0,5.0,True
撤销,chè xiāo,to repeal; to revoke; to undo,4893.0,6.0,True
宾馆,bīn guǎn,guesthouse; lodge; hotel,4894.0,3.0,True
妄想,wàng xiǎng,to attempt vainly; a vain attempt; delusion,4896.0,6.0,True
磨,mó,to rub; to grind; to polish,4897.0,,True
事务,shì wù,affairs; work; transaction (as in a computer database),4898.0,6.0,True
命名,mìng míng,to give a name to; to dub; to christen,4899.0,6.0,True
防御,fáng yù,defense; to defend,4900.0,6.0,True
指引,zhǐ yǐn,to guide; to show; to point (the way),4901.0,,True
院子,yuàn zi,courtyard; garden; yard,4902.0,,True
解放,jiě fàng,to liberate; to emancipate; liberation,4903.0,5.0,True
司法,sī fǎ,judicial; justice,4904.0,6.0,True
创,chuàng,to initiate; to create; to achieve (sth for the first time),4905.0,,True
客厅,kè tīng,drawing room (room for arriving guests); living room,4906.0,5.0,True
一无所有,yī wú suǒ yǒu,not having anything at all (idiom); utterly lacking; without two sticks to rub together,4907.0,,True
预定,yù dìng,to schedule in advance,4908.0,,True
跪下,guì xia,to kneel down,4909.0,,True
标,biāo,mark; sign; label,4910.0,,True
轮椅,lún yǐ,wheelchair,4911.0,,True
软弱,ruǎn ruò,weak; feeble; flabby,4912.0,,True
谣言,yáo yán,rumor,4913.0,6.0,True
新人,xīn rén,"newcomer; new recruit; fresh talent; newlywed, esp. new bride; newlywed couple; bride and groom",4914.0,,True
结构,jié gòu,structure; composition; makeup,4915.0,5.0,True
回想,huí xiǎng,to recall; to recollect; to think back,4916.0,,True
鹰,yīng,"general term for a bird of prey (eagle, hawk or falcon etc)",4917.0,,True
咒,zhòu,incantation; magic spell; curse,4918.0,,True
越南,Yuè nán,Vietnam,4919.0,,True
无视,wú shì,to ignore; to disregard,4920.0,,True
好转,hǎo zhuǎn,to improve; to take a turn for the better; improvement,4921.0,,True
大小,dà xiǎo,large and small; size; adults and children,4922.0,,True
装作,zhuāng zuò,to pretend; to feign; to act a part,4923.0,,True
版本,bǎn běn,version; edition; release,4924.0,6.0,True
管道,guǎn dào,tubing; pipeline; channel,4925.0,,True
十字架,shí zì jià,cross; crucifix; yoke one has to endure,4926.0,,True
接管,jiē guǎn,to take over; to assume control,4927.0,,True
乱七八糟,luàn qī bā zāo,chaotic; in disorder; muddled,4928.0,,True
洒,sǎ,to sprinkle; to spray; to spill,4929.0,5.0,True
被害人,bèi hài rén,victim,4930.0,,True
缺少,quē shǎo,lack; shortage of; shortfall,4931.0,4.0,True
校园,xiào yuán,campus,4932.0,,True
报酬,bào chou,reward; remuneration,4933.0,6.0,True
备,bèi,to prepare; to equip; fully; completely,4934.0,,True
动静,dòng jìng,movement; activity; movement and stillness,4935.0,6.0,True
教室,jiào shì,classroom,4936.0,2.0,True
证件,zhèng jiàn,certificate; papers; credentials; document; ID,4937.0,5.0,True
雅,yǎ,elegant,4938.0,,True
监禁,jiān jìn,to imprison; to jail; to take into custody,4939.0,,True
热烈,rè liè,enthusiastic; ardent; warm,4940.0,5.0,True
发言,fā yán,to make a speech; statement; utterance,4941.0,5.0,True
不是,bù shì,no; is not; not,4942.0,,True
后院,hòu yuàn,rear court; back garden; backyard (also fig.),4943.0,,True
兽,shòu,beast; animal; beastly,4944.0,,True
谎话,huǎng huà,lie,4945.0,,True
摔倒,shuāi dǎo,to fall down; to slip and fall; to throw sb to the ground,4948.0,,True
辩论,biàn lùn,debate; argument; to argue over,4950.0,5.0,True
仇恨,chóu hèn,to hate; hatred; enmity,4951.0,,True
代码,dài mǎ,code,4952.0,,True
能源,néng yuán,energy; power source,4953.0,5.0,True
大使,dà shǐ,ambassador; envoy,4954.0,,True
领养,lǐng yǎng,"to adopt (a child, pet etc)",4955.0,,True
聚集,jù jí,to assemble; to gather,4956.0,,True
布鲁克林,Bù lǔ kè lín,"Brooklyn, borough of New York City",4957.0,,True
胃口,wèi kǒu,appetite; liking,4958.0,6.0,True
周二,Zhōu èr,Tuesday,4959.0,,True
值钱,zhí qián,valuable; costly; expensive,4960.0,,True
流放,liú fàng,to exile; to banish; to deport,4961.0,,True
着想,zhuó xiǎng,to give thought (to others); to consider (other people's needs); also pr. [zháo xiǎng],4962.0,6.0,True
丧失,sàng shī,to lose; to forfeit,4963.0,6.0,True
雪茄,xuě jiā,cigar,4964.0,,True
展,zhǎn,to spread out; to open up; to exhibit,4966.0,,True
上衣,shàng yī,jacket; upper outer garment,4967.0,,True
人性,rén xìng,human nature; humanity; human,4968.0,6.0,True
铺,pù,store; plank bed; place to sleep,4969.0,6.0,True
粗鲁,cū lǔ,coarse; crude (in one's manner); boorish,4970.0,6.0,True
叫醒,jiào xǐng,to awaken; to wake sb up; to rouse,4972.0,,True
开场,kāi chǎng,to begin; to open; to start,4973.0,,True
辐射,fú shè,radiation,4974.0,6.0,True
卢,lú,rice vessel; black; troublesome,4975.0,,True
减,jiǎn,to lower; to decrease; to reduce,4976.0,,True
下落,xià luò,whereabouts; to drop; to fall,4977.0,,True
落后,luò hòu,to fall behind; to lag (in technology etc); backward,4978.0,5.0,True
带领,dài lǐng,to guide; to lead,4979.0,6.0,True
拉丁,lā dīng,Latin; to press-gang; to kidnap and force people into service,4980.0,,True
传染,chuán rǎn,to infect; contagious,4982.0,5.0,True
童子军,tóng zǐ jūn,child soldiers; juvenile militia,4983.0,,True
休假,xiū jià,to go on vacation; to have a holiday; to take leave,4984.0,,True
逊,xùn,to abdicate; modest; yielding,4985.0,,True
撤离,chè lí,to withdraw from; to evacuate,4986.0,,True
不要紧,bù yào jǐn,unimportant; not serious; it doesn't matter,4987.0,5.0,True
朝鲜,Cháo xiǎn,North Korea; Korea as geographic term; Taiwan pr. [Chao2xian1],4988.0,,True
额,é,forehead; horizontal tablet or inscribed board; specified number or amount,4989.0,,True
手腕,shǒu wàn,wrist; trickery; finesse,4991.0,,True
特征,tè zhēng,characteristic; diagnostic property; distinctive feature,4992.0,5.0,True
实习,shí xí,to practice; field work; to intern,4993.0,5.0,True
睡眠,shuì mián,sleep; to sleep; to enter sleep mode,4994.0,,True
购买,gòu mǎi,to purchase; to buy,4996.0,,True
恐慌,kǒng huāng,panic; panicky; panic-stricken,4997.0,,True
前科,qián kē,criminal record; previous convictions,4998.0,,True
挪,nuó,to shift; to move,4999.0,6.0,True
忽视,hū shì,to neglect; to overlook; to disregard; to ignore,5000.0,5.0,True
迫不及待,pò bù jí dài,impatient (idiom); in a hurry; itching to get on with it,5005.0,6.0,True
老虎,lǎo hǔ,tiger,5007.0,4.0,True
赔偿,péi cháng,to compensate,5012.0,5.0,True
潜水,qián shuǐ,to dive; to go under water; to lurk,5013.0,6.0,True
光荣,guāng róng,honor and glory; glorious,5023.0,5.0,True
逻辑,luó ji,logic (loanword),5026.0,5.0,True
挨,ái,to suffer; to endure; to pull through (hard times); to delay; to stall; to play for time; to dawdle,5027.0,6.0,True
违背,wéi bèi,to go against; to be contrary to; to violate,5029.0,6.0,True
正经,zhèng jīng,decent; honorable; proper,5033.0,6.0,True
遗产,yí chǎn,heritage; legacy; inheritance,5034.0,6.0,True
物理,wù lǐ,physics; physical,5036.0,5.0,True
圈套,quān tào,trap; snare; trick,5038.0,6.0,True
肥皂,féi zào,soap,5039.0,5.0,True
看待,kàn dài,to look upon; to regard,5041.0,6.0,True
降低,jiàng dī,to reduce; to lower; to bring down,5042.0,4.0,True
云,yún,to say; cloud,5043.0,3.0,True
惊奇,jīng qí,to be amazed; to be surprised; to wonder,5047.0,6.0,True
输入,shū rù,to import; to input,5048.0,5.0,True
管子,guǎn zi,tube; pipe; drinking straw,5052.0,5.0,True
人格,rén gé,personality; integrity; dignity,5054.0,6.0,True
拦,lán,to block sb's path; to obstruct; to flag down (a taxi),5056.0,5.0,True
珍贵,zhēn guì,precious,5067.0,6.0,True
思维,sī wéi,thought; thinking,5071.0,6.0,True
质量,zhì liàng,quality; mass,5076.0,4.0,True
先进,xiān jìn,advanced (technology); to advance,5078.0,6.0,True
宝贵,bǎo guì,valuable; precious; to value,5081.0,5.0,True
夏,xià,summer,5082.0,3.0,True
真理,zhēn lǐ,truth,5085.0,5.0,True
级别,jí bié,rank; level; grade,5089.0,6.0,True
竞赛,jìng sài,to compete; to race; contest; competition; match; race,5091.0,6.0,True
情景,qíng jǐng,scene; spectacle; circumstances,5094.0,5.0,True
概念,gài niàn,concept; idea,5101.0,5.0,True
学期,xué qī,term; semester,5104.0,5.0,True
招待,zhāo dài,to hold a reception; to offer hospitality; to entertain (guests); to serve,5106.0,5.0,True
垫,diàn,pad; cushion; mat,5107.0,6.0,True
引导,yǐn dǎo,to guide; to lead (around); to conduct,5112.0,6.0,True
安装,ān zhuāng,to install; to erect; to fix,5113.0,5.0,True
逐渐,zhú jiàn,gradually,5115.0,4.0,True
修改,xiū gǎi,to amend; to alter; to modify,5116.0,5.0,True
革命,gé mìng,to withdraw the mandate of heaven (and transition to a new dynasty) (original; revolution; revolutionary,5117.0,5.0,True
岩石,yán shí,rock,5119.0,6.0,True
嫌疑,xián yí,suspicion; to have suspicions,5120.0,6.0,True
迷惑,mí huo,to puzzle; to confuse; to baffle,5121.0,6.0,True
学位,xué wèi,academic degree; place in school,5124.0,6.0,True
干涉,gān shè,to interfere; to meddle; interference,5125.0,6.0,True
交叉,jiāo chā,to cross; to intersect; to overlap,5134.0,6.0,True
元首,yuán shǒu,head of state,5135.0,6.0,True
分别,fēn bié,to part; to leave each other; to distinguish; to tell apart; difference; distinction,5151.0,5.0,True
人间,rén jiān,the human world; the earth,5157.0,6.0,True
本能,běn néng,instinct,5166.0,6.0,True
蔬菜,shū cài,vegetables,5170.0,5.0,True
修复,xiū fù,to restore; to renovate; to repair (a corrupted file etc),5171.0,6.0,True
认定,rèn dìng,to maintain (that sth is true); to determine (a fact); determination (of an amount),5179.0,6.0,True
语气,yǔ qì,tone; manner of speaking; mood,5180.0,5.0,True
拳头,quán tou,fist; clenched fist; competitive (product),5186.0,6.0,True
握手,wò shǒu,to shake hands,5189.0,4.0,True
设施,shè shī,facilities; installation,5190.0,5.0,True
奋斗,fèn dòu,to strive; to struggle,5191.0,5.0,True
抵达,dǐ dá,to arrive; to reach (a destination),5193.0,6.0,True
一流,yī liú,top quality; front ranking,5200.0,6.0,True
珍惜,zhēn xī,to treasure; to value; to cherish,5201.0,5.0,True
成果,chéng guǒ,result; achievement; gain,5202.0,5.0,True
培养,péi yǎng,to cultivate; to breed; to foster,5203.0,5.0,True
秩序,zhì xù,order (orderly); order (sequence); social order,5206.0,5.0,True
锅,guō,pot; pan; wok; cauldron; pot-shaped thing,5210.0,5.0,True
形状,xíng zhuàng,form; shape,5211.0,5.0,True
悲哀,bēi āi,grieved; sorrowful,5214.0,6.0,True
发觉,fā jué,to become aware; to detect; to realize,5217.0,6.0,True
坑,kēng,pit; depression; hollow; tunnel; hole in the ground; to bury alive,5222.0,6.0,True
跑步,pǎo bù,to run; to jog; to march at the double,5223.0,2.0,True
影子,yǐng zi,shadow; reflection; hint,5239.0,5.0,True
催,cuī,to urge; to press; to prompt,5240.0,5.0,True
居住,jū zhù,to reside; to dwell; to live in a place,5242.0,6.0,True
卫生间,wèi shēng jiān,bathroom; toilet; WC,5243.0,5.0,True
成分,chéng fèn,composition; ingredient; element; component; one's social status,5246.0,5.0,True
阴,yīn,overcast (weather); cloudy; shady,5247.0,2.0,True
其次,qí cì,next; secondly,5248.0,4.0,True
别墅,bié shù,villa,5249.0,6.0,True
网球,wǎng qiú,tennis; tennis ball,5252.0,4.0,True
呈现,chéng xiàn,to appear; to emerge; to present (a certain appearance),5253.0,6.0,True
识别,shí bié,to distinguish; to discern; to identify; to recognize,5267.0,6.0,True
和解,hé jiě,to settle (a dispute out of court); to reconcile; settlement,5271.0,6.0,True
失误,shī wù,lapse; mistake; to make a mistake,5274.0,6.0,True
元素,yuán sù,element (key component of sth); element; element (member of a set),5275.0,6.0,True
等候,děng hòu,to wait; to wait for,5277.0,5.0,True
薄,báo,thin; cold in manner; indifferent,5281.0,5.0,True
贪婪,tān lán,avaricious; greedy; rapacious,5285.0,6.0,True
缩小,suō xiǎo,to reduce; to decrease; to shrink,5286.0,5.0,True
铃,líng,bell,5287.0,5.0,True
税,shuì,taxes; duties,5290.0,5.0,True
传达,chuán dá,to pass on; to convey; to relay,5292.0,6.0,True
镇定,zhèn dìng,calm; unperturbed; cool,5294.0,6.0,True
打招呼,dǎ zhāo hu,to greet sb by word or action; to give prior notice,5296.0,5.0,True
捏,niē,to hold between the thumb and fingers; to pinch; to mold (using the fingers),5297.0,6.0,True
清晰,qīng xī,clear; distinct,5302.0,6.0,True
宿舍,sù shè,dormitory; dorm room; living quarters,5307.0,5.0,True
麻醉,má zuì,anesthesia; to anesthetize; (fig.) to corrupt (sb's mind); to enervate; to numb the mind,5309.0,6.0,True
细菌,xì jūn,bacterium; germ,5311.0,6.0,True
仪器,yí qì,instrument; apparatus,5313.0,6.0,True
无知,wú zhī,ignorant; ignorance,5317.0,6.0,True
眼光,yǎn guāng,gaze; insight; foresight,5318.0,6.0,True
表格,biǎo gé,form; table,5319.0,4.0,True
往常,wǎng cháng,usual; customary,5322.0,6.0,True
亲热,qīn rè,affectionate; intimate; warmhearted; to show affection for; to get intimate with sb,5325.0,6.0,True
放大,fàng dà,to enlarge; to magnify,5326.0,6.0,True
杰出,jié chū,outstanding; distinguished; remarkable,5329.0,6.0,True
风趣,fēng qù,charm; humor; wit,5339.0,6.0,True
诞生,dàn shēng,to be born,5341.0,6.0,True
痒,yǎng,to itch; to tickle,5344.0,5.0,True
忠实,zhōng shí,faithful,5349.0,6.0,True
浓,nóng,concentrated; dense; strong (smell etc),5352.0,5.0,True
指定,zhǐ dìng,to appoint; to assign; to indicate clearly and with certainty,5353.0,6.0,True
以便,yǐ biàn,so that; so as to; in order to,5356.0,6.0,True
符号,fú hào,symbol; mark; sign,5360.0,6.0,True
鉴定,jiàn dìng,to appraise; to identify; to evaluate,5363.0,6.0,True
仿佛,fǎng fú,to seem; as if; alike,5364.0,5.0,True
必需,bì xū,to need; to require; essential,5367.0,5.0,True
阅读,yuè dú,to read; reading,5368.0,4.0,True
蹦,bèng,to jump; to bounce; to hop,5375.0,6.0,True
纤维,xiān wéi,fiber,5377.0,6.0,True
盗窃,dào qiè,to steal,5380.0,6.0,True
推销,tuī xiāo,to market; to sell,5387.0,6.0,True
宣誓,xuān shì,to swear an oath (of office); to make a vow,5392.0,6.0,True
要不,yào bù,otherwise; or else; how about...?,5393.0,5.0,True
终身,zhōng shēn,lifelong; all one's life; marriage,5400.0,6.0,True
跪,guì,to kneel,5403.0,6.0,True
信封,xìn fēng,envelope,5404.0,5.0,True
需求,xū qiú,requirement; to require; demand,5410.0,6.0,True
煎,jiān,to pan fry; to sauté,5411.0,5.0,True
捣乱,dǎo luàn,to disturb; to look for trouble; to stir up a row,5415.0,6.0,True
雷达,léi dá,radar (loanword),5417.0,6.0,True
哄,hǒng,to deceive; to coax; to amuse (a child),5418.0,6.0,True
福利,fú lì,material benefit; benefit in kind; welfare,5422.0,6.0,True
牵扯,qiān chě,to involve; to implicate; to be interrelated,5432.0,6.0,True
循环,xún huán,to cycle; to circulate; circle,5437.0,6.0,True
探索,tàn suǒ,to explore; to probe,5439.0,6.0,True
驱逐,qū zhú,to expel; to deport; banishment,5442.0,6.0,True
局势,jú shì,situation; state (of affairs),5446.0,6.0,True
财务,cái wù,financial affairs,5450.0,6.0,True
菜单,cài dān,menu,5451.0,3.0,True
业务,yè wù,business; professional work; service,5452.0,5.0,True
顺序,shùn xù,sequence; order,5454.0,4.0,True
峡谷,xiá gǔ,canyon; gill; ravine,5458.0,6.0,True
运行,yùn xíng,to move along one's course (of celestial bodies etc); to function; to be in operation; to operate; to run,5460.0,6.0,True
运输,yùn shū,to transport; to carry; transportation,5461.0,5.0,True
终止,zhōng zhǐ,to stop; to terminate,5465.0,6.0,True
模样,mú yàng,look; style; appearance,5466.0,6.0,True
上网,shàng wǎng,to go online; to connect to the Internet; to be uploaded to the Internet,5467.0,3.0,True
北方,běi fāng,north; the northern part a country; China north of the Yellow River,5468.0,3.0,True
制定,zhì dìng,to draw up; to formulate,5470.0,5.0,True
登陆,dēng lù,to land; to come ashore; to make landfall (of typhoon etc),5479.0,6.0,True
收据,shōu jù,receipt,5481.0,5.0,True
含义,hán yì,meaning (implicit in a phrase); implied meaning; hidden meaning,5482.0,6.0,True
频率,pín lǜ,frequency,5484.0,6.0,True
资助,zī zhù,to subsidize; to provide financial aid; subsidy,5487.0,6.0,True
传递,chuán dì,to transmit; to pass on to sb else; transitive,5490.0,5.0,True
拖延,tuō yán,to delay; to put off; to procrastinate,5491.0,6.0,True
以往,yǐ wǎng,in the past; formerly,5494.0,6.0,True
优先,yōu xiān,to have priority; to take precedence,5495.0,6.0,True
争夺,zhēng duó,to fight over; to contest; to vie over,5500.0,6.0,True
挖掘,wā jué,to excavate; to dig; to unearth,5503.0,6.0,True
宁可,nìng kě,preferably; one would prefer to...(or not to...); would rather,5505.0,5.0,True
赋予,fù yǔ,to assign; to entrust (a task); to give,5508.0,6.0,True
回避,huí bì,to shun; to avoid (sb); to skirt,5509.0,6.0,True
工程师,gōng chéng shī,engineer,5511.0,5.0,True
妥协,tuǒ xié,to compromise; to reach terms; a compromise,5517.0,6.0,True
警惕,jǐng tì,to be on the alert; vigilant; alert,5524.0,6.0,True
神话,shén huà,legend; fairy tale; myth,5525.0,5.0,True
桃,táo,peach,5527.0,5.0,True
耽误,dān wu,to delay; to hold up; to waste time,5536.0,5.0,True
精确,jīng què,accurate; precise,5537.0,6.0,True
问候,wèn hòu,to give one's respects; to send a greeting; to make offensive reference to (somebody dear to the person to whom one is,5541.0,5.0,True
待遇,dài yù,treatment; pay; salary,5545.0,5.0,True
提问,tí wèn,to question; to quiz; to grill,5561.0,5.0,True
钞票,chāo piào,paper money; a bill (e.g. 100 yuan),5562.0,6.0,True
依赖,yī lài,to depend on; to be dependent on,5565.0,6.0,True
演绎,yǎn yì,to unfold; to play out; to develop (a technique etc),5568.0,6.0,True
上瘾,shàng yǐn,to get into a habit; to become addicted,5569.0,6.0,True
气色,qì sè,complexion,5573.0,6.0,True
意图,yì tú,intent; intention; to intend,5574.0,6.0,True
核心,hé xīn,core; nucleus,5575.0,5.0,True
打工,dǎ gōng,"to work a temporary or casual job; to have a job outside of class time, or during vacation",5577.0,5.0,True
坚定,jiān dìng,firm; steady; staunch,5578.0,6.0,True
开发,kāi fā,to exploit (a resource); to open up (for development); to develop,5579.0,5.0,True
倾听,qīng tīng,to listen attentively,5582.0,6.0,True
电源,diàn yuán,electric power source,5588.0,6.0,True
维修,wéi xiū,maintenance (of equipment); to protect and maintain,5591.0,6.0,True
玩弄,wán nòng,to play with; to toy with; to dally with,5592.0,6.0,True
新郎,xīn láng,bridegroom; groom,5596.0,6.0,True
数目,shù mù,amount; number,5604.0,6.0,True
吩咐,fēn fù,to tell; to instruct; to command,5615.0,6.0,True
童话,tóng huà,children's fairy tales,5617.0,6.0,True
保管,bǎo guǎn,to hold in safekeeping; to have in one's care; to guarantee,5631.0,6.0,True
高尚,gāo shàng,noble; lofty; refined,5640.0,6.0,True
本质,běn zhì,essence; nature; innate character,5644.0,5.0,True
偏见,piān jiàn,prejudice; bias,5645.0,6.0,True
解散,jiě sàn,to dissolve; to disband,5646.0,6.0,True
麦克风,mài kè fēng,microphone (loanword),5652.0,5.0,True
焦点,jiāo diǎn,focal point; focus (lit. and fig.),5655.0,6.0,True
无耻,wú chǐ,without any sense of shame; unembarrassed; shameless,5656.0,6.0,True
仍旧,réng jiù,still (remaining); to remain (the same); yet,5658.0,6.0,True
季节,jì jié,time; season; period,5659.0,3.0,True
战略,zhàn lu:è,strategy,5660.0,6.0,True
统一,tǒng yī,to unify; to integrate; unified; integrated,5667.0,5.0,True
模糊,mó hu,vague; indistinct; fuzzy,5670.0,5.0,True
封闭,fēng bì,to close; to seal off; to close down (an illegal venue); closed (i.e. isolated from outside input),5678.0,6.0,True
首要,shǒu yào,the most important; of chief importance,5680.0,6.0,True
脉搏,mài bó,pulse (both medical and figurative),5684.0,6.0,True
补充,bǔ chōng,to replenish; to supplement; to complement,5686.0,5.0,True
走私,zǒu sī,to smuggle; to have an illicit affair,5687.0,6.0,True
分配,fēn pèi,to distribute; to assign; to allocate,5690.0,5.0,True
嘉宾,jiā bīn,esteemed guest; honored guest; guest (on a show),5691.0,5.0,True
花生,huā shēng,peanut; groundnut,5693.0,5.0,True
出路,chū lù,a way out (lit. and fig.); opportunity for advancement; a way forward,5695.0,6.0,True
动脉,dòng mài,artery,5698.0,6.0,True
掏,tāo,to fish out (from pocket); to scoop,5701.0,6.0,True
形势,xíng shì,circumstances; situation; terrain,5709.0,5.0,True
目睹,mù dǔ,to witness; to see at first hand; to see with one's own eyes,5712.0,6.0,True
恶化,è huà,to worsen,5714.0,6.0,True
软件,ruǎn jiàn,software,5726.0,5.0,True
平等,píng děng,equal; equality,5729.0,5.0,True
零件,líng jiàn,part; component,5735.0,5.0,True
多余,duō yú,superfluous; unnecessary; surplus,5736.0,5.0,True
青春,qīng chūn,youth; youthfulness,5739.0,5.0,True
浅,qiǎn,shallow; light (color),5742.0,5.0,True
会计,kuài jì,accountant; accountancy; accounting,5747.0,5.0,True
乘坐,chéng zuò,to ride (in a vehicle),5750.0,4.0,True
发抖,fā dǒu,to tremble; to shake; to shiver,5751.0,5.0,True
监督,jiān dū,to control; to supervise; to inspect,5752.0,6.0,True
阻碍,zǔ ài,to obstruct; to hinder; to block,5753.0,6.0,True
宪法,xiàn fǎ,constitution (of a country),5756.0,6.0,True
幼稚,yòu zhì,young; childish; puerile,5760.0,6.0,True
歧视,qí shì,to discriminate against; discrimination,5762.0,6.0,True
极限,jí xiàn,limit; extreme boundary,5763.0,6.0,True
严厉,yán lì,severe; strict,5772.0,6.0,True
面子,miàn zi,outer surface; the outside of sth; social prestige; face; powder,5774.0,6.0,True
工业,gōng yè,industry,5775.0,5.0,True
激励,jī lì,to encourage; to urge; motivation,5776.0,6.0,True
耳环,ěr huán,earring,5782.0,6.0,True
体贴,tǐ tiē,considerate (of other people's needs),5785.0,5.0,True
特定,tè dìng,special; specific; designated,5786.0,6.0,True
港口,gǎng kǒu,port; harbor,5789.0,6.0,True
日常,rì cháng,day-to-day; daily; everyday,5790.0,5.0,True
引用,yǐn yòng,to quote; to cite; to recommend,5794.0,6.0,True
曝光,bào guāng,to expose (photography); to expose (a scandal); exposure,5799.0,6.0,True
扑,pū,to throw oneself at; to pounce on; to devote one's energies,5802.0,6.0,True
古董,gǔ dǒng,curio; antique,5808.0,6.0,True
飘,piāo,to float,5809.0,5.0,True
面条,miàn tiáo,noodles,5811.0,3.0,True
纯洁,chún jié,pure; clean and honest; to purify,5813.0,6.0,True
压抑,yā yì,to constrain or repress emotions; oppressive; stifling,5834.0,6.0,True
知觉,zhī jué,perception; consciousness,5835.0,6.0,True
发烧,fā shāo,to have a high temperature (from illness); to have a fever,5839.0,3.0,True
渴,kě,thirsty,5843.0,3.0,True
重视,zhòng shì,to attach importance to sth; to value,5846.0,4.0,True
流浪,liú làng,to drift about; to wander; to roam,5847.0,6.0,True
进化,jìn huà,evolution,5861.0,6.0,True
发行,fā xíng,"to publish; to issue (stocks, currency etc); to release",5863.0,6.0,True
善于,shàn yú,to be good at; to be adept at,5872.0,5.0,True
推迟,tuī chí,to postpone; to put off; to defer,5874.0,4.0,True
缺点,quē diǎn,weak point; fault; shortcoming,5879.0,4.0,True
挽回,wǎn huí,to retrieve; to redeem,5883.0,6.0,True
遥远,yáo yuǎn,distant; remote,5884.0,6.0,True
球迷,qiú mí,fan (ball sports),5888.0,5.0,True
集体,jí tǐ,collective (decision); joint (effort); a group,5890.0,5.0,True
着手,zhuó shǒu,to put one's hand to it; to start out on a task; to set out,5891.0,6.0,True
改进,gǎi jìn,to improve; to make better; improvement,5893.0,5.0,True
途径,tú jìng,way; means; channel,5898.0,6.0,True
时髦,shí máo,in vogue; fashionable,5907.0,5.0,True
加油站,jiā yóu zhàn,gas station,5920.0,4.0,True
唠叨,láo dao,to prattle; to chatter away; to nag,5921.0,6.0,True
技能,jì néng,technical ability; skill,5924.0,6.0,True
挣钱,zhèng qián,to make money,5926.0,5.0,True
目光,mù guāng,gaze; (fig.) attention; expression in one's eyes; look; sight; vision,5947.0,6.0,True
摇摆,yáo bǎi,to sway; to wobble; to waver,5952.0,6.0,True
镇静,zhèn jìng,calm; cool,5960.0,6.0,True
保障,bǎo zhàng,to ensure; to guarantee; to safeguard,5961.0,6.0,True
吸收,xī shōu,to absorb; to assimilate; to ingest,5963.0,5.0,True
名誉,míng yù,fame; reputation; honor,5964.0,6.0,True
处置,chǔ zhì,to handle; to take care of; to punish,5965.0,6.0,True
首都,shǒu dū,capital (city),5968.0,4.0,True
测验,cè yàn,test; to test,5970.0,5.0,True
解剖,jiě pōu,to dissect (an animal); to analyze; anatomy,5975.0,6.0,True
刑事,xíng shì,criminal; penal,5976.0,6.0,True
束,shù,to bind; bunch; bundle,5980.0,6.0,True
统计,tǒng jì,statistics; to count; to add up,5983.0,6.0,True
腐烂,fǔ làn,to rot; to putrefy; corrupt,5987.0,6.0,True
容器,róng qì,receptacle; vessel; container,5989.0,6.0,True
担任,dān rèn,to hold a governmental office or post; to assume office of; to take charge of,5992.0,5.0,True
生理,shēng lǐ,physiology,5993.0,6.0,True
空白,kòng bái,blank space,5994.0,6.0,True
打猎,dǎ liè,to go hunting,5999.0,6.0,True
怪不得,guài bu de,no wonder!; so that's why!,6003.0,5.0,True
捞,lāo,to fish up; to dredge up,6006.0,6.0,True
融化,róng huà,to melt; to thaw; to dissolve,6011.0,5.0,True
跨,kuà,to step across; to stride over; to straddle,6015.0,6.0,True
随身,suí shēn,to (carry) on one's person; to (take) with one,6019.0,6.0,True
奉献,fèng xiàn,to offer respectfully; to consecrate; to dedicate,6021.0,6.0,True
场所,chǎng suǒ,location; place,6023.0,6.0,True
祖国,zǔ guó,motherland,6026.0,5.0,True
培训,péi xùn,to cultivate; to train; to groom,6032.0,6.0,True
县,xiàn,county,6036.0,5.0,True
要命,yào mìng,to cause sb's death; extremely; terribly; to be a nuisance,6048.0,6.0,True
改善,gǎi shàn,to make better; to improve,6054.0,5.0,True
精心,jīng xīn,with utmost care; fine; meticulous,6061.0,6.0,True
总共,zǒng gòng,altogether; in sum; in all; in total,6073.0,5.0,True
固执,gù zhí,obstinate; stubborn; to fixate on,6077.0,6.0,True
文学,wén xué,literature,6078.0,5.0,True
冷酷,lěng kù,unfeeling; callous,6081.0,6.0,True
床单,chuáng dān,bed sheet,6084.0,6.0,True
打听,dǎ ting,to ask about; to make some inquiries; to ask around,6098.0,5.0,True
劳驾,láo jià,excuse me,6118.0,5.0,True
平均,píng jūn,average; on average; evenly; in equal proportions,6119.0,5.0,True
勉强,miǎn qiǎng,to do with difficulty; to force sb to do sth; reluctant,6122.0,6.0,True
功课,gōng kè,homework; assignment; task,6125.0,6.0,True
彩虹,cǎi hóng,rainbow,6126.0,5.0,True
和谐,hé xié,harmonious; harmony; to censor,6127.0,6.0,True
日程,rì chéng,schedule; itinerary,6128.0,5.0,True
榜样,bǎng yàng,example; model,6129.0,6.0,True
关照,guān zhào,to take care; to keep an eye on; to look after,6132.0,6.0,True
此外,cǐ wài,besides; in addition; moreover,6134.0,5.0,True
纠正,jiū zhèng,to correct; to make right,6135.0,6.0,True
条款,tiáo kuǎn,clause (of contract or law),6141.0,6.0,True
制度,zhì dù,"system (e.g. political, adminstrative etc); institution",6142.0,5.0,True
羡慕,xiàn mù,to envy; to admire,6153.0,4.0,True
健身房,jiàn shēn fáng,gym; gymnasium,6160.0,5.0,True
包装,bāo zhuāng,to pack; to package; to wrap,6165.0,6.0,True
损坏,sǔn huài,to damage; to injure,6166.0,6.0,True
中断,zhōng duàn,to cut short; to break off; to discontinue,6170.0,6.0,True
担保,dān bǎo,to guarantee; to vouch for,6179.0,6.0,True
液体,yè tǐ,liquid,6181.0,5.0,True
报答,bào dá,to repay; to requite,6182.0,6.0,True
英勇,yīng yǒng,heroic; gallant; valiant,6187.0,6.0,True
番,fān,"foreign (non-Chinese); barbarian; classifier for occurrences (of an event, action or speech utterance)",6191.0,6.0,True
粒,lì,"grain; granule; classifier for small round things (peas, bullets, peanuts, pills, grains etc)",6194.0,5.0,True
势力,shì li,"power; influence; a force (military, political etc)",6196.0,6.0,True
认可,rèn kě,to approve; approval; acknowledgment,6197.0,6.0,True
扩大,kuò dà,to expand; to enlarge; to broaden one's scope,6204.0,4.0,True
相对,xiāng duì,relatively; opposite; to resist,6212.0,5.0,True
单纯,dān chún,simple; pure; unsophisticated,6214.0,5.0,True
资产,zī chǎn,property; assets,6220.0,6.0,True
录取,lù qǔ,"to accept an applicant (prospective student, employee etc) who passes an; to admit (a student); to hire (a job candidate)",6224.0,5.0,True
占领,zhàn lǐng,to capture; to seize; to occupy by force,6232.0,6.0,True
注视,zhù shì,to look attentively at; to closely watch; to gaze at,6233.0,6.0,True
销毁,xiāo huǐ,to destroy (by melting or burning); to obliterate,6245.0,6.0,True
饥饿,jī è,hunger; starvation; famine,6246.0,6.0,True
阳台,yáng tái,balcony; porch,6248.0,5.0,True
上级,shàng jí,higher authorities; superiors,6254.0,6.0,True
牛仔裤,niú zǎi kù,jeans,6256.0,5.0,True
财政,cái zhèng,finances (public); financial,6259.0,6.0,True
依旧,yī jiù,as before; still,6261.0,6.0,True
磕,kē,"to tap; to knock (against sth hard); to knock (mud from boots, ashes from a pipe etc)",6262.0,6.0,True
差别,chā bié,difference; distinction; disparity,6264.0,5.0,True
缺陷,quē xiàn,defect; flaw,6266.0,6.0,True
憋,biē,to choke; to stifle; to restrain,6270.0,6.0,True
制止,zhì zhǐ,to curb; to put a stop to; to stop,6272.0,6.0,True
言论,yán lùn,expression of opinion; views; remarks,6284.0,6.0,True
活该,huó gāi,serve sb right; deservedly; ought,6285.0,6.0,True
简历,jiǎn lì,curriculum vitae (CV); résumé; biographical notes,6286.0,5.0,True
利润,lì rùn,profits,6288.0,5.0,True
恰当,qià dàng,appropriate; suitable,6289.0,6.0,True
拨打,bō dǎ,to call; to dial,6290.0,6.0,True
部位,bù wèi,"part (esp. of the body, but also of a vegetable (e.g. the root), or a garment",6291.0,6.0,True
脂肪,zhī fáng,"fat (in the body, in a plant, or in food)",6297.0,6.0,True
副作用,fù zuò yòng,side effect,6299.0,6.0,True
零钱,líng qián,change (of money); small change; pocket money,6300.0,5.0,True
窗帘,chuāng lián,window curtains,6306.0,5.0,True
重量,zhòng liàng,weight,6312.0,5.0,True
埋葬,mái zàng,to bury,6314.0,6.0,True
塌,tā,to collapse; to droop; to settle down,6318.0,6.0,True
华丽,huá lì,gorgeous,6320.0,6.0,True
磁带,cí dài,magnetic tape,6327.0,5.0,True
占据,zhàn jù,to occupy; to hold,6328.0,6.0,True
丝毫,sī háo,the slightest amount or degree; a bit,6330.0,5.0,True
岗位,gǎng wèi,a post; a job,6334.0,6.0,True
疤,bā,scar; scab,6336.0,6.0,True
前提,qián tí,premise; precondition; prerequisite,6337.0,6.0,True
暖和,nuǎn huo,warm; nice and warm,6338.0,4.0,True
不但,bù dàn,not only (... but also ...),6339.0,4.0,True
横,héng,horizontal; across; crosswise,6346.0,5.0,True
答复,dá fù,to answer; to reply; Reply to: (in email header),6348.0,6.0,True
懒,lǎn,lazy,6350.0,4.0,True
商品,shāng pǐn,commodity; goods; merchandise,6361.0,5.0,True
反复,fǎn fù,repeatedly; over and over; to upend,6362.0,5.0,True
大伙儿,dà huǒ r,erhua variant of; everybody; everyone,6374.0,6.0,True
洞穴,dòng xué,cave; cavern,6385.0,6.0,True
出差,chū chāi,to go on an official or business trip,6386.0,4.0,True
请客,qǐng kè,to give a dinner party; to entertain guests; to invite to dinner,6402.0,4.0,True
台阶,tái jiē,steps; flight of steps; step (over obstacle),6405.0,5.0,True
民族,mín zú,nationality; ethnic group,6408.0,4.0,True
光芒,guāng máng,rays of light; brilliant rays; radiance,6418.0,6.0,True
涨,zhǎng,"to rise (of prices, rivers)",6433.0,5.0,True
揭露,jiē lù,to expose; to unmask; to ferret out,6434.0,6.0,True
突出,tū chū,prominent; outstanding; to give prominence to,6435.0,5.0,True
辣椒,là jiāo,hot pepper; chili,6436.0,5.0,True
粉色,fěn sè,pink; white; erotic,6437.0,6.0,True
近来,jìn lái,recently; lately,6442.0,6.0,True
比方,bǐ fang,analogy; instance; for instance,6456.0,6.0,True
屈服,qū fú,to surrender; to succumb; to yield,6460.0,6.0,True
地道,dì dao,authentic; genuine; proper,6462.0,5.0,True
传真,chuán zhēn,fax; facsimile,6471.0,4.0,True
强调,qiáng diào,to emphasize (a statement); to stress,6473.0,5.0,True
膜,mó,membrane; film,6477.0,6.0,True
优点,yōu diǎn,merit; benefit; strong point,6487.0,4.0,True
空调,kōng tiáo,air conditioning; air conditioner (including units that have a heating mode),6489.0,3.0,True
诈骗,zhà piàn,to defraud; to swindle; to blackmail,6491.0,6.0,True
是非,shì fēi,right and wrong; quarrel,6492.0,6.0,True
崭新,zhǎn xīn,brand new,6496.0,6.0,True
亦,yì,also,6497.0,6.0,True
展览,zhǎn lǎn,to put on display; to exhibit; exhibition,6499.0,5.0,True
活跃,huó yuè,active; lively; excited,6500.0,5.0,True
转告,zhuǎn gào,to pass on; to communicate; to transmit,6502.0,5.0,True
下雨,xià yǔ,to rain,6507.0,1.0,True
履行,lǚ xíng,to fulfill (one's obligations); to carry out (a task); to implement (an agreement),6508.0,6.0,True
垃圾桶,lā jī tǒng,rubbish bin; trash can; garbage can,6514.0,4.0,True
删除,shān chú,to delete; to cancel,6515.0,5.0,True
昂贵,áng guì,expensive; costly,6516.0,6.0,True
彩票,cǎi piào,lottery ticket,6521.0,6.0,True
照相机,zhào xiàng jī,camera,6522.0,3.0,True
豆腐,dòu fu,tofu; bean curd,6524.0,5.0,True
回收,huí shōu,to recycle; to reclaim; to retrieve,6525.0,6.0,True
沉重,chén zhòng,heavy; hard; serious,6530.0,6.0,True
化验,huà yàn,chemical examination; to do a lab test,6533.0,6.0,True
家属,jiā shǔ,family member; dependent,6539.0,6.0,True
舅舅,jiù jiu,mother's brother; maternal uncle (informal),6548.0,5.0,True
僵硬,jiāng yìng,stiff; rigid,6554.0,6.0,True
演习,yǎn xí,maneuver; exercise; practice,6555.0,6.0,True
束缚,shù fù,to bind; to restrict; to tie,6557.0,6.0,True
平凡,píng fán,commonplace; ordinary; mediocre,6558.0,6.0,True
全力以赴,quán lì yǐ fù,to do at all costs; to make an all-out effort,6563.0,6.0,True
忧郁,yōu yù,sullen; depressed; melancholy; dejected,6565.0,6.0,True
夸,kuā,to boast; to exaggerate; to praise,6570.0,5.0,True
传单,chuán dān,leaflet; flier; pamphlet,6574.0,6.0,True
瘫痪,tān huàn,"paralysis; be paralyzed (body, transportation, etc)",6576.0,6.0,True
黎明,lí míng,dawn; daybreak,6577.0,6.0,True
顽固,wán gù,stubborn; obstinate,6579.0,6.0,True
忽然,hū rán,suddenly; all of a sudden,6583.0,4.0,True
免得,miǎn de,so as not to; so as to avoid,6585.0,6.0,True
泼,pō,to splash; to spill; rough and coarse,6587.0,6.0,True
贩卖,fàn mài,to sell; to peddle; to traffic,6590.0,6.0,True
比喻,bǐ yù,to compare; to liken to; metaphor,6594.0,6.0,True
加班,jiā bān,to work overtime,6599.0,4.0,True
包含,bāo hán,to contain; to embody; to include,6600.0,5.0,True
农民,nóng mín,peasant; farmer,6602.0,5.0,True
万分,wàn fēn,very much; extremely; one ten thousandth part,6604.0,6.0,True
协调,xié tiáo,to coordinate; to harmonize; to fit together,6606.0,5.0,True
皇帝,huáng dì,emperor,6607.0,5.0,True
危害,wēi hài,to jeopardize; to harm; to endanger,6619.0,5.0,True
缘故,yuán gù,reason; cause,6620.0,5.0,True
跟随,gēn suí,to follow,6621.0,6.0,True
铅笔,qiān bǐ,pencil,6625.0,3.0,True
罕见,hǎn jiàn,rare; rarely seen,6628.0,6.0,True
安宁,ān níng,peaceful; tranquil; calm,6636.0,6.0,True
为难,wéi nán,to feel embarrassed or awkward; to make things difficult (for someone); to find things difficult (to do or manage),6637.0,6.0,True
恶劣,è liè,vile; nasty; of very poor quality,6638.0,5.0,True
兑现,duì xiàn,to cash; to honor a commitment,6648.0,6.0,True
起初,qǐ chū,originally; at first; at the outset,6649.0,6.0,True
当场,dāng chǎng,at the scene; on the spot,6661.0,6.0,True
当面,dāng miàn,to sb's face; in sb's presence,6663.0,6.0,True
毫米,háo mǐ,millimeter,6667.0,6.0,True
腐败,fǔ bài,corruption; to corrupt; to rot,6668.0,6.0,True
油漆,yóu qī,oil paints; lacquer; to paint,6669.0,6.0,True
往事,wǎng shì,past events; former happenings,6670.0,6.0,True
片刻,piàn kè,short period of time; a moment,6671.0,6.0,True
方位,fāng wèi,direction; points of the compass; bearing,6672.0,6.0,True
房东,fáng dōng,landlord,6673.0,5.0,True
分辨,fēn biàn,to distinguish; to differentiate; to resolve,6677.0,6.0,True
责备,zé bèi,to blame; to criticize; condemnation,6680.0,5.0,True
春,chūn,spring (season); gay; joyful,6682.0,3.0,True
恩怨,ēn yuàn,gratitude and grudges; resentment; grudges,6690.0,6.0,True
难得,nán dé,seldom; rare; hard to come by,6692.0,6.0,True
哲学,zhé xué,philosophy,6694.0,5.0,True
溅,jiàn,to splash,6700.0,6.0,True
功劳,gōng láo,contribution; meritorious service; credit,6705.0,6.0,True
按时,àn shí,on time; before deadline; on schedule,6713.0,4.0,True
反映,fǎn yìng,to mirror; to reflect; mirror image,6716.0,4.0,True
安置,ān zhì,to find a place for; to help settle down; to arrange for,6723.0,6.0,True
增长,zēng zhǎng,to grow; to increase,6725.0,4.0,True
信赖,xìn lài,to trust; to have confidence in; to have faith in,6729.0,6.0,True
葡萄,pú tao,grape,6733.0,3.0,True
原告,yuán gào,complainant; plaintiff,6734.0,6.0,True
行政,xíng zhèng,administration; administrative; executive,6737.0,6.0,True
往往,wǎng wǎng,usually; in many cases; more often than not,6745.0,4.0,True
嫌,xián,to dislike; suspicion; resentment,6749.0,6.0,True
机关,jī guān,mechanism; gear; machine-operated; office; agency; organ; organization; establishment; institution; body,6751.0,6.0,True
跌,diē,to fall; to tumble; to trip,6756.0,6.0,True
战役,zhàn yì,military campaign,6757.0,6.0,True
柜台,guì tái,sales counter; front desk; bar,6767.0,5.0,True
权威,quán wēi,authority; authoritative; power and prestige,6772.0,6.0,True
偿还,cháng huán,to repay; to reimburse,6775.0,6.0,True
作风,zuò fēng,style; style of work; way,6783.0,6.0,True
滑冰,huá bīng,to skate; skating,6788.0,5.0,True
殴打,ōu dǎ,to beat up; to come to blows; battery (law),6791.0,6.0,True
火车站,huǒ chē zhàn,train station,6801.0,1.0,True
抄,chāo,to make a copy; to plagiarize; to search and seize,6810.0,5.0,True
罢工,bà gōng,a strike; to go on strike,6814.0,6.0,True
悄悄,qiāo qiāo,quiet; making little or no noise; surreptitious; stealthy; anxious; worried,6818.0,5.0,True
智商,zhì shāng,IQ (intelligence quotient),6820.0,6.0,True
眉毛,méi mao,eyebrow,6824.0,5.0,True
迈,mài,to take a step; to stride,6825.0,6.0,True
兜,dōu,pocket; bag; to wrap up or hold in a bag,6843.0,6.0,True
贸易,mào yì,trade,6848.0,5.0,True
接待,jiē dài,to receive (a visitor); to admit (allow sb to enter),6859.0,5.0,True
便利,biàn lì,convenient; easy; to facilitate,6875.0,6.0,True
强制,qiáng zhì,to force; to compel; to coerce; forced; compulsory; Taiwan pr. [qiǎng zhì],6877.0,6.0,True
特色,tè sè,characteristic; distinguishing feature or quality,6892.0,6.0,True
免疫,miǎn yì,immunity (to disease),6899.0,6.0,True
烹饪,pēng rèn,cooking; culinary arts,6900.0,6.0,True
具备,jù bèi,to possess; to have; equipped with,6903.0,5.0,True
澄清,chéng qīng,clear (of liquid); limpid; to clarify,6909.0,6.0,True
何况,hé kuàng,let alone; to say nothing of; besides,6917.0,5.0,True
扩散,kuò sàn,to spread; to proliferate; to diffuse,6918.0,6.0,True
辅导,fǔ dǎo,to give guidance; to mentor; to counsel,6921.0,5.0,True
得意,dé yì,proud of oneself; pleased with oneself; complacent,6922.0,4.0,True
依据,yī jù,according to; basis; foundation,6923.0,6.0,True
眼下,yǎn xià,now; at present; subocular (medicine),6932.0,6.0,True
竭尽全力,jié jìn quán lì,to spare no effort (idiom); to do one's utmost,6935.0,6.0,True
预期,yù qī,to expect; to anticipate,6937.0,6.0,True
过失,guò shī,error; fault; negligence,6941.0,6.0,True
拧,níng,to pinch; wring,6943.0,6.0,True
伞,sǎn,umbrella; parasol; damask silk,6944.0,3.0,True
图案,tú àn,design; pattern,6947.0,6.0,True
特点,tè diǎn,characteristic (feature); trait; feature,6949.0,4.0,True
后代,hòu dài,descendant; progeny; posterity,6963.0,6.0,True
纪律,jì lǜ,discipline,6964.0,5.0,True
对比,duì bǐ,to contrast; contrast; ratio,6966.0,5.0,True
卡通,kǎ tōng,cartoon (loanword),6974.0,6.0,True
拿手,ná shǒu,expert in; good at,6975.0,6.0,True
孔,kǒng,hole; classifier for cave dwellings,6979.0,6.0,True
规划,guī huà,to draw up a plan; to map out a program; a plan; a program,6982.0,6.0,True
色彩,sè cǎi,tint; coloring; coloration; flavor; character,6996.0,6.0,True
构成,gòu chéng,to constitute; to form; to compose,7001.0,5.0,True
支撑,zhī chēng,to prop up; to support; strut,7002.0,6.0,True
航行,háng xíng,to sail; to fly; to navigate,7007.0,6.0,True
姑姑,gū gu,paternal aunt,7011.0,5.0,True
消化,xiāo huà,to digest (food); to absorb (information etc); to assimilate; to process,7013.0,5.0,True
围巾,wéi jīn,scarf; shawl,7018.0,5.0,True
淋,lín,to sprinkle; to drip; to pour,7021.0,6.0,True
车厢,chē xiāng,carriage,7022.0,5.0,True
同胞,tóng bāo,born of the same parents; sibling; fellow citizen,7031.0,6.0,True
伴随,bàn suí,to accompany; to follow; to occur together with,7040.0,6.0,True
占有,zhàn yǒu,to have; to own; to hold,7046.0,6.0,True
体现,tǐ xiàn,to embody; to reflect; to incarnate,7055.0,5.0,True
沼泽,zhǎo zé,marsh; swamp; wetlands,7058.0,6.0,True
折腾,zhē teng,to toss from side to side (e.g. sleeplessly); to repeat sth over and over again; to torment sb,7063.0,6.0,True
案例,àn lì,"case (of fraud, hepatitis, international cooperation etc); instance; example",7069.0,6.0,True
体面,tǐ miàn,dignity; prestige; face; honorable; creditable; presentable; respectable,7072.0,6.0,True
祖先,zǔ xiān,ancestors; forebears; ancestral species; ancient species from which present-day species evolved,7073.0,5.0,True
导航,dǎo háng,navigation,7075.0,6.0,True
合格,hé gé,to meet the standard required; qualified; eligible (voter etc),7076.0,4.0,True
珍珠,zhēn zhū,pearl,7081.0,6.0,True
恼火,nǎo huǒ,annoyed; riled; vexed,7086.0,6.0,True
规律,guī lǜ,rule (e.g. of science); law of behavior; regular pattern,7087.0,5.0,True
密切,mì qiè,close; familiar; intimate,7095.0,5.0,True
不得了,bù dé liǎo,desperately serious; disastrous; extremely,7098.0,5.0,True
探望,tàn wàng,to visit; to call on sb; to look around,7103.0,6.0,True
临床,lín chuáng,clinical,7105.0,6.0,True
外界,wài jiè,the outside world; external,7111.0,6.0,True
性别,xìng bié,gender; sex,7112.0,4.0,True
外交,wài jiāo,diplomacy; diplomatic; foreign affairs,7129.0,5.0,True
颇,pō,rather; quite; considerably,7131.0,6.0,True
事态,shì tài,situation; existing state of affairs,7141.0,6.0,True
准则,zhǔn zé,norm; standard; criterion,7143.0,6.0,True
覆盖,fù gài,to cover,7153.0,6.0,True
报名,bào míng,to sign up; to enter one's name; to apply,7154.0,4.0,True
初步,chū bù,initial; preliminary; tentative,7158.0,6.0,True
公斤,gōng jīn,kilogram (kg),7159.0,2.0,True
否定,fǒu dìng,to negate; to deny; to reject,7165.0,5.0,True
观念,guān niàn,notion; thought; concept,7167.0,5.0,True
先前,xiān qián,before; previously,7174.0,6.0,True
递,dì,to hand over; to pass on; to deliver; progressively; in the proper order,7175.0,5.0,True
示范,shì fàn,to demonstrate; to show how to do sth; demonstration,7180.0,6.0,True
鼓舞,gǔ wǔ,heartening (news); to boost (morale),7186.0,5.0,True
浇,jiāo,to pour liquid; to irrigate (using waterwheel); to water,7189.0,5.0,True
边界,biān jiè,boundary; border,7200.0,6.0,True
挑剔,tiāo ti,picky; fussy,7207.0,6.0,True
规模,guī mó,scale; scope; extent,7212.0,5.0,True
召开,zhào kāi,to convene (a conference or meeting); to convoke; to call together,7215.0,5.0,True
以免,yǐ miǎn,in order to avoid; so as not to,7216.0,6.0,True
飞翔,fēi xiáng,to circle in the air; to soar,7218.0,6.0,True
佩服,pèi fú,to admire,7221.0,5.0,True
艰苦,jiān kǔ,difficult; hard; arduous,7226.0,5.0,True
嗓子,sǎng zi,throat; voice,7229.0,5.0,True
无赖,wú lài,hoodlum; rascal; rogue,7231.0,6.0,True
整体,zhěng tǐ,whole entity; entire body; synthesis,7239.0,5.0,True
扰乱,rǎo luàn,to disturb; to perturb; to harass,7242.0,6.0,True
搭配,dā pèi,to pair up; to match; to arrange in pairs,7246.0,6.0,True
统统,tǒng tǒng,totally,7248.0,6.0,True
启发,qǐ fā,to enlighten; to explain (a text etc); to stimulate (a mental attitude),7261.0,5.0,True
饮食,yǐn shí,eating and drinking; food and drink; diet,7262.0,6.0,True
手工,shǒu gōng,handwork; manual,7263.0,5.0,True
热门,rè mén,popular; hot; in vogue,7265.0,6.0,True
报社,bào shè,newspaper (i.e. a company),7267.0,6.0,True
报到,bào dào,to report for duty; to check in; to register,7269.0,6.0,True
审查,shěn chá,to examine; to investigate; to censor out,7271.0,6.0,True
营养,yíng yǎng,nutrition; nourishment,7272.0,5.0,True
幼儿园,yòu ér yuán,kindergarten; nursery school,7274.0,5.0,True
吨,dūn,ton (loanword); Taiwan pr. [dùn],7280.0,5.0,True
个子,gè zi,height; stature; build,7283.0,4.0,True
推翻,tuī fān,to overthrow,7284.0,6.0,True
盆,pén,basin; flower pot; unit of volume equal to 12,7285.0,5.0,True
虚伪,xū wěi,false; hypocritical; artificial,7290.0,6.0,True
匆忙,cōng máng,hasty; hurried,7291.0,5.0,True
谴责,qiǎn zé,to denounce; to condemn; to criticize,7292.0,6.0,True
测量,cè liáng,survey; to measure; to gauge,7293.0,6.0,True
威力,wēi lì,might; formidable power,7296.0,6.0,True
吸取,xī qǔ,"to absorb; to draw (a lesson, insight etc); to assimilate",7305.0,6.0,True
敬礼,jìng lǐ,to salute; salute,7306.0,6.0,True
从而,cóng ér,thus; thereby,7308.0,5.0,True
及格,jí gé,to pass an exam or a test; to meet a minimum standard,7312.0,5.0,True
互联网,Hù lián wǎng,Internet,7313.0,6.0,True
吹牛,chuī niú,to talk big; to shoot off one's mouth; to chat (dialect),7315.0,6.0,True
辨认,biàn rèn,to recognize; to identify,7320.0,6.0,True
特意,tè yì,specially; intentionally,7321.0,5.0,True
激发,jī fā,to arouse; to stimulate; to excite,7324.0,6.0,True
何必,hé bì,there is no need; why should,7325.0,5.0,True
成天,chéng tiān,all day long; all the time,7329.0,6.0,True
发财,fā cái,to get rich,7336.0,6.0,True
压迫,yā pò,to oppress; to repress; to constrict,7339.0,6.0,True
姿态,zī tài,attitude; posture; stance,7348.0,6.0,True
奖赏,jiǎng shǎng,reward; prize; award,7351.0,6.0,True
火柴,huǒ chái,match (for lighting fire),7362.0,5.0,True
丸,wán,ball; pellet; pill,7371.0,6.0,True
金融,jīn róng,banking; finance; financial,7374.0,6.0,True
界限,jiè xiàn,boundary,7376.0,6.0,True
品尝,pǐn cháng,to taste a small amount; to sample,7385.0,6.0,True
可行,kě xíng,feasible,7390.0,6.0,True
种子,zhǒng zi,seed,7393.0,6.0,True
雕塑,diāo sù,a statue; a Buddhist image; sculpture,7396.0,6.0,True
共和国,gòng hé guó,republic,7411.0,6.0,True
手势,shǒu shì,gesture; sign; signal,7419.0,6.0,True
淡,dàn,insipid; diluted; weak,7420.0,5.0,True
嫩,nèn,young and tender; tender; lightly cooked; light,7421.0,5.0,True
隐蔽,yǐn bì,to conceal; to hide; covert,7422.0,6.0,True
目录,mù lù,catalog; table of contents; directory (on computer hard drive),7423.0,5.0,True
充足,chōng zú,adequate; sufficient; abundant,7426.0,6.0,True
抑制,yì zhì,to inhibit; to keep down; to suppress,7434.0,6.0,True
人工,rén gōng,artificial; manpower; manual work,7437.0,6.0,True
产业,chǎn yè,industry; estate; property,7442.0,6.0,True
群众,qún zhòng,mass; multitude; the masses,7446.0,6.0,True
口气,kǒu qì,tone of voice; the way one speaks; manner of expression,7450.0,6.0,True
公关,gōng guān,public relations,7453.0,6.0,True
熊猫,xióng māo,panda,7456.0,3.0,True
散发,sàn fā,to distribute; to emit; to issue,7457.0,6.0,True
水泥,shuǐ ní,cement,7461.0,6.0,True
景色,jǐng sè,scenery; scene; landscape,7463.0,5.0,True
任命,rèn mìng,to appoint; appointment,7465.0,6.0,True
旋律,xuán lǜ,melody,7466.0,6.0,True
争议,zhēng yì,controversy; dispute; to dispute,7477.0,6.0,True
琢磨,zuó mo,to ponder; to mull over; to think through,7481.0,6.0,True
采集,cǎi jí,to gather; to collect; to harvest,7482.0,6.0,True
品质,pǐn zhì,"character; intrinsic quality (of a person); quality (of a product or service, or as in ""quality of life"", ""air quality"" etc)",7488.0,6.0,True
算数,suàn shù,to count numbers; to keep to one's word; to hold (i.e. to remain valid),7492.0,6.0,True
俘虏,fú lǔ,captive,7493.0,6.0,True
颠倒,diān dǎo,to turn upside down; to reverse; back to front,7496.0,6.0,True
现状,xiàn zhuàng,current situation,7503.0,6.0,True
罐头,guàn tou,tin; can,7504.0,5.0,True
宫殿,gōng diàn,palace,7505.0,6.0,True
等级,děng jí,grade; rank; status,7506.0,6.0,True
大使馆,dà shǐ guǎn,embassy,7509.0,4.0,True
总结,zǒng jié,to sum up; to conclude; summary,7518.0,4.0,True
结实,jiē shi,rugged; sturdy; strong,7522.0,5.0,True
喇叭,lǎ ba,horn (automobile etc); loudspeaker; brass wind instrument,7526.0,6.0,True
都市,dū shì,city; metropolis,7527.0,6.0,True
痛快,tòng kuài,delighted; to one's heart's content; straightforward,7540.0,5.0,True
莫名其妙,mò míng qí miào,baffling; bizarre; without rhyme or reason; inexplicable,7548.0,6.0,True
旗帜,qí zhì,ensign; flag,7564.0,6.0,True
期限,qī xiàn,time limit; deadline; allotted time,7570.0,6.0,True
手续,shǒu xù,procedure; formalities,7572.0,5.0,True
分歧,fēn qí,"divergent; difference (of opinion, position); disagreement; bifurcation",7575.0,6.0,True
综合,zōng hé,comprehensive; composite; synthesized,7578.0,5.0,True
探测,tàn cè,to probe; to survey,7579.0,6.0,True
智力,zhì lì,intelligence; intellect,7582.0,6.0,True
用户,yòng hù,user; consumer; subscriber,7590.0,6.0,True
优美,yōu měi,graceful; fine; elegant,7593.0,5.0,True
当选,dāng xuǎn,to be elected; to be selected,7606.0,6.0,True
古代,gǔ dài,ancient times,7613.0,5.0,True
书面,shū miàn,in writing; written,7617.0,6.0,True
反常,fǎn cháng,unusual; abnormal,7626.0,6.0,True
原先,yuán xiān,originally; original; former,7627.0,6.0,True
热闹,rè nao,bustling with noise and excitement; lively,7634.0,4.0,True
遥控,yáo kòng,to direct operations from a remote location; to remotely control,7640.0,6.0,True
壶,hú,pot; classifier for bottled liquid,7643.0,5.0,True
围绕,wéi rào,to revolve around; to center on (an issue),7672.0,5.0,True
空虚,kōng xū,hollow; emptiness; meaningless,7679.0,6.0,True
延长,yán cháng,to prolong; to extend; to delay,7681.0,5.0,True
照料,zhào liào,to tend; to take care of sb,7683.0,6.0,True
反感,fǎn gǎn,to be disgusted with; to dislike; bad reaction,7685.0,6.0,True
光彩,guāng cǎi,luster; splendor; radiance,7690.0,6.0,True
颤抖,chàn dǒu,to shudder; to shiver; to shake,7693.0,6.0,True
苍白,cāng bái,pale; wan,7695.0,6.0,True
踪迹,zōng jì,tracks; trail; footprint,7701.0,6.0,True
兼职,jiān zhí,to hold concurrent posts; concurrent job; moonlighting,7703.0,6.0,True
否决,fǒu jué,to veto; to overrule,7710.0,6.0,True
交代,jiāo dài,to transfer (duties to sb else); to give instructions; to tell (sb to do sth); to explain; to give an account; to brief,7711.0,6.0,True
忙碌,máng lù,busy; bustling,7713.0,6.0,True
排斥,pái chì,to reject; to exclude; to eliminate,7714.0,6.0,True
郊区,jiāo qū,suburban district; outskirts; suburbs,7716.0,5.0,True
设想,shè xiǎng,to imagine; to assume; to envisage,7719.0,6.0,True
利息,lì xī,interest (on a loan),7720.0,5.0,True
营业,yíng yè,to do business; to trade,7733.0,5.0,True
终究,zhōng jiū,in the end; after all is said and done,7734.0,6.0,True
烟花,yān huā,fireworks; prostitute (esp. in Yuan theater),7737.0,6.0,True
咳嗽,ké sou,to cough,7744.0,4.0,True
内在,nèi zài,inner; internal; intrinsic,7758.0,6.0,True
延续,yán xù,to continue; to go on; to last,7766.0,6.0,True
视力,shì lì,vision; eyesight,7769.0,6.0,True
消费,xiāo fèi,to consume; to spend,7781.0,5.0,True
忍耐,rěn nài,to endure; to bear with; to exercise patience,7782.0,6.0,True
题目,tí mù,subject; title; topic,7784.0,5.0,True
样品,yàng pǐn,sample; specimen,7792.0,6.0,True
棉花,mián hua,cotton,7793.0,5.0,True
实行,shí xíng,to implement; to carry out; to put into practice,7796.0,5.0,True
铜,tóng,copper (chemistry),7797.0,5.0,True
岸,àn,bank; shore; beach; coast,7827.0,5.0,True
啃,kěn,to gnaw; to nibble; to bite,7833.0,6.0,True
签证,qiān zhèng,visa; to issue a visa,7835.0,4.0,True
岁月,suì yuè,years; time,7843.0,6.0,True
专长,zhuān cháng,specialty; special knowledge or ability,7848.0,6.0,True
灭亡,miè wáng,to be destroyed; to become extinct; to perish,7854.0,6.0,True
哎哟,āi yō,hey; ow; ouch,7865.0,6.0,True
约束,yuē shù,to restrict; to limit to; to constrain,7871.0,6.0,True
预订,yù dìng,to place an order; to book ahead,7874.0,5.0,True
效率,xiào lǜ,efficiency,7876.0,5.0,True
值班,zhí bān,to work a shift; on duty,7882.0,6.0,True
辩解,biàn jiě,to explain; to justify; to defend (a point of view etc),7889.0,6.0,True
部署,bù shǔ,to dispose; to deploy; deployment,7892.0,6.0,True
合成,hé chéng,to compose; to constitute; compound,7893.0,6.0,True
合身,hé shēn,well-fitting (of clothes),7895.0,6.0,True
补救,bǔ jiù,to remedy,7928.0,6.0,True
揭发,jiē fā,to expose; to bring to light; to disclose,7933.0,6.0,True
记载,jì zǎi,to write down; to record; written account,7936.0,6.0,True
体系,tǐ xì,system; setup,7941.0,6.0,True
供给,gōng jǐ,to furnish; to provide; supply (as in supply and demand),7949.0,6.0,True
埋伏,mái fú,to ambush; to lie in wait for; to lie low,7953.0,6.0,True
教养,jiào yǎng,to educate; to bring up; to nurture; upbringing; breeding; culture,7956.0,6.0,True
疲惫,pí bèi,beaten; exhausted; tired,7958.0,6.0,True
咸,xián,all; everyone; each,7961.0,4.0,True
温和,wēn hé,mild; gentle; moderate,7969.0,6.0,True
生效,shēng xiào,to take effect; to go into effect,7973.0,6.0,True
紧密,jǐn mì,inseparably close,7977.0,6.0,True
不顾,bù gù,in spite of; regardless of,7978.0,6.0,True
搏斗,bó dòu,to wrestle; to fight; to struggle,7987.0,6.0,True
标题,biāo tí,title; heading; headline,7989.0,6.0,True
缓解,huǎn jiě,to bring relief; to alleviate (a crisis); to dull (a pain),7992.0,5.0,True
休闲,xiū xián,leisure; relaxation; not working,7997.0,5.0,True
预防,yù fáng,to prevent; to take precautions against; to protect,8000.0,5.0,True
疑惑,yí huò,to doubt; to distrust; unconvincing,8002.0,6.0,True
碰见,pèng jiàn,to run into; to meet (unexpectedly); to bump into,8005.0,5.0,True
耀眼,yào yǎn,to dazzle; dazzling,8018.0,6.0,True
火药,huǒ yào,gunpowder,8025.0,6.0,True
昆虫,kūn chóng,insect,8037.0,6.0,True
谦虚,qiān xū,modest; self-effacing; to make modest remarks,8039.0,5.0,True
拾,shí,to pick up; to collate or arrange; ten (banker's anti-fraud numeral),8045.0,6.0,True
迷信,mí xìn,superstition; to have a superstitious belief (in sth),8074.0,6.0,True
出身,chū shēn,to be born of; to come from; family background,8077.0,6.0,True
灿烂,càn làn,to glitter; brilliant; splendid,8081.0,6.0,True
清晨,qīng chén,early morning,8082.0,6.0,True
鼻涕,bí tì,nasal mucus; snivel; snot,8084.0,6.0,True
任意,rèn yì,any; arbitrary; at will,8099.0,6.0,True
野心,yě xīn,ambition; wild schemes; careerism,8100.0,6.0,True
客观,kè guān,objective; impartial,8103.0,5.0,True
季度,jì dù,quarter of a year; season (sports),8114.0,6.0,True
瞪,dèng,to open (one's eyes) wide; to stare at; to glare at,8119.0,6.0,True
理所当然,lǐ suǒ dāng rán,as it should be by rights (idiom); proper and to be expected as a matter of; inevitable and right,8127.0,6.0,True
坚决,jiān jué,firm; resolute; determined,8129.0,5.0,True
流泪,liú lèi,to shed tears,8143.0,4.0,True
职务,zhí wù,post; position; job,8146.0,6.0,True
挑衅,tiǎo xìn,to provoke; provocation,8157.0,6.0,True
残留,cán liú,to remain; to be left over; residual; remnant; residue,8158.0,6.0,True
视野,shì yě,field of view; outlook; perspective,8160.0,6.0,True
粉碎,fěn suì,to crush; to smash; to shatter,8174.0,6.0,True
亲切,qīn qiè,amiable; cordial; close and dear,8184.0,5.0,True
动身,dòng shēn,to go on a journey; to leave,8188.0,6.0,True
公道,gōng dào,justice; fairness; public highway,8195.0,6.0,True
感想,gǎn xiǎng,impressions; reflections; thoughts,8198.0,5.0,True
擅自,shàn zì,without permission,8208.0,6.0,True
必然,bì rán,inevitable; certain; necessity,8217.0,5.0,True
比例,bǐ lì,proportion; scale,8222.0,5.0,True
蔓延,màn yán,to extend; to spread,8236.0,6.0,True
废墟,fèi xū,ruins,8245.0,6.0,True
敏锐,mǐn ruì,keen; sharp; acute,8250.0,6.0,True
翼,yì,wing; area surrounding the bullseye of a target; to assist,8251.0,6.0,True
辉煌,huī huáng,splendid; glorious,8252.0,6.0,True
爱心,ài xīn,compassion; kindness; care for others,8259.0,5.0,True
扒,bā,to peel; to skin; to tear,8261.0,6.0,True
密封,mì fēng,to seal up,8276.0,6.0,True
海关,hǎi guān,customs (i.e. border crossing inspection),8280.0,5.0,True
过期,guò qī,to be overdue; to exceed the time limit; to expire (as in expiration date),8289.0,5.0,True
消极,xiāo jí,negative; passive; inactive,8293.0,6.0,True
夏令营,xià lìng yíng,summer camp,8294.0,6.0,True
打印,dǎ yìn,to affix a seal; to stamp; to print out (with a printer),8296.0,4.0,True
轰动,hōng dòng,to cause a sensation; to create a stir in (a place); commotion,8303.0,6.0,True
审理,shěn lǐ,to hear (a case),8304.0,6.0,True
眨,zhǎ,to blink; to wink,8316.0,6.0,True
设立,shè lì,to set up; to establish,8322.0,6.0,True
日历,rì lì,calendar,8327.0,5.0,True
延期,yán qī,to delay; to extend; to postpone,8330.0,6.0,True
勿,wù,do not,8334.0,6.0,True
北极,běi jí,the North Pole; the Arctic Pole; the north magnetic pole,8338.0,6.0,True
弦,xián,bow string; string of musical instrument; watchspring,8339.0,6.0,True
拥挤,yōng jǐ,crowded; to throng; congestion,8351.0,5.0,True
登录,dēng lù,to register; to log in,8360.0,6.0,True
蒸发,zhēng fā,to evaporate; evaporation,8364.0,6.0,True
淘气,táo qì,naughty; mischievous,8367.0,6.0,True
看望,kàn wàng,to pay a visit to; to see (sb),8375.0,6.0,True
透明,tòu míng,transparent; transparent; open to scrutiny,8383.0,5.0,True
竖,shù,to erect; vertical; vertical stroke (in Chinese characters),8385.0,6.0,True
梨,lí,pear,8388.0,5.0,True
盲目,máng mù,blind; blindly; ignorant,8392.0,6.0,True
冲击,chōng jī,to attack; to batter; to pound against,8396.0,6.0,True
建设,jiàn shè,to build; to construct; to establish; to develop; to institute,8397.0,5.0,True
节省,jié shěng,saving; to save; to use sparingly,8401.0,5.0,True
畏惧,wèi jù,to fear; to dread; foreboding,8412.0,6.0,True
复习,fù xí,to review; revision,8420.0,3.0,True
频繁,pín fán,frequently; often,8437.0,6.0,True
热心,rè xīn,enthusiastic; ardent; zealous,8438.0,5.0,True
支配,zhī pèi,to control; to dominate; to allocate,8442.0,6.0,True
活泼,huó po,lively; vivacious; brisk,8443.0,4.0,True
时常,shí cháng,often; frequently,8447.0,6.0,True
劳动,láo dòng,work; toil; physical labor,8459.0,5.0,True
证书,zhèng shū,credentials; certificate,8461.0,6.0,True
壮观,zhuàng guān,spectacular; magnificent sight,8465.0,6.0,True
流传,liú chuán,to spread; to circulate; to hand down,8483.0,5.0,True
灵活,líng huó,flexible; nimble; agile,8488.0,5.0,True
住宅,zhù zhái,residence; dwelling; abode,8499.0,6.0,True
家务,jiā wù,household duties; housework,8500.0,5.0,True
思念,sī niàn,to think of; to long for; to miss,8501.0,6.0,True
归还,guī huán,to return sth; to revert,8504.0,6.0,True
成本,chéng běn,costs,8513.0,6.0,True
捧,pěng,to clasp; to cup the hands; to hold up with both hands,8521.0,6.0,True
欣慰,xīn wèi,to be gratified,8531.0,6.0,True
称赞,chēng zàn,to praise; to acclaim; to commend,8533.0,5.0,True
参考,cān kǎo,consultation; reference; to consult,8540.0,5.0,True
条约,tiáo yuē,treaty; pact,8543.0,6.0,True
一贯,yī guàn,consistent; constant; from start to finish,8545.0,6.0,True
股份,gǔ fèn,a share (in a company); stock,8552.0,6.0,True
邮局,yóu jú,post office,8559.0,5.0,True
丰满,fēng mǎn,ample; well developed; fully rounded,8560.0,6.0,True
侵略,qīn lu:è,to invade; invasion,8562.0,5.0,True
躲藏,duǒ cáng,to conceal oneself; to go into hiding; to take cover,8569.0,5.0,True
冬,dōng,winter; beating a drum; rat-a-tat,8578.0,3.0,True
牙膏,yá gāo,toothpaste,8590.0,4.0,True
更新,gēng xīn,to replace the old with new; to renew; to renovate,8596.0,6.0,True
拐杖,guǎi zhàng,crutches; crutch; walking stick,8597.0,6.0,True
授予,shòu yǔ,to award; to confer,8606.0,6.0,True
推理,tuī lǐ,reasoning; inference; to infer,8609.0,6.0,True
轻而易举,qīng ér yì jǔ,easy; with no difficulty,8626.0,6.0,True
蛋白质,dàn bái zhì,protein,8627.0,6.0,True
庞大,páng dà,huge; enormous; tremendous,8632.0,6.0,True
验证,yàn zhèng,to inspect and verify; experimental verification; to validate (a theory),8634.0,6.0,True
储存,chǔ cún,stockpile; to store; to stockpile,8635.0,6.0,True
古典,gǔ diǎn,classical,8641.0,5.0,True
坡,pō,slope; sloping; slanted,8644.0,6.0,True
潮流,cháo liú,tide; current; trend,8649.0,6.0,True
不择手段,bù zé shǒu duàn,by fair means or foul; by hook or by crook; unscrupulously,8650.0,6.0,True
包袱,bāo fu,wrapping cloth; a bundle wrapped in cloth; load,8652.0,6.0,True
扛,káng,"to carry on one's shoulder; to take on (a burden, duty etc)",8655.0,6.0,True
徘徊,pái huái,to pace back and forth; to dither; to hesitate; to fluctuate,8670.0,6.0,True
侧面,cè miàn,lateral side; side; aspect,8674.0,6.0,True
周到,zhōu dào,thoughtful; considerate; attentive,8683.0,5.0,True
臂,bì,arm,8685.0,6.0,True
备忘录,bèi wàng lù,memorandum; aide-memoire; memorandum book,8687.0,6.0,True
改革,gǎi gé,reform; to reform,8692.0,5.0,True
泡沫,pào mò,foam; bubble,8699.0,6.0,True
摩擦,mó cā,friction; rubbing; chafing,8707.0,6.0,True
捍卫,hàn wèi,to defend; to uphold; to safeguard,8715.0,6.0,True
层次,céng cì,layer; level; gradation,8718.0,6.0,True
辅助,fǔ zhù,to assist; to aid; supplementary; auxiliary,8719.0,6.0,True
劈,pī,to hack; to chop; to split open,8724.0,6.0,True
戒备,jiè bèi,to take precautions; to guard against (emergency),8726.0,6.0,True
严密,yán mì,"strict; tight (organization, surveillance etc)",8731.0,6.0,True
原理,yuán lǐ,principle; theory,8741.0,6.0,True
预先,yù xiān,beforehand; in advance,8744.0,6.0,True
无可奉告,wú kě fèng gào,"""no comment""",8746.0,6.0,True
将近,jiāng jìn,almost; nearly; close to,8749.0,6.0,True
点头,diǎn tóu,to nod,8754.0,5.0,True
气候,qì hòu,climate; climate; prevailing conditions (in human affairs),8757.0,4.0,True
创新,chuàng xīn,to bring forth new ideas; to blaze new trails; innovation,8760.0,6.0,True
渠道,qú dào,irrigation ditch; channel; means,8774.0,6.0,True
苏醒,sū xǐng,to come to; to awaken; to regain consciousness,8776.0,6.0,True
名牌,míng pái,famous brand; nameplate; name tag,8790.0,5.0,True
奔驰,bēn chí,to run quickly; to speed; to gallop,8792.0,6.0,True
塑造,sù zào,"to model; to mold; to create (a character, a market, an image etc)",8796.0,6.0,True
当前,dāng qián,the present time; to be faced with,8798.0,6.0,True
高档,gāo dàng,superior quality; high grade; top grade,8811.0,5.0,True
消毒,xiāo dú,to disinfect; to sterilize,8818.0,6.0,True
快活,kuài huo,happy; cheerful,8830.0,6.0,True
收益,shōu yì,earnings; profit,8833.0,6.0,True
况且,kuàng qiě,moreover; besides; in addition,8838.0,6.0,True
明信片,míng xìn piàn,postcard,8843.0,5.0,True
捕捉,bǔ zhuō,to catch; to seize; to capture,8846.0,6.0,True
数码,shù mǎ,number; numerals; figures,8857.0,5.0,True
讨价还价,tǎo jià huán jià,to haggle over price; to bargain,8859.0,6.0,True
实践,shí jiàn,practice; to put into practice; to live up to (a promise),8861.0,5.0,True
瀑布,pù bù,waterfall,8875.0,6.0,True
散布,sàn bù,to disseminate,8879.0,6.0,True
偏偏,piān piān,unfortunately; as it happened; stubbornly,8880.0,6.0,True
勺子,sháo zi,scoop; ladle,8887.0,5.0,True
麻痹,má bì,paralysis; palsy; numbness,8888.0,6.0,True
零食,líng shí,between-meal nibbles; snacks,8895.0,5.0,True
总理,zǒng lǐ,premier; prime minister,8904.0,5.0,True
锋利,fēng lì,sharp (e.g. knife blade); incisive; to the point,8908.0,6.0,True
笨拙,bèn zhuō,clumsy; awkward; stupid,8911.0,6.0,True
救济,jiù jì,emergency relief; to help the needy with cash or goods,8916.0,6.0,True
付款,fù kuǎn,to pay a sum of money; payment,8919.0,5.0,True
灰尘,huī chén,dust,8923.0,5.0,True
得罪,dé zui,to offend sb; to make a faux pas; a faux pas,8925.0,6.0,True
让步,ràng bù,to concede; to give in; to yield,8928.0,6.0,True
枝,zhī,"branch; classifier for sticks, rods, pencils etc",8929.0,6.0,True
隆重,lóng zhòng,grand; prosperous; ceremonious,8943.0,6.0,True
机遇,jī yù,opportunity; favorable circumstance; stroke of luck,8950.0,6.0,True
高明,gāo míng,brilliant; superior; wise,8957.0,6.0,True
大方,dà fang,generous; magnanimous; stylish,8961.0,5.0,True
意料,yì liào,to anticipate; to expect; expectations,8965.0,6.0,True
扭转,niǔ zhuǎn,to reverse; to turn around (an undesirable situation); torsion,8966.0,6.0,True
洪水,hóng shuǐ,deluge; flood,8969.0,6.0,True
诽谤,fěi bàng,to slander; to libel,8972.0,6.0,True
别扭,biè niu,awkward; difficult; uncomfortable,8980.0,6.0,True
专利,zhuān lì,patent; sth uniquely enjoyed (or possessed etc) by a certain group of people; monopoly,8990.0,6.0,True
声誉,shēng yù,reputation; fame,8998.0,6.0,True
发达,fā dá,well-developed; flourishing; to develop; to promote; to expand; to achieve fame and fortune; to prosper,9009.0,5.0,True
区分,qū fēn,to differentiate; to draw a distinction; to divide into categories,9010.0,6.0,True
厘米,lí mǐ,centimeter,9029.0,5.0,True
愈,yù,the more...(the more...); to recover; to heal,9034.0,6.0,True
拣,jiǎn,to choose; to pick; to sort out,9037.0,6.0,True
喜悦,xǐ yuè,happy; joyous,9039.0,6.0,True
个别,gè bié,individually; one by one; just one or two; exceptional; rare,9043.0,5.0,True
紫,zǐ,purple; violet,9045.0,5.0,True
机灵,jī ling,clever; quick-witted,9058.0,6.0,True
预报,yù bào,forecast,9069.0,5.0,True
地理,dì lǐ,geography,9081.0,5.0,True
盼望,pàn wàng,to hope for; to look forward to,9083.0,5.0,True
音响,yīn xiǎng,sound; acoustics; audio,9087.0,6.0,True
米饭,mǐ fàn,rice,9088.0,1.0,True
精致,jīng zhì,delicate; fine; exquisite,9100.0,6.0,True
陆地,lù dì,dry land (as opposed to the sea),9107.0,5.0,True
抢救,qiǎng jiù,to rescue,9114.0,6.0,True
把手,bǎ shou,handle; grip; knob,9116.0,6.0,True
亲身,qīn shēn,personal; oneself,9120.0,6.0,True
开支,kāi zhī,expenditures; expenses; to spend money,9127.0,6.0,True
残疾,cán jí,disabled; handicapped; deformity on a person or animal,9131.0,5.0,True
惭愧,cán kuì,ashamed,9142.0,5.0,True
迄今为止,qì jīn wéi zhǐ,so far; up to now; still (not),9144.0,6.0,True
消耗,xiāo hào,to use up; to consume,9146.0,6.0,True
股东,gǔ dōng,shareholder; stockholder,9155.0,6.0,True
请假,qǐng jià,to request leave of absence,9168.0,4.0,True
生育,shēng yù,to bear; to give birth; to grow,9178.0,6.0,True
发育,fā yù,to develop; to mature; growth,9179.0,6.0,True
一如既往,yī rú jì wǎng,just as in the past (idiom); as before; continuing as always,9182.0,6.0,True
性质,xìng zhì,nature; characteristic,9190.0,5.0,True
浏览,liú lǎn,to skim over; to browse,9191.0,5.0,True
风度,fēng dù,elegance (for men); elegant demeanor; grace,9198.0,6.0,True
分解,fēn jiě,to resolve; to decompose; to break down,9199.0,6.0,True
疲倦,pí juàn,to tire; tired,9200.0,6.0,True
动画片,dòng huà piàn,animated film,9203.0,5.0,True
辜负,gū fù,to fail to live up (to expectations); unworthy (of trust); to let down,9208.0,6.0,True
歹徒,dǎi tú,evildoer; malefactor; gangster,9216.0,6.0,True
故乡,gù xiāng,home; homeland; native place,9222.0,6.0,True
印刷,yìn shuā,to print; printing,9223.0,6.0,True
贫困,pín kùn,impoverished; poverty,9226.0,6.0,True
常识,cháng shí,common sense; general knowledge,9235.0,5.0,True
内幕,nèi mù,inside story; non-public information; behind the scenes,9237.0,6.0,True
司令,sī lìng,commanding officer,9238.0,6.0,True
醋,cù,vinegar; jealousy (in love rivalry),9239.0,5.0,True
反驳,fǎn bó,to retort; to refute,9243.0,6.0,True
反射,fǎn shè,to reflect; reflection (from a mirror etc); reflex (i.e. automatic reaction of organism),9244.0,6.0,True
政权,zhèng quán,regime; political power,9255.0,6.0,True
缺席,quē xí,to be absent,9263.0,6.0,True
迫害,pò hài,to persecute,9265.0,6.0,True
锤,chuí,hammer; to hammer into shape; weight (e.g. of a steelyard or balance),9266.0,6.0,True
粥,zhōu,congee; gruel; porridge,9270.0,6.0,True
字典,zì diǎn,Chinese character dictionary; dictionary,9272.0,3.0,True
胶水,jiāo shuǐ,glue,9273.0,5.0,True
描绘,miáo huì,to describe; to portray,9275.0,6.0,True
平行,píng xíng,parallel; of equal rank; simultaneous,9284.0,6.0,True
窜,cuàn,to flee; to scuttle; to exile or banish,9287.0,6.0,True
诸位,zhū wèi,everyone; Ladies and Gentlemen; Sirs,9288.0,6.0,True
干预,gān yù,to meddle; to intervene; intervention,9292.0,6.0,True
搂,lǒu,to hug; to embrace; to hold in one's arms,9299.0,6.0,True
鞠躬,jū gōng,to bow; to bend down,9304.0,6.0,True
进口,jìn kǒu,to import; imported; entrance,9306.0,5.0,True
池塘,chí táng,pool; pond,9309.0,6.0,True
惯例,guàn lì,convention; usual practice,9321.0,6.0,True
照样,zhào yàng,as before; as usual; in the same manner,9325.0,6.0,True
主张,zhǔ zhāng,to advocate; to stand for; view,9331.0,5.0,True
融洽,róng qià,harmonious; friendly relations; on good terms with one another,9333.0,6.0,True
理发,lǐ fà,to get a haircut; to have one's hair done; to cut (sb's) hair; to give (sb) a haircut,9340.0,4.0,True
较量,jiào liàng,to pit oneself against sb; to compete with sb; contest,9358.0,6.0,True
做主,zuò zhǔ,see 主,9359.0,6.0,True
向导,xiàng dǎo,guide,9362.0,6.0,True
熄灭,xī miè,to stop burning; to go out (of fire); to die out,9364.0,6.0,True
冻结,dòng jié,"to freeze (water etc); to freeze (assets, prices etc)",9371.0,6.0,True
揉,róu,to knead; to massage; to rub,9377.0,6.0,True
三角,sān jiǎo,triangle,9380.0,6.0,True
裁缝,cái feng,tailor; dressmaker,9384.0,6.0,True
素食,sù shí,vegetarian food; to eat a vegetarian diet,9389.0,6.0,True
淹没,yān mò,to submerge; to drown; to flood,9393.0,6.0,True
坦率,tǎn shuài,frank (discussion); blunt; open,9394.0,5.0,True
生动,shēng dòng,vivid; lively,9396.0,5.0,True
公务,gōng wù,official business,9397.0,6.0,True
放射,fàng shè,to radiate; radioactive,9401.0,6.0,True
合伙,hé huǒ,to act jointly; to form a partnership,9410.0,6.0,True
北京,Běi jīng,"Beijing, capital of the People's Republic of China",9414.0,1.0,True
考察,kǎo chá,to inspect; to observe and study; on-the-spot investigation,9420.0,6.0,True
上当,shàng dàng,taken in (by sb's deceit); to be fooled; to be duped,9425.0,5.0,True
操场,cāo chǎng,playground; sports field; drill ground,9429.0,5.0,True
光辉,guāng huī,radiance; glory; brilliant,9431.0,6.0,True
钢铁,gāng tiě,steel,9437.0,5.0,True
伺候,cì hou,to serve; to wait upon,9440.0,6.0,True
用途,yòng tú,use; application,9442.0,5.0,True
中文,Zhōng wén,Chinese language,9443.0,4.0,True
要点,yào diǎn,main point; essential,9444.0,6.0,True
触犯,chù fàn,to violate; to offend,9446.0,6.0,True
风光,fēng guāng,scene; view; sight,9455.0,6.0,True
疲劳,pí láo,fatigue; wearily; weariness,9457.0,5.0,True
打官司,dǎ guān si,to file a lawsuit; to sue; to dispute,9458.0,6.0,True
屑,xiè,bits; fragments; crumbs,9459.0,6.0,True
整齐,zhěng qí,orderly; neat; even,9465.0,4.0,True
失眠,shī mián,to suffer from insomnia,9469.0,5.0,True
款待,kuǎn dài,to entertain; to be hospitable to,9483.0,6.0,True
轮流,lún liú,to alternate; to take turns,9486.0,5.0,True
捎,shāo,to bring sth to sb; to deliver,9489.0,6.0,True
戒烟,jiè yān,to give up smoking,9490.0,5.0,True
不妨,bù fáng,there is no harm in; might as well,9491.0,6.0,True
断绝,duàn jué,to sever; to break off,9495.0,6.0,True
模范,mó fàn,model; fine example,9505.0,6.0,True
构思,gòu sī,to design; to plot; to plan out,9509.0,6.0,True
罚款,fá kuǎn,to fine; penalty; fine (monetary),9515.0,5.0,True
注重,zhù zhòng,to pay attention to; to emphasize,9522.0,6.0,True
呻吟,shēn yín,to moan; to groan,9527.0,6.0,True
心血,xīn xuè,heart's blood; expenditure (for some project); meticulous care,9543.0,6.0,True
孤立,gū lì,isolated; to isolate,9544.0,6.0,True
洗衣机,xǐ yī jī,washing machine; washer,9547.0,4.0,True
复印,fù yìn,to photocopy; to duplicate a document,9566.0,4.0,True
胜负,shèng fù,victory or defeat; the outcome of a battle,9582.0,6.0,True
不堪,bù kān,cannot bear; cannot stand; utterly,9585.0,6.0,True
赞扬,zàn yáng,to praise; to approve of; to show approval,9592.0,6.0,True
遵循,zūn xún,to follow; to abide by; to comply with,9593.0,6.0,True
掠夺,lu:è duó,to plunder; to rob,9597.0,6.0,True
刊登,kān dēng,to carry a story; to publish (in a newspaper or magazine),9608.0,6.0,True
气象,qì xiàng,meteorological feature; meteorology; atmosphere,9609.0,6.0,True
奢侈,shē chǐ,luxurious; extravagant,9627.0,6.0,True
延伸,yán shēn,to extend; to spread,9629.0,6.0,True
殖民地,zhí mín dì,colony,9633.0,6.0,True
喘气,chuǎn qì,to breathe deeply; to pant; to gasp; to take a breather; to catch one's breath,9640.0,6.0,True
麻木,má mù,numb; insensitive; apathetic,9641.0,6.0,True
秋,qiū,autumn; fall; harvest time,9644.0,3.0,True
精通,jīng tōng,to be proficient in; to master (a subject),9646.0,6.0,True
词语,cí yǔ,word (general term including monosyllables through to short phrases); term (e.g. technical term); expression,9648.0,3.0,True
溪,xī,creek; rivulet,9666.0,6.0,True
启示,qǐ shì,to reveal; to enlighten; enlightenment,9667.0,6.0,True
步伐,bù fá,pace; step; march,9673.0,6.0,True
手艺,shǒu yì,craftmanship; workmanship; handicraft,9675.0,6.0,True
挫折,cuò zhé,setback; reverse; check,9693.0,6.0,True
遍布,biàn bù,to cover the whole (area); to be found throughout,9703.0,6.0,True
动态,dòng tài,movement; motion; development,9710.0,6.0,True
研究生,yán jiū shēng,graduate student; postgraduate student; research student,9714.0,4.0,True
工夫,gōng fu,"period of time (may be months, or mere seconds); spare time; skill",9726.0,6.0,True
决策,jué cè,strategic decision; decision-making; policy decision,9727.0,6.0,True
疏忽,shū hu,to neglect; to overlook; negligence,9736.0,6.0,True
键盘,jiàn pán,keyboard,9741.0,5.0,True
叉子,chā zi,fork,9750.0,5.0,True
施展,shī zhǎn,to use fully; to put to use,9764.0,6.0,True
饶恕,ráo shù,to forgive; to pardon; to spare,9765.0,6.0,True
虚假,xū jiǎ,false; phony; pretense,9770.0,6.0,True
乞丐,qǐ gài,beggar,9773.0,6.0,True
连锁,lián suǒ,to interlock; to be linked; chain (store etc),9774.0,6.0,True
贝壳,bèi ké,shell; conch; cowry,9786.0,6.0,True
想方设法,xiǎng fāng shè fǎ,"to think up every possible method (idiom); to devise ways and means; to try this, that and the other",9795.0,6.0,True
沸腾,fèi téng,to boil; to boil over; to flare up,9798.0,6.0,True
草率,cǎo shuài,careless; negligent; sloppy,9803.0,6.0,True
习俗,xí sú,custom; tradition; local tradition,9810.0,6.0,True
巧妙,qiǎo miào,ingenious; clever; ingenuity; artifice,9817.0,5.0,True
冒充,mào chōng,to feign; to pretend to be; to pass oneself off as,9827.0,6.0,True
紧迫,jǐn pò,pressing; urgent,9828.0,6.0,True
衷心,zhōng xīn,heartfelt; wholehearted; cordial,9831.0,6.0,True
下属,xià shǔ,subordinate; underling,9840.0,6.0,True
迫切,pò qiè,urgent; pressing,9842.0,5.0,True
周边,zhōu biān,periphery; rim; surroundings,9843.0,6.0,True
纠纷,jiū fēn,dispute,9850.0,6.0,True
备份,bèi fèn,backup,9852.0,6.0,True
充实,chōng shí,rich; full; substantial,9860.0,6.0,True
储备,chǔ bèi,reserves; to store up,9865.0,6.0,True
观光,guān guāng,to tour; sightseeing; tourism,9869.0,6.0,True
领土,lǐng tǔ,territory,9878.0,6.0,True
渗透,shèn tòu,to permeate; to seep into; to penetrate (in a population),9891.0,6.0,True
领事馆,lǐng shì guǎn,consulate,9895.0,6.0,True
宣扬,xuān yáng,to publicize; to advertise; to spread far and wide,9901.0,6.0,True
表扬,biǎo yáng,to praise; to commend,9913.0,4.0,True
颁发,bān fā,to issue; to promulgate; to award,9914.0,6.0,True
单元,dān yuán,unit (forming an entity); element; entrance or staircase,9916.0,5.0,True
妥当,tuǒ dang,appropriate; proper; ready,9925.0,6.0,True
打针,dǎ zhēn,to give or have an injection,9935.0,4.0,True
起草,qǐ cǎo,to make a draft; to draw up (plans),9938.0,6.0,True
苗条,miáo tiao,slim; slender; graceful,9940.0,5.0,True
智能,zhì néng,"intelligent; able; smart (phone, system, bomb etc)",9941.0,6.0,True
向往,xiàng wǎng,to yearn for; to look forward to,9945.0,6.0,True
起源,qǐ yuán,origin; to originate; to come from,9953.0,6.0,True
未必,wèi bì,not necessarily; maybe not,9966.0,5.0,True
普遍,pǔ biàn,universal; general; widespread,9976.0,4.0,True
经费,jīng fèi,funds; expenditure,9980.0,6.0,True
描写,miáo xiě,to describe; to depict; to portray,9991.0,5.0,True
顾虑,gù lǜ,misgivings; apprehensions,9992.0,6.0,True
思绪,sī xù,train of thought; emotional state; mood,9995.0,6.0,True
施加,shī jiā,to exert (effort or pressure),9996.0,6.0,True
必定,bì dìng,to be bound to; to be sure to,10005.0,6.0,True
丝绸,sī chóu,silk cloth; silk,10015.0,5.0,True
美满,měi mǎn,happy; blissful,10016.0,6.0,True
幸亏,xìng kuī,fortunately; luckily,10027.0,5.0,True
原料,yuán liào,raw material,10057.0,5.0,True
收缩,shōu suō,to pull back; to shrink; to contract,10061.0,6.0,True
繁殖,fán zhí,to breed; to reproduce; to propagate,10062.0,6.0,True
大致,dà zhì,more or less; roughly; approximately,10083.0,6.0,True
堵塞,dǔ sè,to clog up; blockage,10084.0,6.0,True
圆满,yuán mǎn,satisfactory; consummate; perfect,10097.0,6.0,True
应用,yìng yòng,to put to use; to apply; practical,10101.0,5.0,True
征求,zhēng qiú,"to solicit; to seek; to request (opinions, feedback etc)",10102.0,5.0,True
词汇,cí huì,vocabulary; list of words (e.g. for language teaching purposes); word,10112.0,6.0,True
被子,bèi zi,quilt,10116.0,5.0,True
钦佩,qīn pèi,to admire; to look up to; to respect sb greatly,10118.0,6.0,True
沐浴,mù yù,to take a bath; to bathe; to immerse,10122.0,6.0,True
堵车,dǔ chē,traffic jam; to get congested,10126.0,4.0,True
完善,wán shàn,comprehensive; well-developed; excellent,10128.0,5.0,True
货币,huò bì,currency; monetary; money,10130.0,6.0,True
海鲜,hǎi xiān,seafood,10132.0,5.0,True
树立,shù lì,to set up; to establish,10138.0,6.0,True
维生素,wéi shēng sù,vitamin,10150.0,6.0,True
便条,biàn tiáo,note,10153.0,6.0,True
不得已,bù dé yǐ,to act against one's will; to have no alternative but to; to have to,10156.0,6.0,True
反馈,fǎn kuì,to send back information; feedback,10158.0,6.0,True
主导,zhǔ dǎo,leading; dominant; prevailing,10159.0,6.0,True
表态,biǎo tài,to declare one's position; to say where one stands,10167.0,6.0,True
步骤,bù zhòu,procedure; step,10190.0,5.0,True
冷却,lěng què,to cool (lit. and fig.),10198.0,6.0,True
协商,xié shāng,to consult with; to talk things over; agreement,10199.0,6.0,True
大臣,dà chén,chancellor (of a monarchy); cabinet minister,10231.0,6.0,True
皱纹,zhòu wén,wrinkle,10237.0,6.0,True
平方,píng fāng,"square (as in square foot, square mile, square root)",10242.0,5.0,True
管辖,guǎn xiá,to administer; to have jurisdiction (over),10243.0,6.0,True
叶子,yè zi,leaf; marijuana,10249.0,4.0,True
武术,wǔ shù,military skill or technique (in former times); all kinds of martial art sports (some claiming spiritual development); self-defense,10257.0,5.0,True
抽空,chōu kòng,to find the time to do sth,10272.0,6.0,True
偏僻,piān pì,remote; desolate; far from the city,10273.0,6.0,True
潮湿,cháo shī,damp; moist,10277.0,6.0,True
打折,dǎ zhé,to give a discount,10282.0,4.0,True
山脉,shān mài,mountain range,10290.0,6.0,True
笼罩,lǒng zhào,to envelop; to shroud,10299.0,6.0,True
起伏,qǐ fú,to move up and down; to undulate; ups and downs,10304.0,6.0,True
扩张,kuò zhāng,expansion; dilation; to expand (e.g. one's power or influence),10308.0,6.0,True
学术,xué shù,learning; science; academic,10309.0,5.0,True
派遣,pài qiǎn,to send (on a mission); to dispatch,10314.0,6.0,True
间接,jiàn jiē,indirect,10316.0,6.0,True
差距,chā jù,disparity; gap,10318.0,6.0,True
悲观,bēi guān,pessimistic,10323.0,5.0,True
坚固,jiān gù,firm; firmly; hard,10326.0,6.0,True
崇高,chóng gāo,majestic; sublime,10334.0,6.0,True
调节,tiáo jié,to adjust; to regulate; to harmonize,10338.0,6.0,True
共鸣,gòng míng,to resonate; resonance; sympathetic response,10339.0,6.0,True
债券,zhài quàn,bond; debenture,10340.0,6.0,True
务必,wù bì,must; to need to; to be sure to,10341.0,6.0,True
持久,chí jiǔ,lasting; enduring; persistent,10344.0,6.0,True
句子,jù zi,sentence,10346.0,3.0,True
众所周知,zhòng suǒ zhōu zhī,as everyone knows (idiom),10355.0,6.0,True
掰,bāi,to break off or break open sth with one's hands; to break off (a relationship),10357.0,6.0,True
攒,zǎn,to collect; to hoard; to accumulate,10361.0,6.0,True
话筒,huà tǒng,microphone; receiver; handset,10362.0,6.0,True
慎重,shèn zhòng,cautious; careful; prudent,10365.0,6.0,True
划船,huá chuán,to row a boat; rowing boat; rowing (sport),10371.0,5.0,True
埋怨,mán yuàn,to complain; to grumble (about); to reproach,10374.0,6.0,True
促使,cù shǐ,to induce; to promote; to urge,10377.0,5.0,True
重心,zhòng xīn,center of gravity; central core; main part,10379.0,6.0,True
称号,chēng hào,name; term of address; title,10396.0,6.0,True
调动,diào dòng,to transfer; to maneuver (troops etc); movement of personnel,10401.0,6.0,True
预兆,yù zhào,omen; sign (of sth yet to occur); prior indication,10407.0,6.0,True
微不足道,wēi bù zú dào,negligible; insignificant,10410.0,6.0,True
推广,tuī guǎng,to extend; to spread; to popularize,10417.0,5.0,True
排列,pái liè,to arrange in order; permutation,10420.0,4.0,True
粮食,liáng shi,foodstuff; cereals,10421.0,5.0,True
追究,zhuī jiū,to investigate; to look into,10431.0,6.0,True
空闲,kòng xián,idle; free time; leisure,10432.0,5.0,True
国防,guó fáng,national defense,10441.0,6.0,True
筹备,chóu bèi,preparations; to get ready for sth,10444.0,6.0,True
选拔,xuǎn bá,to select the best,10459.0,6.0,True
叙述,xù shù,to relate (a story or information); to tell or talk about; to recount,10468.0,5.0,True
配偶,pèi ǒu,spouse,10476.0,6.0,True
联想,lián xiǎng,to associate (cognitively); to make an associative connection; mental association,10479.0,6.0,True
小气,xiǎo qì,stingy; miserly; narrow-minded,10481.0,5.0,True
抵制,dǐ zhì,to resist; to boycott; to refuse (to cooperate),10483.0,6.0,True
前景,qián jǐng,foreground; vista; prospects,10488.0,6.0,True
难免,nán miǎn,hard to avoid; difficult to escape from; will inevitably,10489.0,6.0,True
行列,háng liè,"formation; array; ranks (as in ""join the ranks of ..."")",10491.0,6.0,True
巷,xiàng,lane; alley,10499.0,6.0,True
示威,shì wēi,to demonstrate (as a protest); a demonstration; a military show of force,10500.0,6.0,True
漂浮,piāo fú,"to float; to hover; to drift (also fig., to lead a wandering life)",10519.0,6.0,True
权益,quán yì,rights; interests; rights and benefits,10535.0,6.0,True
计较,jì jiào,to bother about; to haggle; to bicker,10536.0,6.0,True
器材,qì cái,equipment; material,10545.0,6.0,True
寂静,jì jìng,quiet,10547.0,6.0,True
恨不得,hèn bu de,wishing one could do sth; to hate to be unable; itching to do sth,10549.0,6.0,True
废除,fèi chú,to abolish; to abrogate; to repeal,10555.0,6.0,True
闪烁,shǎn shuò,flickering; twinkling; evasive,10562.0,6.0,True
敏捷,mǐn jié,nimble; quick; shrewd,10564.0,6.0,True
四肢,sì zhī,the four limbs of the body,10577.0,6.0,True
干燥,gān zào,"to dry (of weather, paint, cement etc); desiccation; dull",10578.0,4.0,True
制裁,zhì cái,to punish; punishment; sanctions (incl. economic),10592.0,6.0,True
丰盛,fēng shèng,rich; sumptuous,10622.0,6.0,True
嗅觉,xiù jué,sense of smell,10630.0,6.0,True
渺小,miǎo xiǎo,minute; tiny; negligible,10668.0,6.0,True
议论,yì lùn,to comment; to talk about; to discuss,10680.0,5.0,True
过滤,guò lǜ,to filter; filter,10684.0,6.0,True
特长,tè cháng,personal strength; one's special ability or strong points,10697.0,6.0,True
加工,jiā gōng,to process; processing; working (of machinery),10700.0,6.0,True
分泌,fēn mì,to secrete; secretion,10706.0,6.0,True
改正,gǎi zhèng,to correct; to amend; to put right,10720.0,5.0,True
行李箱,xíng li xiāng,suitcase; baggage compartment; overhead bin,10721.0,3.0,True
振奋,zhèn fèn,to stir oneself up; to raise one's spirits; to inspire,10735.0,6.0,True
人事,rén shì,personnel; human resources; human affairs,10739.0,5.0,True
胡乱,hú luàn,careless; reckless; casually,10740.0,6.0,True
腐蚀,fǔ shí,corrosion; to corrode (degrade chemically); to rot,10744.0,6.0,True
瘸,qué,lame,10748.0,6.0,True
流露,liú lù,"to reveal (indirectly, implicitly); to show (interest, contempt etc) by means of one's actions, tone of voice etc",10750.0,6.0,True
启程,qǐ chéng,to set out on a journey,10771.0,6.0,True
倾斜,qīng xié,to incline; to lean; to slant,10782.0,6.0,True
初级,chū jí,junior; primary,10789.0,5.0,True
高峰,gāo fēng,peak; summit; height,10792.0,6.0,True
借助,jiè zhù,to draw support from; with the help of,10794.0,6.0,True
相应,xiāng yìng,to correspond; answering (one another); to agree (among the part),10801.0,6.0,True
气概,qì gài,lofty quality; mettle; spirit,10818.0,6.0,True
优惠,yōu huì,privilege; favorable (terms); preferential (treatment),10819.0,5.0,True
遗失,yí shī,to lose; to leave behind (inadvertently),10823.0,6.0,True
混淆,hùn xiáo,to obscure; to confuse; to mix up,10824.0,6.0,True
机动,jī dòng,locomotive; motorized; power-driven,10828.0,6.0,True
冤枉,yuān wang,to accuse wrongly; to treat unjustly; injustice,10832.0,6.0,True
事迹,shì jì,deed; past achievement; important event of the past,10834.0,6.0,True
承办,chéng bàn,to undertake; to accept a contract,10839.0,6.0,True
摇晃,yáo huàng,to rock; to shake; to sway,10844.0,6.0,True
长途,cháng tú,long distance,10845.0,5.0,True
倒闭,dǎo bì,to go bankrupt; to close down,10850.0,6.0,True
书籍,shū jí,books; works,10867.0,6.0,True
礼节,lǐ jié,etiquette,10876.0,6.0,True
逼迫,bī pò,to force; to compel; to coerce,10904.0,6.0,True
富裕,fù yù,prosperous; well-to-do; well-off,10909.0,6.0,True
表决,biǎo jué,to decide by vote; to vote,10921.0,6.0,True
广泛,guǎng fàn,extensive; wide range,10928.0,5.0,True
和蔼,hé ǎi,kindly; nice; amiable,10931.0,6.0,True
平原,píng yuán,field; plain,10945.0,6.0,True
皮革,pí gé,leather,10951.0,6.0,True
美术,měi shù,art; fine arts; painting,10964.0,5.0,True
枯燥,kū zào,dry and dull; uninteresting; dry-as-dust,10965.0,6.0,True
惦记,diàn jì,to think of; to keep thinking about; to be concerned about,10973.0,6.0,True
盛,shèng,flourishing; vigorous; magnificent,10989.0,6.0,True
记性,jì xing,memory (ability to retain information),10993.0,6.0,True
正规,zhèng guī,regular; according to standards,10995.0,6.0,True
品种,pǐn zhǒng,breed; variety,11019.0,5.0,True
衰老,shuāi lǎo,to age; to deteriorate with age; old and weak,11024.0,6.0,True
公告,gōng gào,post; announcement,11026.0,6.0,True
窄,zhǎi,narrow; narrow-minded; badly off,11030.0,4.0,True
粉末,fěn mò,fine powder; dust,11047.0,6.0,True
转达,zhuǎn dá,to pass on; to convey; to communicate,11049.0,6.0,True
平面,píng miàn,plane (flat surface); print media,11068.0,6.0,True
调皮,tiáo pí,naughty; mischievous; unruly,11072.0,5.0,True
光滑,guāng huá,glossy; sleek; smooth,11084.0,5.0,True
讲座,jiǎng zuò,a course of lectures,11086.0,5.0,True
斜,xié,inclined; slanting; oblique,11087.0,5.0,True
嚷,rǎng,to shout; to bellow; to make a big deal of sth,11089.0,5.0,True
掀起,xiān qǐ,"to lift; to raise (a lid etc); to surge; to stir up (waves etc); to trigger; set off (a wave of popularity, a controversy etc)",11092.0,6.0,True
空洞,kōng dòng,cavity; empty; vacuous,11098.0,6.0,True
猛烈,měng liè,fierce; violent; vigorous; intense,11099.0,6.0,True
诚恳,chéng kěn,sincere; honest; cordial,11101.0,5.0,True
关怀,guān huái,care; solicitude; to show care for,11102.0,5.0,True
心态,xīn tài,attitude (of the heart); state of one's psyche; way of thinking,11109.0,6.0,True
冷淡,lěng dàn,cold; indifferent,11121.0,6.0,True
贬低,biǎn dī,to belittle; to disparage; to play down,11133.0,6.0,True
凉快,liáng kuai,nice and cold; pleasantly cool,11134.0,4.0,True
熟练,shú liàn,practiced; proficient; skilled,11135.0,5.0,True
探讨,tàn tǎo,to investigate; to probe,11136.0,6.0,True
支柱,zhī zhù,mainstay; pillar; prop,11143.0,6.0,True
爱戴,ài dài,to love and respect; love and respect,11151.0,6.0,True
册,cè,book; booklet; classifier for books,11152.0,5.0,True
辫子,biàn zi,plait; braid; pigtail,11171.0,6.0,True
胸膛,xiōng táng,chest,11173.0,6.0,True
塑料袋,sù liào dài,plastic bag,11194.0,4.0,True
国务院,Guó wù yuàn,State Council (PRC); State Department (USA),11205.0,6.0,True
岳父,yuè fù,"wife's father, father-in-law",11210.0,6.0,True
胡须,hú xū,beard,11219.0,5.0,True
商标,shāng biāo,trademark; logo,11234.0,6.0,True
宽敞,kuān chang,spacious; wide,11251.0,6.0,True
无动于衷,wú dòng yú zhōng,aloof; indifferent; unconcerned,11257.0,6.0,True
体谅,tǐ liàng,to empathize; to allow (for sth); to show understanding,11259.0,6.0,True
民间,mín jiān,among the people; popular; folk,11271.0,6.0,True
受罪,shòu zuì,to endure; to suffer; hardships,11284.0,6.0,True
繁忙,fán máng,busy; bustling,11295.0,6.0,True
根源,gēn yuán,origin; root (cause),11297.0,6.0,True
氢,qīng,hydrogen (chemistry),11298.0,6.0,True
濒临,bīn lín,on the edge of; on the verge of; close to,11305.0,6.0,True
中立,zhōng lì,neutral; neutrality,11306.0,6.0,True
健全,jiàn quán,robust; sound,11308.0,6.0,True
风味,fēng wèi,distinctive flavor; distinctive style,11325.0,6.0,True
见解,jiàn jiě,opinion; view; understanding,11333.0,6.0,True
乙,yǐ,"second of the ten Heavenly Stems; second in order; letter ""B"" or Roman ""II"" in list ""A, B, C"", or ""I, II, III"" etc",11335.0,5.0,True
定期,dìng qī,at set dates; at regular intervals; periodic,11343.0,6.0,True
导游,dǎo yóu,tour guide; guidebook; to conduct a tour,11347.0,4.0,True
凑合,còu he,to bring together; to make do in a bad situation; to just get by,11350.0,6.0,True
熨,yùn,an iron; to iron,11352.0,6.0,True
过渡,guò dù,to cross over (by ferry); transition; interim,11361.0,6.0,True
自主,zì zhǔ,independent; to act for oneself; autonomous,11365.0,6.0,True
办理,bàn lǐ,to handle; to transact; to conduct,11380.0,5.0,True
面积,miàn jī,"area (of a floor, piece of land etc); surface area; tract of land",11389.0,5.0,True
开展,kāi zhǎn,to launch; to develop; to unfold,11393.0,6.0,True
农业,nóng yè,agriculture; farming,11396.0,5.0,True
台风,tái fēng,"stage presence, poise; typhoon",11404.0,6.0,True
急切,jí qiè,eager; impatient,11408.0,6.0,True
谅解,liàng jiě,to understand; to make allowances for; understanding,11414.0,6.0,True
西瓜,xī guā,watermelon,11432.0,2.0,True
断定,duàn dìng,to conclude; to determine; to come to a judgment,11435.0,6.0,True
徒弟,tú dì,apprentice; disciple,11439.0,6.0,True
池子,chí zi,pond; bathhouse pool; dance floor of a ballroom,11442.0,5.0,True
大肆,dà sì,wantonly; without restraint (of enemy or malefactor); unbridled,11447.0,6.0,True
畅销,chàng xiāo,to sell well; bestselling; chart-topping,11449.0,6.0,True
不时,bù shí,from time to time; now and then; occasionally,11450.0,6.0,True
款式,kuǎn shì,pattern; style; design,11456.0,6.0,True
合影,hé yǐng,to take a joint photo; group photo,11463.0,5.0,True
犹如,yóu rú,similar to; like,11471.0,6.0,True
修建,xiū jiàn,to build; to construct,11532.0,6.0,True
肖像,xiào xiàng,"portrait (painting, photo etc); representation of a person; likeness",11540.0,6.0,True
照耀,zhào yào,to shine; to illuminate,11554.0,6.0,True
舍不得,shě bu de,to hate to do sth; to hate to part with; to begrudge,11568.0,5.0,True
储蓄,chǔ xù,to deposit money; to save; savings,11570.0,6.0,True
可口,kě kǒu,tasty; to taste good,11589.0,6.0,True
趋势,qū shì,trend; tendency,11596.0,5.0,True
懒惰,lǎn duò,idle; lazy,11610.0,6.0,True
交际,jiāo jì,communication; social intercourse,11622.0,5.0,True
盘旋,pán xuán,to spiral; to circle; to go around,11623.0,6.0,True
橙,chéng,orange tree; orange (color),11627.0,6.0,True
小心翼翼,xiǎo xīn yì yì,cautious and solemn (idiom); very carefully; prudent; gently and cautiously,11628.0,6.0,True
默默,mò mò,in silence; not speaking,11636.0,6.0,True
题材,tí cái,subject matter,11641.0,6.0,True
糟蹋,zāo tà,to waste; to defile; to abuse,11656.0,6.0,True
弹性,tán xìng,flexibility; elasticity,11657.0,6.0,True
主观,zhǔ guān,subjective,11667.0,5.0,True
文物,wén wù,cultural relic; historical relic,11671.0,6.0,True
繁荣,fán róng,prosperous; booming (economy),11692.0,5.0,True
格外,gé wài,especially; particularly,11695.0,5.0,True
生锈,shēng xiù,to rust; to grow rusty; to corrode,11698.0,6.0,True
个体,gè tǐ,individual,11704.0,6.0,True
小麦,xiǎo mài,wheat,11706.0,5.0,True
小吃,xiǎo chī,snack; refreshments,11724.0,5.0,True
叼,diāo,to hold with one's mouth (as a smoker with a cigarette or a dog with a bone),11733.0,6.0,True
海滨,hǎi bīn,shore; seaside,11751.0,6.0,True
凡是,fán shì,each and every; every; all,11759.0,5.0,True
就职,jiù zhí,to take office; to assume a post,11768.0,6.0,True
赠送,zèng sòng,to present as a gift,11770.0,6.0,True
轮廓,lún kuò,an outline; silhouette,11792.0,6.0,True
门诊,mén zhěn,outpatient service,11798.0,6.0,True
演变,yǎn biàn,to develop; to evolve; development,11812.0,6.0,True
二氧化碳,èr yǎng huà tàn,carbon dioxide CO2,11813.0,6.0,True
委员,wěi yuán,committee member,11830.0,6.0,True
无从,wú cóng,not to have access; beyond one's authority or capability; sth one has no way of doing,11832.0,6.0,True
慌张,huāng zhāng,flustered; agitated,11861.0,5.0,True
烘,hōng,to bake; to heat by fire; to set off by contrast,11867.0,6.0,True
晋升,jìn shēng,to promote to a higher position,11871.0,6.0,True
灵敏,líng mǐn,smart; clever; sensitive,11872.0,6.0,True
分明,fēn míng,clear; distinct; evidently,11889.0,6.0,True
规范,guī fàn,norm; standard; specification,11911.0,6.0,True
本领,běn lǐng,skill; ability; capability,11918.0,5.0,True
梳子,shū zi,comb,11933.0,5.0,True
创立,chuàng lì,to establish; to set up; to found,11942.0,6.0,True
不禁,bù jīn,can't help (doing sth); can't refrain from,11943.0,6.0,True
气压,qì yā,atmospheric pressure; barometric pressure,11944.0,6.0,True
难看,nán kàn,ugly; unsightly,11966.0,5.0,True
西红柿,xī hóng shì,tomato,11972.0,4.0,True
境界,jìng jiè,boundary; state; realm,11973.0,6.0,True
钩子,gōu zi,hook,11978.0,6.0,True
口头,kǒu tóu,oral; verbal,11991.0,6.0,True
恰巧,qià qiǎo,by chance; as chance would have it,11997.0,6.0,True
分布,fēn bù,to scatter; to distribute; to be distributed (over an area etc),12004.0,5.0,True
剧烈,jù liè,violent; acute; severe; fierce,12016.0,6.0,True
促进,cù jìn,to promote (an idea or cause); to advance; boost,12022.0,5.0,True
任性,rèn xìng,willful; headstrong; unruly,12023.0,6.0,True
情理,qíng lǐ,reason; sense,12033.0,6.0,True
严峻,yán jùn,grim; severe; rigorous,12044.0,6.0,True
驻扎,zhù zhā,to station; to garrison (troops),12045.0,6.0,True
庄严,zhuāng yán,solemn; dignified; stately,12063.0,6.0,True
老百姓,lǎo bǎi xìng,"ordinary people; the ""person in the street""",12088.0,5.0,True
招聘,zhāo pìn,to invite applications for a job; to recruit,12089.0,4.0,True
气势,qì shì,imposing manner; loftiness; grandeur,12112.0,6.0,True
不愧,bù kuì,to be worthy of; to deserve to be called; to prove oneself to be,12113.0,6.0,True
反面,fǎn miàn,reverse side; backside; the other side (of a problem etc),12138.0,6.0,True
黄瓜,huáng guā,cucumber,12139.0,5.0,True
充当,chōng dāng,to serve as; to act as; to play the role of,12141.0,6.0,True
蹬,dēng,to step on; to tread on; to wear (shoes),12144.0,6.0,True
呼吁,hū yù,to call on (sb to do sth); to appeal (to); an appeal,12145.0,6.0,True
卓越,zhuó yuè,outstanding; surpassing; distinguished,12150.0,6.0,True
含糊,hán hu,ambiguous; vague; careless,12157.0,6.0,True
辛勤,xīn qín,hardworking; industrious,12162.0,6.0,True
周期,zhōu qī,period; cycle,12172.0,6.0,True
领悟,lǐng wù,to understand; to comprehend,12175.0,6.0,True
坚硬,jiān yìng,hard; solid,12188.0,6.0,True
姥姥,lǎo lao,mother's mother; maternal grandmother,12198.0,5.0,True
敬爱,jìng ài,to respect and love; to hold in high esteem,12199.0,5.0,True
资本,zī běn,capital (economics),12201.0,6.0,True
当代,dāng dài,the present age; the contemporary era,12212.0,5.0,True
桔子,jú zi,tangerine,12222.0,5.0,True
公然,gōng rán,openly; publicly; undisguised,12225.0,6.0,True
筷子,kuài zi,chopsticks,12226.0,3.0,True
搁,gē,to place; to put aside; to shelve,12229.0,6.0,True
筛选,shāi xuǎn,to filter,12230.0,6.0,True
过瘾,guò yǐn,to satisfy a craving; to get a kick out of sth; gratifying,12238.0,6.0,True
文凭,wén píng,diploma,12244.0,6.0,True
中介,zhōng jiè,to act as intermediary; to link; intermediate,12246.0,5.0,True
论坛,lùn tán,forum (for discussion),12248.0,6.0,True
顽强,wán qiáng,tenacious; hard to defeat,12257.0,6.0,True
安详,ān xiáng,serene,12259.0,6.0,True
丙,bǐng,"third of the ten Heavenly Stems; third in order; letter ""C"" or Roman ""III"" in list ""A, B, C"", or ""I, II, III"" etc",12260.0,5.0,True
节约,jié yuē,to economize; to conserve (resources); economy,12261.0,4.0,True
资深,zī shēn,veteran (journalist etc); senior; highly experienced,12266.0,6.0,True
实质,shí zhì,substance; essence,12279.0,6.0,True
素质,sù zhì,inner quality; basic essence,12280.0,6.0,True
上任,shàng rèn,to take office; previous (incumbent); predecessor,12286.0,6.0,True
齐心协力,qí xīn xié lì,to work with a common purpose (idiom); to make concerted efforts; to pull together; to work as one,12290.0,6.0,True
逢,féng,to meet by chance; to come across; to come along,12291.0,6.0,True
寄托,jì tuō,"to entrust (to sb); to place (one's hope, energy etc) in; a thing in which you invest (your hope, energy etc)",12295.0,6.0,True
高涨,gāo zhǎng,to surge up; to rise; to run high,12305.0,6.0,True
高超,gāo chāo,excellent; superlative,12308.0,6.0,True
谜语,mí yǔ,riddle; conundrum,12335.0,5.0,True
爱护,ài hù,to cherish; to treasure; to take care of,12339.0,5.0,True
拥护,yōng hù,to endorse; to support,12342.0,6.0,True
鉴别,jiàn bié,to differentiate; to distinguish,12344.0,6.0,True
名额,míng é,"quota; number of places; place (in an institution, a group etc)",12345.0,6.0,True
郑重,zhèng zhòng,serious; solemn; earnest,12360.0,6.0,True
通用,tōng yòng,"to use anywhere, anytime (card, ticket etc); to be used by everyone (language, textbook etc); interchangeable",12363.0,6.0,True
仓促,cāng cù,all of a sudden; hurriedly,12366.0,6.0,True
蔑视,miè shì,to loathe; to despise; contempt,12379.0,6.0,True
硕士,shuò shì,master's degree; person who has a master's degree; learned person,12397.0,4.0,True
片断,piàn duàn,section; fragment; segment,12415.0,6.0,True
著作,zhù zuò,to write; literary work; book,12426.0,6.0,True
丑恶,chǒu è,ugly; repulsive,12441.0,6.0,True
采纳,cǎi nà,to accept; to adopt,12446.0,6.0,True
采购,cǎi gòu,to procure (for an enterprise etc); to purchase,12460.0,6.0,True
搅拌,jiǎo bàn,to stir; to agitate,12462.0,6.0,True
桥梁,qiáo liáng,bridge (lit. and fig.),12466.0,6.0,True
践踏,jiàn tà,to trample,12499.0,6.0,True
开幕式,kāi mù shì,opening ceremony,12510.0,5.0,True
密度,mì dù,density; thickness,12514.0,6.0,True
甭,béng,need not; please don't,12517.0,6.0,True
机智,jī zhì,quick-witted; resourceful,12519.0,6.0,True
柔和,róu hé,gentle; soft,12526.0,6.0,True
寻觅,xún mì,to look for,12540.0,6.0,True
勤奋,qín fèn,hardworking; diligent,12544.0,5.0,True
人道,rén dào,human sympathy; humanitarianism; humane,12549.0,6.0,True
被动,bèi dòng,passive,12557.0,6.0,True
大意,dà yì,general idea; main idea,12567.0,6.0,True
走漏,zǒu lòu,"to leak (information, secrets etc); to smuggle and evade tax; to suffer shrinkage (partial loss of goods due to theft etc)",12570.0,6.0,True
领会,lǐng huì,to understand; to comprehend; to grasp,12578.0,6.0,True
恰到好处,qià dào hǎo chù,it's just perfect; it's just right,12588.0,6.0,True
字幕,zì mù,caption; subtitle,12597.0,5.0,True
推论,tuī lùn,to infer; inference; corollary,12625.0,6.0,True
花瓣,huā bàn,petal,12626.0,6.0,True
配备,pèi bèi,to allocate; to provide; to outfit with,12652.0,6.0,True
外行,wài háng,layman; amateur,12653.0,6.0,True
颠簸,diān bǒ,"to be jolted around (car on a bumpy road, boat on a rough sea, aircraft; to undergo a rough experience",12654.0,6.0,True
自觉,zì jué,conscious; aware; on one's own initiative,12664.0,5.0,True
飞跃,fēi yuè,to leap,12682.0,6.0,True
皮鞋,pí xié,leather shoes,12692.0,5.0,True
实用,shí yòng,practical; functional; pragmatic,12697.0,5.0,True
调料,tiáo liào,condiment; seasoning; flavoring,12701.0,6.0,True
开阔,kāi kuò,wide; open (spaces); to open up,12702.0,6.0,True
精华,jīng huá,best feature; most important part of an object; quintessence,12712.0,6.0,True
支出,zhī chū,to spend; to pay out; expenses; expenditure,12713.0,6.0,True
座右铭,zuò yòu míng,motto; maxim,12724.0,6.0,True
土壤,tǔ rǎng,soil,12735.0,6.0,True
阵地,zhèn dì,position; front,12739.0,6.0,True
象棋,xiàng qí,Chinese chess,12749.0,5.0,True
留神,liú shén,to take care; to be careful,12751.0,6.0,True
信誉,xìn yù,prestige; distinction; reputation,12770.0,6.0,True
分量,fèn liang,quantity; weight; measure,12772.0,6.0,True
标本,biāo běn,specimen; sample; the root cause and symptoms of a disease,12790.0,6.0,True
兑换,duì huàn,to convert; to exchange,12791.0,6.0,True
凝视,níng shì,to gaze at; to fix one's eyes on,12795.0,6.0,True
理睬,lǐ cǎi,to heed; to pay attention to,12807.0,6.0,True
生态,shēng tài,ecology,12811.0,6.0,True
哨,shào,a whistle; sentry,12821.0,6.0,True
私自,sī zì,private; personal; secretly; without explicit approval,12827.0,6.0,True
对策,duì cè,countermeasure for dealing with a situation,12831.0,6.0,True
泄气,xiè qì,to leak (gas); to be discouraged; to despair,12835.0,6.0,True
傍晚,bàng wǎn,in the evening; when night falls; towards evening,12839.0,5.0,True
挥霍,huī huò,to squander money; extravagant; prodigal,12848.0,6.0,True
形态,xíng tài,shape; form; pattern,12851.0,6.0,True
请教,qǐng jiào,to ask for guidance; to consult,12866.0,6.0,True
照常,zhào cháng,as usual,12872.0,5.0,True
黄昏,huáng hūn,dusk; evening; nightfall,12876.0,6.0,True
遗留,yí liú,to leave behind; to hand down,12924.0,6.0,True
薄弱,bó ruò,weak; frail,12932.0,6.0,True
全局,quán jú,overall situation,12944.0,6.0,True
起义,qǐ yì,uprising; insurrection; revolt,12952.0,6.0,True
牢固,láo gù,firm; secure,12955.0,6.0,True
遭殃,zāo yāng,to suffer a calamity,12958.0,6.0,True
精密,jīng mì,accuracy; exact; precise,12963.0,6.0,True
杂技,zá jì,acrobatics,12970.0,6.0,True
还原,huán yuán,to restore to the original state; to reconstruct (an event); reduction (chemistry),12980.0,6.0,True
镇压,zhèn yā,suppression; repression; to suppress,12987.0,6.0,True
以致,yǐ zhì,to such an extent as to; down to; up to,12988.0,6.0,True
神仙,shén xiān,"Daoist immortal; supernatural entity; fairy, elf, leprechaun etc",13033.0,6.0,True
提拔,tí bá,to promote to a higher job; to select for promotion,13035.0,6.0,True
显著,xiǎn zhù,outstanding; notable; remarkable,13036.0,6.0,True
瓦解,wǎ jiě,to collapse; to disintegrate; to crumble; to disrupt; to break up,13044.0,6.0,True
夹子,jiā zi,clip; clamp; tongs,13049.0,5.0,True
削弱,xuē ruò,to weaken; to impair; to cripple,13060.0,6.0,True
晾,liàng,to dry in the air; to cold-shoulder,13063.0,6.0,True
一度,yī dù,for a time; at one time; one time,13067.0,6.0,True
得力,dé lì,able; capable; competent,13084.0,6.0,True
人为,rén wéi,artificial; man-made; having human cause or origin,13086.0,6.0,True
可观,kě guān,considerable; impressive; significant,13091.0,6.0,True
裁员,cái yuán,to cut staff; to lay off employees,13093.0,6.0,True
波浪,bō làng,wave,13097.0,6.0,True
数额,shù é,amount; sum of money; fixed number,13141.0,6.0,True
垂直,chuí zhí,perpendicular; vertical,13147.0,6.0,True
尖锐,jiān ruì,sharp; intense; penetrating,13148.0,5.0,True
请柬,qǐng jiǎn,invitation card; written invitation,13149.0,6.0,True
结晶,jié jīng,to crystallize; crystallization; crystal,13156.0,6.0,True
告辞,gào cí,to say goodbye; to take one's leave,13160.0,6.0,True
讲究,jiǎng jiu,to pay particular attention to; carefully selected for quality; tastefully chosen,13174.0,5.0,True
悔恨,huǐ hèn,remorse; repentance,13176.0,6.0,True
用功,yòng gōng,diligent; industrious (in one's studies); to study hard,13178.0,6.0,True
指南针,zhǐ nán zhēn,compass,13185.0,6.0,True
诚挚,chéng zhì,sincere; cordial,13190.0,6.0,True
陶瓷,táo cí,pottery and porcelain; ceramics,13191.0,6.0,True
不耐烦,bù nài fán,impatient; to lose patience,13195.0,5.0,True
局部,jú bù,part; local,13208.0,6.0,True
缩短,suō duǎn,to curtail; to cut down,13219.0,5.0,True
未免,wèi miǎn,unavoidably; can't help; really,13224.0,6.0,True
齐全,qí quán,complete; comprehensive,13230.0,6.0,True
振动,zhèn dòng,to vibrate; to shake; vibration,13250.0,5.0,True
公式,gōng shì,formula,13260.0,6.0,True
胆怯,dǎn qiè,timidity; timid; cowardly,13286.0,6.0,True
来历,lái lì,history; antecedents; origin,13305.0,6.0,True
爬山,pá shān,to climb a mountain; to mountaineer; hiking,13309.0,3.0,True
雕刻,diāo kè,to carve; to engrave; carving,13313.0,6.0,True
悬念,xuán niàn,"suspense in a movie, play etc; concern for sb's welfare",13332.0,6.0,True
公认,gōng rèn,publicly known (to be); accepted (as),13333.0,6.0,True
合乎,hé hū,to accord with; to conform to,13343.0,6.0,True
单调,dān diào,monotonous,13364.0,5.0,True
阶层,jiē céng,social class,13365.0,6.0,True
搓,cuō,to rub or roll between the hands or fingers; to twist,13367.0,6.0,True
腐朽,fǔ xiǔ,rotten; decayed; decadent,13370.0,6.0,True
寺庙,sì miào,temple; monastery; shrine,13381.0,5.0,True
规章,guī zhāng,rule; regulation,13390.0,6.0,True
发票,fā piào,invoice; receipt or bill for purchase,13402.0,5.0,True
轻视,qīng shì,contempt; contemptuous; to despise,13405.0,5.0,True
内涵,nèi hán,meaningful content; implication; connotation (semantics),13406.0,6.0,True
补贴,bǔ tiē,to subsidize; subsidy; allowance,13412.0,6.0,True
源泉,yuán quán,fountainhead; well-spring; water source,13422.0,6.0,True
总而言之,zǒng ér yán zhī,in short; in a word; in brief,13426.0,6.0,True
阻挠,zǔ náo,to thwart; to obstruct (sth),13434.0,6.0,True
匪徒,fěi tú,gangster; bandit,13446.0,6.0,True
间隔,jiàn gé,gap; interval; compartment,13457.0,6.0,True
告诫,gào jiè,to warn; to admonish,13459.0,6.0,True
交涉,jiāo shè,to negotiate (with); to have dealings (with),13461.0,6.0,True
慢性,màn xìng,slow and patient; chronic (disease); slow to take effect (e.g. a slow poison),13482.0,6.0,True
涮,shuàn,to rinse; to trick; to fool sb,13485.0,6.0,True
保养,bǎo yǎng,to take good care of (or conserve) one's health; to keep in good repair; to maintain,13486.0,6.0,True
留恋,liú liàn,reluctant to leave; to hate to have to go; to recall fondly,13496.0,6.0,True
沉闷,chén mèn,oppressive (of weather); heavy; depressed,13516.0,6.0,True
乒乓球,pīng pāng qiú,table tennis; ping-pong; table tennis ball,13534.0,4.0,True
课题,kè tí,task; problem; issue,13544.0,6.0,True
牲畜,shēng chù,domesticated animals; livestock,13561.0,6.0,True
学历,xué lì,educational background; academic qualifications,13568.0,6.0,True
歪曲,wāi qū,to distort; to misrepresent,13575.0,6.0,True
巴不得,bā bu de,to be eager for; to long for; to look forward to,13605.0,6.0,True
岛屿,dǎo yǔ,island,13607.0,6.0,True
时差,shí chā,time difference; time lag; jet lag,13610.0,6.0,True
沉思,chén sī,to contemplate; to ponder; contemplation,13636.0,6.0,True
半途而废,bàn tú ér fèi,to give up halfway (idiom); leave sth unfinished,13642.0,6.0,True
物资,wù zī,goods; supplies,13653.0,6.0,True
立体,lì tǐ,three-dimensional; solid; stereoscopic,13657.0,6.0,True
调解,tiáo jiě,to mediate; to bring parties to an agreement,13661.0,6.0,True
档次,dàng cì,grade; class; quality,13693.0,6.0,True
签订,qiān dìng,to agree to and sign (a treaty etc),13695.0,6.0,True
衰退,shuāi tuì,to decline; to fall; to drop,13707.0,6.0,True
舆论,yú lùn,public opinion,13728.0,6.0,True
对应,duì yìng,to correspond (to); to be equivalent to; to be a counterpart to,13741.0,6.0,True
黑板,hēi bǎn,blackboard,13744.0,3.0,True
变质,biàn zhì,to degenerate; to deteriorate; to go bad; to go off; metamorphism,13761.0,6.0,True
剥削,bō xuē,to exploit; exploitation,13764.0,6.0,True
酝酿,yùn niàng,to ferment; to be brewing; to mull over (an issue),13768.0,6.0,True
造反,zào fǎn,to rebel; to revolt,13784.0,6.0,True
争端,zhēng duān,dispute; controversy; conflict,13787.0,6.0,True
主流,zhǔ liú,main stream (of a river); fig. the essential point; main viewpoint of a matter,13791.0,6.0,True
株,zhū,tree trunk; stump (tree root); a plant,13799.0,6.0,True
航天,háng tiān,space flight,13805.0,6.0,True
水龙头,shuǐ lóng tóu,faucet; tap,13819.0,6.0,True
编织,biān zhī,"to weave; to knit; to plait; to braid; to create (sth abstract, e.g. a dream, a lie etc)",13842.0,6.0,True
诬陷,wū xiàn,to entrap; to frame; to plant false evidence against sb,13853.0,6.0,True
愣,lèng,to look distracted; to stare blankly; distracted,13870.0,6.0,True
咀嚼,jǔ jué,to chew; to think over,13875.0,6.0,True
跟前,gēn qián,the front (of); front; sb's presence,13883.0,6.0,True
桨,jiǎng,oar; paddle,13884.0,6.0,True
无理取闹,wú lǐ qǔ nào,to make trouble without reason (idiom); to be deliberately provocative,13922.0,6.0,True
趣味,qù wèi,fun; interest; delight; taste; liking; preference,13934.0,6.0,True
纷纷,fēn fēn,one after another; in succession; one by one,13955.0,5.0,True
捆绑,kǔn bǎng,to bind,13969.0,6.0,True
报销,bào xiāo,to submit an expense account; to apply for reimbursement; to write off,13972.0,6.0,True
天然气,tiān rán qì,natural gas,13989.0,6.0,True
阻拦,zǔ lán,to stop; to obstruct,13997.0,6.0,True
艰巨,jiān jù,arduous; terrible (task); very difficult,14016.0,5.0,True
积累,jī lěi,to accumulate; accumulation; cumulative,14020.0,4.0,True
容纳,róng nà,to hold; to contain; to accommodate,14032.0,6.0,True
容貌,róng mào,one's appearance; one's aspect; looks,14034.0,6.0,True
弥漫,mí màn,to pervade; to fill the air; diffuse,14038.0,6.0,True
敷衍,fū yǎn,to elaborate (on a theme); to expound (the classics); perfunctory,14039.0,6.0,True
考古,kǎo gǔ,archaeology,14041.0,6.0,True
广阔,guǎng kuò,wide; vast,14045.0,6.0,True
传授,chuán shòu,to impart; to pass on; to teach,14058.0,6.0,True
橡皮,xiàng pí,rubber; an eraser,14078.0,5.0,True
名副其实,míng fù qí shí,"not just in name only, but also in reality (idiom); aptly named; worthy of the name",14085.0,6.0,True
长辈,zhǎng bèi,one's elders; older generation,14096.0,6.0,True
羊肉,yáng ròu,mutton; goat meat,14107.0,2.0,True
神情,shén qíng,look; expression,14108.0,6.0,True
租赁,zū lìn,to rent; to lease; to hire,14116.0,6.0,True
竹子,zhú zi,bamboo,14118.0,5.0,True
朗读,lǎng dú,to read aloud,14121.0,6.0,True
应聘,yìng pìn,to accept a job offer; to apply for an advertised position,14126.0,5.0,True
破例,pò lì,to make an exception,14144.0,6.0,True
生机,shēng jī,opportunity to live; to reprieve from death; life force,14156.0,6.0,True
矿泉水,kuàng quán shuǐ,mineral water,14177.0,5.0,True
拘束,jū shù,to restrict; to restrain; constrained,14180.0,6.0,True
和睦,hé mù,peaceful relations; harmonious,14223.0,6.0,True
闲话,xián huà,casual conversation; chat; gossip,14225.0,6.0,True
候选,hòu xuǎn,candidate (attributive),14238.0,6.0,True
连同,lián tóng,together with; along with,14241.0,6.0,True
宗旨,zōng zhǐ,objective; aim; goal,14242.0,6.0,True
上游,shàng yóu,upper reaches (of a river); upper level; upper echelon,14244.0,6.0,True
局限,jú xiàn,to limit; to confine; to restrict sth within set boundaries,14249.0,6.0,True
响应,xiǎng yìng,to respond to; answer,14258.0,6.0,True
就业,jiù yè,to get a job; employment,14261.0,6.0,True
晴朗,qíng lǎng,sunny and cloudless,14304.0,6.0,True
专程,zhuān chéng,specifically; specially (for that purpose),14331.0,6.0,True
口腔,kǒu qiāng,oral cavity,14332.0,6.0,True
长城,Cháng chéng,the Great Wall,14337.0,4.0,True
开朗,kāi lǎng,spacious and well-lit; open and clear; optimistic,14339.0,6.0,True
打喷嚏,dǎ pēn tì,to sneeze,14346.0,5.0,True
抱负,bào fù,aspiration; ambition,14358.0,6.0,True
凝固,níng gù,to freeze; to solidify; to congeal,14369.0,6.0,True
一再,yī zài,repeatedly,14378.0,6.0,True
干劲,gàn jìn,enthusiasm for doing sth,14387.0,6.0,True
停顿,tíng dùn,to halt; to break off; pause (in speech),14388.0,6.0,True
日益,rì yì,day by day; more and more; increasingly,14417.0,6.0,True
贪污,tān wū,to be corrupt; corruption; to embezzle,14420.0,6.0,True
福气,fú qi,good fortune; a blessing,14421.0,6.0,True
缠绕,chán rào,twisting; to twine; to wind,14459.0,6.0,True
索赔,suǒ péi,to ask for compensation; to claim damages; claim for damages,14474.0,6.0,True
更正,gēng zhèng,to correct; to make a correction,14491.0,6.0,True
传记,zhuàn jì,biography,14514.0,6.0,True
溶解,róng jiě,to dissolve,14515.0,6.0,True
盈利,yíng lì,profit; gain; to make profits,14525.0,6.0,True
缓和,huǎn hé,to ease (tension); to alleviate; to moderate,14526.0,6.0,True
连续剧,lián xù jù,serialized drama; dramatic series; show in parts,14544.0,5.0,True
对称,duì chèn,symmetry; symmetrical,14547.0,6.0,True
秃,tū,bald; blunt,14592.0,6.0,True
语法,yǔ fǎ,grammar,14604.0,4.0,True
叹气,tàn qì,to sigh; to heave a sigh,14605.0,6.0,True
行人,xíng rén,pedestrian; traveler on foot; passer-by,14607.0,5.0,True
力所能及,lì suǒ néng jí,as far as one's capabilities extend (idiom); to the best of one's ability; within one's powers,14637.0,6.0,True
可见,kě jiàn,it can clearly be seen (that this is the case); it is (thus) clear; clear,14653.0,5.0,True
优越,yōu yuè,superior; superiority,14654.0,6.0,True
晴,qíng,clear; fine (weather),14657.0,2.0,True
再三,zài sān,over and over again; again and again,14665.0,5.0,True
予以,yǔ yǐ,to give; to impose; to apply,14671.0,6.0,True
独裁,dú cái,dictatorship,14696.0,6.0,True
沉着,chén zhuó,steady; calm and collected; not nervous,14699.0,6.0,True
惋惜,wǎn xī,to regret; to feel that it is a great pity; to feel sorry for sb,14730.0,6.0,True
开采,kāi cǎi,to extract (ore or other resource from a mine); to exploit; to mine,14743.0,6.0,True
暧昧,ài mèi,vague; ambiguous; equivocal,14755.0,6.0,True
酱油,jiàng yóu,soy sauce,14794.0,5.0,True
礼拜天,Lǐ bài tiān,Sunday,14803.0,5.0,True
刻苦,kè kǔ,hardworking; assiduous,14815.0,5.0,True
包庇,bāo bì,to shield; to harbor; to cover up,14828.0,6.0,True
样式,yàng shì,type; style,14833.0,5.0,True
文雅,wén yǎ,elegant; refined,14838.0,6.0,True
鲜明,xiān míng,bright; clear-cut; distinct,14859.0,6.0,True
条理,tiáo lǐ,arrangement; order; tidiness,14894.0,6.0,True
灰心,huī xīn,to lose heart; to be discouraged,14896.0,5.0,True
饭馆,fàn guǎn,restaurant,14942.0,1.0,True
唾沫,tuò mo,spittle; saliva,14943.0,6.0,True
吝啬,lìn sè,stingy; mean; miserly,14985.0,6.0,True
作文,zuò wén,to write an essay; composition (student essay),15017.0,5.0,True
悠久,yōu jiǔ,"long (tradition, history etc)",15022.0,5.0,True
昔日,xī rì,former days; in the past,15024.0,6.0,True
成效,chéng xiào,effect; result,15026.0,6.0,True
狭窄,xiá zhǎi,narrow,15030.0,6.0,True
性能,xìng néng,function; performance; behavior,15036.0,6.0,True
要素,yào sù,essential factor; key constituent,15053.0,6.0,True
一帆风顺,yī fān fēng shùn,propitious wind throughout the journey (idiom); plain sailing; to go smoothly,15056.0,6.0,True
宏伟,hóng wěi,grand; imposing; magnificent,15072.0,6.0,True
无忧无虑,wú yōu wú lǜ,carefree and without worries (idiom),15076.0,6.0,True
奔波,bēn bō,to rush about; to be constantly on the move,15092.0,6.0,True
勇于,yǒng yú,to dare to; to be brave enough to,15108.0,6.0,True
乘务员,chéng wù yuán,"attendant on an airplane, train, boat etc",15111.0,6.0,True
拼搏,pīn bó,to struggle; to wrestle,15121.0,6.0,True
向来,xiàng lái,always (previously),15122.0,6.0,True
没辙,méi zhé,at one's wit's end; unable to find a way out,15143.0,6.0,True
庄重,zhuāng zhòng,grave; solemn; dignified,15145.0,6.0,True
孕育,yùn yù,"to be pregnant; to produce offspring; to nurture (a development, school of thought, artwork etc)",15147.0,6.0,True
无奈,wú nài,to have no alternative; frustrated; exasperated,15152.0,5.0,True
茫茫,máng máng,boundless; vast and obscure,15205.0,6.0,True
绣,xiù,to embroider; embroidery,15257.0,6.0,True
结账,jié zhàng,to pay the bill; to settle accounts,15267.0,5.0,True
细致,xì zhì,delicate; fine; careful,15271.0,6.0,True
事项,shì xiàng,matter; item,15273.0,6.0,True
田野,tián yě,field; open land,15281.0,5.0,True
陈旧,chén jiù,old-fashioned,15282.0,6.0,True
摧残,cuī cán,to ravage; to ruin,15292.0,6.0,True
牢骚,láo sāo,discontent; complaint; to complain,15361.0,6.0,True
因而,yīn ér,therefore; as a result; thus,15381.0,5.0,True
运算,yùn suàn,to perform calculations; operation,15386.0,6.0,True
动员,dòng yuán,to mobilize; mobilization,15390.0,6.0,True
凝聚,níng jù,to condense; to coagulate; coacervation (i.e. form tiny droplets),15430.0,6.0,True
攀登,pān dēng,to climb; to pull oneself up; to clamber,15436.0,6.0,True
寿命,shòu mìng,life span; life expectancy; lifetime (of a machine),15453.0,5.0,True
次序,cì xù,sequence; order,15493.0,6.0,True
流通,liú tōng,to circulate; to distribute; circulation; distribution,15510.0,6.0,True
游览,yóu lǎn,to go sightseeing; to tour; to visit,15528.0,5.0,True
尖端,jiān duān,sharp pointed end; the tip; the cusp,15538.0,6.0,True
硬件,yìng jiàn,hardware,15548.0,5.0,True
批判,pī pàn,to criticize; critique,15556.0,6.0,True
急躁,jí zào,irritable; irascible; impetuous,15558.0,6.0,True
思索,sī suǒ,to think deeply; to ponder,15560.0,6.0,True
体积,tǐ jī,volume; bulk,15588.0,5.0,True
复兴,fù xīng,to revive; to rejuvenate,15606.0,6.0,True
疼爱,téng ài,to love dearly,15621.0,5.0,True
夕阳,xī yáng,sunset; the setting sun,15624.0,6.0,True
缺口,quē kǒu,nick; jag; gap,15647.0,6.0,True
谦逊,qiān xùn,humble; modest; unpretentious,15668.0,6.0,True
愚昧,yú mèi,ignorant; uneducated; ignorance,15688.0,6.0,True
才干,cái gàn,ability; competence,15699.0,6.0,True
现成,xiàn chéng,ready-made; readily available,15718.0,6.0,True
发炎,fā yán,to become inflamed; inflammation,15720.0,6.0,True
抽象,chōu xiàng,abstract; abstraction,15726.0,5.0,True
屏障,píng zhàng,barrier,15729.0,6.0,True
随手,suí shǒu,conveniently; without extra trouble; while doing it,15751.0,6.0,True
乐谱,yuè pǔ,a musical score; sheet music,15757.0,6.0,True
嫂子,sǎo zi,older brother's wife; sister-in-law,15764.0,6.0,True
率领,shuài lǐng,to lead; to command; to head,15766.0,6.0,True
展望,zhǎn wàng,outlook; prospect; to look ahead,15777.0,6.0,True
无非,wú fēi,only; nothing else,15779.0,6.0,True
书架,shū jià,bookshelf,15787.0,5.0,True
性情,xìng qíng,nature; temperament,15794.0,6.0,True
迁徙,qiān xǐ,to migrate; to move,15796.0,6.0,True
惊动,jīng dòng,to alarm; to startle; to disturb,15798.0,6.0,True
茫然,máng rán,blankly; vacantly; at a loss,15807.0,6.0,True
压缩,yā suō,to compress; compression,15837.0,6.0,True
逐步,zhú bù,progressively; step by step,15847.0,5.0,True
滔滔不绝,tāo tāo bù jué,unceasing torrent (idiom); talking non-stop; gabbling forty to the dozen,15856.0,6.0,True
曲折,qū zhé,winding; complicated,15857.0,6.0,True
迟疑,chí yí,to hesitate,15861.0,6.0,True
委屈,wěi qu,to feel wronged; to cause sb to feel wronged; grievance,15876.0,5.0,True
试卷,shì juàn,examination paper; test paper,15897.0,5.0,True
甘心,gān xīn,to be willing to; to resign oneself to,15931.0,6.0,True
深沉,shēn chén,deep; profound; reserved,16000.0,6.0,True
农村,nóng cūn,rural area; village,16006.0,4.0,True
巩固,gǒng gù,to consolidate; consolidation; to strengthen,16011.0,6.0,True
示意,shì yì,to hint; to indicate (an idea to sb),16025.0,6.0,True
觉醒,jué xǐng,to awaken; to come to realize; awakened to the truth,16038.0,6.0,True
押金,yā jīn,deposit; down payment,16066.0,6.0,True
充电器,chōng diàn qì,battery charger,16068.0,5.0,True
方言,fāng yán,topolect; dialect,16089.0,6.0,True
耗费,hào fèi,to waste; to spend; to consume,16093.0,6.0,True
败坏,bài huài,to ruin; to corrupt; to undermine,16128.0,6.0,True
请帖,qǐng tiě,invitation card; written invitation,16132.0,6.0,True
严禁,yán jìn,to strictly prohibit,16138.0,6.0,True
适宜,shì yí,suitable; appropriate,16143.0,6.0,True
泛滥,fàn làn,to be in flood; to overflow (the banks); to inundate,16173.0,6.0,True
阐述,chǎn shù,to expound (a position); to elaborate (on a topic); to treat (a subject),16177.0,6.0,True
公元,gōng yuán,CE (Common Era); Christian Era; AD (Anno Domini),16180.0,5.0,True
培育,péi yù,to train; to breed,16192.0,6.0,True
停滞,tíng zhì,stagnation; at a standstill; bogged down,16195.0,6.0,True
过问,guò wèn,to show an interest in; to get involved with,16198.0,6.0,True
除夕,Chú xī,lunar New Year's Eve,16206.0,5.0,True
排球,pái qiú,volleyball,16224.0,5.0,True
权衡,quán héng,to consider; to weigh (a matter); to balance (pros and cons),16245.0,6.0,True
划分,huà fēn,to divide up; to partition; to differentiate,16254.0,6.0,True
饺子,jiǎo zi,dumpling; pot-sticker,16260.0,4.0,True
若干,ruò gān,a certain number or amount; how many?; how much?,16266.0,6.0,True
炎热,yán rè,blistering hot; sizzling hot (weather),16273.0,6.0,True
表彰,biǎo zhāng,to honor; to commend; to cite (in dispatches),16276.0,6.0,True
焦急,jiāo jí,anxiety; anxious,16300.0,6.0,True
打量,dǎ liang,to size sb up; to look sb up and down; to take the measure of,16314.0,6.0,True
退步,tuì bù,to do less well than before; to make a concession; setback,16316.0,5.0,True
奥秘,ào mì,secret; mystery,16321.0,6.0,True
应酬,yìng chou,to engage in social activities; to socialize; dinner party; banquet; social engagement,16351.0,6.0,True
响亮,xiǎng liàng,loud and clear; resounding,16358.0,6.0,True
转折,zhuǎn zhé,shift in the trend of events; turnaround; plot shift in a book,16360.0,6.0,True
牵制,qiān zhì,to control; to curb; to restrict,16364.0,6.0,True
当务之急,dāng wù zhī jí,top priority job; matter of vital importance,16406.0,6.0,True
增添,zēng tiān,to add; to increase,16415.0,6.0,True
对立,duì lì,to oppose; to set sth against; to be antagonistic to,16421.0,6.0,True
风俗,fēng sú,social custom,16456.0,5.0,True
附属,fù shǔ,subsidiary; auxiliary; attached,16461.0,6.0,True
自卑,zì bēi,to have low self-esteem; to abase oneself,16462.0,6.0,True
毅力,yì lì,perseverance; willpower,16469.0,6.0,True
盛开,shèng kāi,blooming; in full flower,16519.0,6.0,True
背诵,bèi sòng,to recite; to repeat from memory,16538.0,6.0,True
指标,zhǐ biāo,target; quota; index,16563.0,6.0,True
腹泻,fù xiè,diarrhea; to have the runs,16583.0,6.0,True
概括,gài kuò,to summarize; to generalize; briefly; in broad outline,16584.0,5.0,True
妥善,tuǒ shàn,appropriate; proper,16592.0,6.0,True
果实,guǒ shí,fruit (produced by a plant); fruits (of success etc); results,16616.0,5.0,True
坚实,jiān shí,firm and substantial; solid,16618.0,6.0,True
后勤,hòu qín,logistics,16619.0,6.0,True
启事,qǐ shì,"announcement (written, on billboard, letter, newspaper or website); to post information; a notice",16623.0,6.0,True
庸俗,yōng sú,tacky; tawdry,16632.0,6.0,True
隔阂,gé hé,misunderstanding; estrangement; barrier,16657.0,6.0,True
譬如,pì rú,for example; for instance; such as,16692.0,6.0,True
国籍,guó jí,nationality,16693.0,5.0,True
周密,zhōu mì,careful; thorough; meticulous,16733.0,6.0,True
凶恶,xiōng è,fierce; ferocious; fiendish,16747.0,6.0,True
次要,cì yào,secondary,16764.0,5.0,True
重叠,chóng dié,to overlap; to superimpose; to telescope,16769.0,6.0,True
颗粒,kē lì,"kernel; granule; granulated (sugar, chemical product)",16775.0,6.0,True
面貌,miàn mào,face; features; appearance; look,16781.0,6.0,True
深奥,shēn ào,profound; abstruse; recondite,16832.0,6.0,True
售货员,shòu huò yuán,salesperson,16870.0,4.0,True
雌雄,cí xióng,male and female,16893.0,6.0,True
相差,xiāng chà,to differ; discrepancy between,16904.0,6.0,True
铸造,zhù zào,to cast (pour metal into a mold),16922.0,6.0,True
往返,wǎng fǎn,to go back and forth; to go to and fro; to do a round trip,16938.0,5.0,True
好客,hào kè,hospitality; to treat guests well; to enjoy having guests,16950.0,6.0,True
优异,yōu yì,exceptional; outstandingly good,16953.0,6.0,True
出息,chū xi,future prospects; profit; to mature,16961.0,6.0,True
专题,zhuān tí,"specific topic (addressed by a book, lecture, TV program etc); article, report or program etc on a specific topic",17051.0,6.0,True
急剧,jí jù,rapid; sudden,17056.0,6.0,True
投掷,tóu zhì,to throw sth a long distance; to hurl; to throw at,17083.0,6.0,True
摸索,mō suo,to feel about; to grope about; to fumble,17106.0,6.0,True
着凉,zháo liáng,to catch cold; Taiwan pr. [zhāo liáng],17115.0,5.0,True
固体,gù tǐ,solid,17161.0,5.0,True
转让,zhuǎn ràng,"to transfer (ownership, rights etc)",17167.0,6.0,True
伯母,bó mǔ,wife of father's elder brother; aunt; polite form of address for a woman who is about the age of one's mother,17215.0,6.0,True
致辞,zhì cí,"to express in words or writing; to make a speech (esp. short introduction, vote of thanks, afterword, funeral; to address (an audience)",17218.0,6.0,True
提倡,tí chàng,to promote; to advocate,17232.0,5.0,True
田径,tián jìng,track and field (athletics),17249.0,6.0,True
鼓动,gǔ dòng,"to urge (an activity that may be beneficial, harmful or neutral); to encourage; to beat; to flap (wings, a fan etc)",17295.0,6.0,True
排放,pái fàng,"to arrange in order; to emit; to discharge (exhaust gas, waste water etc); to ovulate; to discharge semen",17303.0,6.0,True
范畴,fàn chóu,category,17311.0,6.0,True
雪上加霜,xuě shàng jiā shuāng,to make matters even worse; to add insult to injury,17312.0,6.0,True
解体,jiě tǐ,to break up into components; to disintegrate; to collapse,17333.0,6.0,True
迁就,qiān jiù,to yield; to adapt to; to accommodate to (sth),17335.0,6.0,True
流利,liú lì,fluent,17340.0,4.0,True
饲养,sì yǎng,to raise; to rear,17352.0,6.0,True
轮船,lún chuán,steamship; steamer; steamboat,17360.0,6.0,True
改良,gǎi liáng,to improve (sth); to reform (a system),17369.0,6.0,True
勤劳,qín láo,hardworking; industrious; diligent,17412.0,5.0,True
布局,bù jú,arrangement; composition; layout,17427.0,6.0,True
休养,xiū yǎng,to recuperate; to recover; to convalesce,17432.0,6.0,True
舟,zhōu,boat,17445.0,6.0,True
作废,zuò fèi,to become invalid; to cancel; to delete,17466.0,6.0,True
腥,xīng,fishy (smell),17479.0,6.0,True
博览会,bó lǎn huì,exposition; international fair,17491.0,6.0,True
利害,lì hai,terrible; formidable; serious,17505.0,6.0,True
百分点,bǎi fēn diǎn,percentage point,17506.0,6.0,True
果断,guǒ duàn,firm; decisive,17524.0,6.0,True
发愁,fā chóu,to worry; to fret; to be anxious,17531.0,5.0,True
不像话,bù xiàng huà,unreasonable; shocking; outrageous,17546.0,6.0,True
粗心,cū xīn,careless; thoughtless,17555.0,4.0,True
简陋,jiǎn lòu,simple and crude,17559.0,6.0,True
简化,jiǎn huà,to simplify,17591.0,6.0,True
提炼,tí liàn,"to extract (ore, minerals etc); to refine; to purify",17620.0,6.0,True
反思,fǎn sī,to think back over sth; to review; to revisit,17632.0,6.0,True
拐弯,guǎi wān,to go round a curve; to turn a corner; fig. a new direction,17659.0,5.0,True
唯独,wéi dú,only; just (i.e. it is only that...); all except,17677.0,6.0,True
阵容,zhèn róng,troop arrangement; battle formation; lineup (of a sports team etc),17693.0,6.0,True
规格,guī gé,standard; norm; specification,17694.0,6.0,True
空想,kōng xiǎng,daydream; fantasy; to fantasize,17708.0,6.0,True
地质,dì zhì,geology,17727.0,6.0,True
方针,fāng zhēn,policy; guidelines,17730.0,6.0,True
凄凉,qī liáng,mournful; miserable; desolate (place),17735.0,6.0,True
号召,hào zhào,to call; to appeal,17738.0,6.0,True
分红,fēn hóng,dividend; to award a bonus,17765.0,6.0,True
腮,sāi,cheek,17766.0,6.0,True
狼狈,láng bèi,in a difficult situation; to cut a sorry figure; scoundrel! (derog.),17779.0,6.0,True
附件,fù jiàn,enclosure; attachment (email); appendix,17780.0,6.0,True
发呆,fā dāi,to stare blankly; to be stunned; to be lost in thought,17787.0,6.0,True
干旱,gān hàn,drought; arid; dry,17799.0,6.0,True
荒凉,huāng liáng,desolate,17813.0,6.0,True
团圆,tuán yuán,to have a reunion,17822.0,6.0,True
清澈,qīng chè,clear; limpid,17824.0,6.0,True
筐,kuāng,basket,17828.0,6.0,True
看不起,kàn bu qǐ,to look down upon; to despise,17841.0,5.0,True
致使,zhì shǐ,to cause; to result in,17862.0,6.0,True
格式,gé shì,form; specification; format,17880.0,6.0,True
投机,tóu jī,to speculate (on financial markets); opportunistic; congenial,17885.0,6.0,True
里程碑,lǐ chéng bēi,milestone,17896.0,6.0,True
能干,néng gàn,capable; competent,17901.0,5.0,True
嘈杂,cáo zá,noisy; clamorous,17904.0,6.0,True
无精打采,wú jīng dǎ cǎi,dispirited and downcast (idiom); listless; in low spirits; washed out,17927.0,6.0,True
切实,qiè shí,feasible; realistic; practical,17993.0,6.0,True
广大,guǎng dà,vast or extensive; large-scale; widespread,18004.0,5.0,True
化石,huà shí,fossil,18015.0,6.0,True
照应,zhào ying,to look after; to take care of; to attend to,18032.0,6.0,True
爽快,shuǎng kuai,refreshed; rejuvenated; frank and straightforward,18042.0,6.0,True
丰收,fēng shōu,bumper harvest,18044.0,6.0,True
反倒,fǎn dào,but on the contrary; but expectedly,18053.0,6.0,True
参照,cān zhào,to consult a reference; to refer to (another document),18083.0,6.0,True
颁布,bān bù,"to issue; to proclaim; to enact (laws, decrees etc)",18106.0,6.0,True
幅度,fú dù,width; extent; range,18122.0,6.0,True
压榨,yā zhà,"to press; to squeeze; to extract juice, oil etc by squeezing",18127.0,6.0,True
迸发,bèng fā,to burst forth,18129.0,6.0,True
配套,pèi tào,to form a complete set; compatible; matching,18161.0,6.0,True
简要,jiǎn yào,concise; brief,18172.0,6.0,True
逝世,shì shì,to pass away; to die,18179.0,6.0,True
整顿,zhěng dùn,to tidy up; to reorganize; to consolidate,18190.0,6.0,True
威风,wēi fēng,might; awe-inspiring authority; impressive,18217.0,6.0,True
开明,kāi míng,enlightened; open-minded; enlightenment,18231.0,6.0,True
英明,yīng míng,wise; brilliant,18233.0,6.0,True
抹杀,mǒ shā,to erase; to cover traces; to obliterate evidence,18275.0,6.0,True
秤,chèng,steelyard; Roman balance,18293.0,6.0,True
总和,zǒng hé,sum,18316.0,6.0,True
董事长,dǒng shì zhǎng,chairman of the board of directors,18320.0,6.0,True
真挚,zhēn zhì,sincere; sincerity,18341.0,6.0,True
省略,shěng lu:è,to leave out; an omission,18374.0,5.0,True
均匀,jūn yún,even; well-distributed; homogeneous,18456.0,5.0,True
隐患,yǐn huàn,a danger concealed within sth; hidden damage; misfortune not visible from the surface,18461.0,6.0,True
狭隘,xiá ài,narrow; tight; narrow minded,18492.0,6.0,True
垄断,lǒng duàn,to monopolize,18494.0,6.0,True
本钱,běn qián,capital; asset; advantage; the means (to do sth),18497.0,6.0,True
功效,gōng xiào,efficacy,18510.0,6.0,True
申报,shēn bào,to report (to the authorities); to declare (to customs),18526.0,6.0,True
亚军,yà jūn,second place (in a sports contest); runner-up,18528.0,6.0,True
勾结,gōu jié,to collude with; to collaborate with; to gang up with,18546.0,6.0,True
摄氏度,Shè shì dù,°C (degrees Celsius),18552.0,6.0,True
治理,zhì lǐ,to govern; to administer; to manage,18592.0,6.0,True
结算,jié suàn,to settle a bill; to close an account,18599.0,6.0,True
动荡,dòng dàng,unrest (social or political); turmoil; upheaval,18604.0,6.0,True
主权,zhǔ quán,sovereignty,18618.0,6.0,True
新陈代谢,xīn chén dài xiè,metabolism (biology); the new replaces the old (idiom),18624.0,6.0,True
湿润,shī rùn,moist,18640.0,4.0,True
柴油,chái yóu,diesel fuel,18652.0,6.0,True
岔,chà,"fork in road; bifurcation; branch in road, river, mountain range etc",18657.0,6.0,True
吃力,chī lì,to entail strenuous effort; to toil at a task; strenuous,18667.0,6.0,True
吃亏,chī kuī,to suffer losses; to come to grief; to lose out,18668.0,5.0,True
主办,zhǔ bàn,to organize; to host (a conference or sports event),18691.0,6.0,True
虚荣,xū róng,vanity,18705.0,6.0,True
会晤,huì wù,to meet; meeting; conference,18716.0,6.0,True
惹祸,rě huò,to stir up trouble; to invite disaster,18719.0,6.0,True
无偿,wú cháng,free; no charge; at no cost,18720.0,6.0,True
媳妇,xí fù,daughter-in-law; wife (of a younger man); young married woman,18721.0,6.0,True
滞留,zhì liú,to remain in (a place) (due to circumstances that prevent one leaving); to be; to remain; to linger,18729.0,6.0,True
接连,jiē lián,on end; in a row; in succession,18744.0,6.0,True
充沛,chōng pèi,abundant; plentiful; vigorous,18747.0,6.0,True
高考,gāo kǎo,college entrance exam; entrance exam for senior government service posts,18750.0,6.0,True
参谋,cān móu,staff officer; to give advice,18766.0,6.0,True
品行,pǐn xíng,behavior; moral conduct,18773.0,6.0,True
畅通,chàng tōng,unimpeded; free-flowing; straight path,18810.0,6.0,True
养成,yǎng chéng,to cultivate; to raise; to form (a habit),18831.0,4.0,True
悬挂,xuán guà,to suspend; to hang; suspension,18877.0,6.0,True
坚韧,jiān rèn,tough and durable; tenacious,18885.0,6.0,True
堆积,duī jī,to pile up; to heap; accumulation,18891.0,6.0,True
盛行,shèng xíng,to be in vogue; to be popular; to be prevalent,18905.0,6.0,True
海拔,hǎi bá,height above sea level; elevation,18916.0,6.0,True
斯文,sī wén,refined; educate; cultured,18936.0,6.0,True
枯竭,kū jié,used up; dried up; exhausted (of resources),18972.0,6.0,True
生疏,shēng shū,unfamiliar; strange; out of practice,19010.0,6.0,True
民用,mín yòng,civilian use,19015.0,6.0,True
眯,mī,to narrow one's eyes; to squint; to take a nap,19028.0,6.0,True
学问,xué wèn,learning; knowledge,19037.0,5.0,True
意向,yì xiàng,intention; purpose; intent,19057.0,6.0,True
狠心,hěn xīn,callous; heartless; to resolve (to do sth); firm resolve,19066.0,6.0,True
内科,nèi kē,internal medicine; general medicine,19076.0,5.0,True
空隙,kòng xì,crack; gap between two objects; gap in time between two events,19096.0,6.0,True
别致,bié zhì,unusual; unique,19103.0,6.0,True
创业,chuàng yè,to begin an undertaking; to start a major task; to initiate,19118.0,6.0,True
开拓,kāi tuò,to break new ground (for agriculture); to open up (a new seam); to develop (border regions),19123.0,6.0,True
为期,wéi qī,by (a certain date); lasting (a certain time),19131.0,6.0,True
自发,zì fā,spontaneous,19137.0,6.0,True
攻克,gōng kè,to capture; to take; to overcome,19144.0,6.0,True
鲜艳,xiān yàn,bright-colored; gaily-colored,19159.0,5.0,True
伤脑筋,shāng nǎo jīn,to be a real headache; to find sth a real headache; to beat one's brains,19228.0,6.0,True
派别,pài bié,group; sect; clique; faction; school,19238.0,6.0,True
觉悟,jué wù,to come to understand; to realize; consciousness,19253.0,6.0,True
端正,duān zhèng,upright; regular; proper,19267.0,6.0,True
对照,duì zhào,to contrast; to compare; to place side by side for comparison (as parallel texts),19308.0,6.0,True
文献,wén xiàn,document,19325.0,6.0,True
崇敬,chóng jìng,to revere; to venerate; high esteem,19333.0,6.0,True
和气,hé qi,friendly; polite; amiable,19356.0,6.0,True
处分,chǔ fèn,to discipline sb; to punish; disciplinary action,19361.0,6.0,True
媒介,méi jiè,intermediary; vehicle; vector,19425.0,6.0,True
港湾,gǎng wān,bay serving as a harbor,19477.0,6.0,True
马虎,mǎ hu,careless; sloppy; negligent,19492.0,4.0,True
不见得,bù jiàn de,not necessarily; not likely,19503.0,5.0,True
暂且,zàn qiě,for now; for the time being; temporarily,19532.0,6.0,True
科目,kē mù,academic subject; field of study,19548.0,6.0,True
点缀,diǎn zhuì,to decorate; to adorn; sprinkled,19549.0,6.0,True
霸道,bà dào,the Way of the Hegemon; despotic rule; rule by might,19606.0,6.0,True
一丝不苟,yī sī bù gǒu,not one thread loose (idiom); strictly according to the rules; meticulous; not one hair out of place,19635.0,6.0,True
赞叹,zàn tàn,to exclaim in admiration,19655.0,6.0,True
专科,zhuān kē,specialized subject; branch (of medicine); specialized training school,19662.0,6.0,True
歌颂,gē sòng,to sing the praises of; to extol; to eulogize,19682.0,6.0,True
嘱咐,zhǔ fù,to tell; to exhort; injunction,19714.0,5.0,True
杂交,zá jiāo,to hybridize; to crossbreed; promiscuity,19759.0,6.0,True
耸,sǒng,to excite; to raise up; to shrug,19771.0,6.0,True
有条不紊,yǒu tiáo bù wěn,regular and thorough (idiom); methodically arranged,19838.0,6.0,True
浸泡,jìn pào,to steep; to soak; to immerse,19856.0,6.0,True
迟缓,chí huǎn,slow; sluggish,19929.0,6.0,True
眼色,yǎn sè,signal made with one's eyes; meaningful glance,19959.0,6.0,True
威信,wēi xìn,prestige; reputation; trust,19964.0,6.0,True
栏目,lán mù,regular column or segment (in a publication or broadcast program); program (TV or radio),19992.0,6.0,True
慰问,wèi wèn,"to express sympathy, greetings, consolation etc",20009.0,6.0,True
光盘,guāng pán,compact disc (CD); DVD; CD-ROM,20013.0,5.0,True
孝顺,xiào shùn,filial; dutiful; devoted to one's parents (and grandparents etc),20035.0,5.0,True
利率,lì lǜ,interest rates,20049.0,6.0,True
一目了然,yī mù liǎo rán,obvious at a glance (idiom),20051.0,6.0,True
时事,shí shì,current trends; the present situation; how things are going,20091.0,6.0,True
自力更生,zì lì gēng shēng,regeneration through one's own effort (idiom); self-reliance,20168.0,6.0,True
世代,shì dài,for many generations; generation; era,20239.0,6.0,True
灯笼,dēng lóng,lantern,20246.0,6.0,True
制订,zhì dìng,to work out; to formulate,20287.0,6.0,True
新颖,xīn yǐng,lit. new bud; fig. new and original,20288.0,6.0,True
停泊,tíng bó,to anchor; anchorage; mooring (of a ship),20301.0,6.0,True
兴高采烈,xìng gāo cǎi liè,happy and excited (idiom); in high spirits; in great delight,20312.0,6.0,True
周折,zhōu zhé,twists and turns; vicissitude; complication,20363.0,6.0,True
依次,yī cì,in order; in succession,20365.0,6.0,True
踏实,tā shi,firmly-based; steady; steadfast,20367.0,6.0,True
立足,lì zú,to stand; to have a footing; to be established,20421.0,6.0,True
朴素,pǔ sù,plain and simple; unadorned; simple living,20429.0,5.0,True
杠杆,gàng gǎn,lever; pry bar; crowbar,20533.0,6.0,True
开辟,kāi pì,to open up; to set up; to establish,20551.0,6.0,True
家喻户晓,jiā yù hù xiǎo,understood by everyone (idiom); well known; a household name,20580.0,6.0,True
靠拢,kào lǒng,to draw close to,20591.0,6.0,True
淡水,dàn shuǐ,potable water (water with low salt content); fresh water,20600.0,6.0,True
丛,cóng,cluster; collection; collection of books,20616.0,6.0,True
框架,kuàng jià,frame; framework,20646.0,6.0,True
确立,què lì,to establish; to institute,20658.0,6.0,True
盛情,shèng qíng,great kindness; magnificent hospitality,20676.0,6.0,True
进而,jìn ér,and then (what follows next),20683.0,6.0,True
冰雹,bīng báo,hail; hailstone,20686.0,6.0,True
肆无忌惮,sì wú jì dàn,absolutely unrestrained; unbridled; without the slightest scruple,20701.0,6.0,True
平坦,píng tǎn,level; even; smooth,20779.0,6.0,True
请示,qǐng shì,to ask for instructions,20804.0,6.0,True
词典,cí diǎn,dictionary,20876.0,4.0,True
声调,shēng diào,tone; note; a tone (on a Chinese syllable),20917.0,5.0,True
工艺品,gōng yì pǐn,handicraft article; handiwork,20952.0,6.0,True
疙瘩,gē da,swelling or lump on skin; pimple; knot; lump; preoccupation; problem,20961.0,6.0,True
埋没,mái mò,to engulf; to bury; to overlook,20987.0,6.0,True
时而,shí ér,occasionally; from time to time,20993.0,6.0,True
草案,cǎo àn,"draft (legislation, proposal etc)",21055.0,6.0,True
品德,pǐn dé,moral character,21144.0,6.0,True
灾害,zāi hài,calamity; disaster,21146.0,5.0,True
倘若,tǎng ruò,if; supposing; in case,21150.0,6.0,True
便于,biàn yú,easy to; convenient for,21153.0,6.0,True
赤字,chì zì,deficit; red letter,21177.0,6.0,True
随即,suí jí,immediately; presently; following which,21220.0,6.0,True
精简,jīng jiǎn,to simplify; to reduce,21227.0,6.0,True
散文,sǎn wén,prose; essay,21247.0,6.0,True
偏差,piān chā,bias; deviation,21265.0,6.0,True
以至,yǐ zhì,down to; up to; to such an extent as to ...,21307.0,6.0,True
普通话,pǔ tōng huà,Mandarin (common language); Putonghua (common speech of the Chinese language); ordinary speech,21308.0,3.0,True
汉语,Hàn yǔ,Chinese language,21338.0,1.0,True
陆续,lù xù,in turn; successively; one after the other,21350.0,5.0,True
雄伟,xióng wěi,grand; imposing; magnificent,21392.0,5.0,True
飙升,biāo shēng,to rise rapidly; to soar,21398.0,6.0,True
母语,mǔ yǔ,native language; mother tongue; parent language,21404.0,6.0,True
举足轻重,jǔ zú qīng zhòng,to play a critical role (idiom); influential,21454.0,6.0,True
装卸,zhuāng xiè,to load or unload; to transfer; to assemble and disassemble,21467.0,6.0,True
通俗,tōng sú,common; everyday; average,21491.0,6.0,True
国庆节,Guó qìng jié,PRC National Day (October 1st),21531.0,5.0,True
考核,kǎo hé,to examine; to check up on; to assess,21597.0,6.0,True
爱惜,ài xī,to cherish; to treasure; to use sparingly,21603.0,5.0,True
繁华,fán huá,flourishing; bustling,21638.0,6.0,True
注释,zhù shì,to annotate; to add a comment; explanatory note; annotation,21650.0,6.0,True
大体,dà tǐ,in general; more or less; in rough terms; basically; on the whole; overall situation; the big picture; cadaver for dissection in training medical students,21651.0,6.0,True
姑且,gū qiě,for the time being; tentatively,21669.0,6.0,True
发扬,fā yáng,to develop; to make full use of,21693.0,6.0,True
油腻,yóu nì,greasy food; oily food; greasy; oily; fatty,21699.0,6.0,True
论证,lùn zhèng,to prove a point; to expound on; to demonstrate or prove (through argument),21712.0,6.0,True
灌溉,guàn gài,to irrigate,21728.0,6.0,True
摘要,zhāi yào,summary; abstract,21735.0,6.0,True
变故,biàn gù,an unforeseen event; accident; misfortune,21747.0,6.0,True
天文,tiān wén,astronomy,21752.0,6.0,True
误差,wù chā,difference; error; inaccuracy,21809.0,6.0,True
反问,fǎn wèn,to ask (a question) in reply; to answer a question with a question; rhetorical question,21869.0,6.0,True
争气,zhēng qì,to work hard for sth; to resolve on improvement; determined not to fall short,21881.0,6.0,True
隐约,yǐn yuē,vague; faint; indistinct,21904.0,6.0,True
调和,tiáo hé,harmonious; to mediate; to reconcile; mediation,21913.0,6.0,True
一律,yī lǜ,same; uniformly; all,21941.0,6.0,True
不相上下,bù xiāng shàng xià,equally matched; about the same,21997.0,6.0,True
伶俐,líng lì,clever; witty; intelligent,22013.0,6.0,True
书法,shū fǎ,calligraphy; handwriting; penmanship,22015.0,6.0,True
萌芽,méng yá,to sprout (lit. or fig.); to bud; to germinate,22036.0,6.0,True
问世,wèn shì,to be published; to come out,22050.0,6.0,True
加剧,jiā jù,to intensify,22067.0,6.0,True
追悼,zhuī dào,to mourn; to pay last respects,22103.0,6.0,True
寒暄,hán xuān,to exchange conventional greetings; to exchange pleasantries,22129.0,6.0,True
立方,lì fāng,cube (math.),22159.0,5.0,True
播种,bō zhǒng,to sow seeds,22233.0,6.0,True
千方百计,qiān fāng bǎi jì,"lit. thousand ways, a hundred plans (idiom); by every possible means",22344.0,6.0,True
钻研,zuān yán,to study meticulously; to delve into,22356.0,6.0,True
胸怀,xiōng huái,one's bosom (the seat of emotions); breast; broad-minded and open,22430.0,6.0,True
片面,piàn miàn,unilateral; one-sided,22459.0,5.0,True
拄,zhǔ,to lean on; to prop on,22462.0,6.0,True
荧屏,yíng píng,fluorescent screen; TV screen,22486.0,6.0,True
心疼,xīn téng,to love dearly; to feel sorry for sb; to regret,22511.0,6.0,True
不屑一顾,bù xiè yī gù,to disdain as beneath contempt (idiom),22520.0,6.0,True
登机牌,dēng jī pái,boarding pass,22586.0,5.0,True
陈列,chén liè,to display; to exhibit,22604.0,6.0,True
赤道,chì dào,equator (of the earth or a celestial body); celestial equator,22621.0,6.0,True
无穷无尽,wú qióng wú jìn,endless; boundless; infinite,22631.0,6.0,True
镶嵌,xiāng qiàn,to inlay; to embed; to set (e.g. a jewel in a ring),22672.0,6.0,True
占线,zhàn xiàn,busy (telephone line),22690.0,5.0,True
巴结,bā jie,to fawn on; to curry favor with; to make up to,22774.0,6.0,True
刊物,kān wù,publication,22825.0,6.0,True
着重,zhuó zhòng,to put emphasis on; to stress,22845.0,6.0,True
督促,dū cù,to supervise and urge completion of a task; to urge on,22868.0,6.0,True
湖泊,hú pō,lake,22878.0,6.0,True
遏制,è zhì,to check; to contain; to hold back,22907.0,6.0,True
心得,xīn dé,"what one has learned (through experience, reading etc); knowledge; insight",22930.0,6.0,True
开水,kāi shuǐ,boiled water; boiling water,22997.0,6.0,True
椭圆,tuǒ yuán,oval; ellipse; elliptic,22998.0,6.0,True
清淡,qīng dàn,"light (of food, not greasy or strongly flavored); insipid; slack (sales)",23020.0,5.0,True
操劳,cāo láo,to work hard; to look after,23112.0,6.0,True
鞭炮,biān pào,firecrackers; string of small firecrackers,23141.0,5.0,True
盖章,gài zhāng,to affix a seal; to stamp (a document); to sign off on sth,23169.0,6.0,True
栽培,zāi péi,to grow; to cultivate; to train,23188.0,6.0,True
颈椎,jǐng zhuī,cervical vertebra; the seven cervical vertebrae in the neck of humans and most mammals,23195.0,6.0,True
章程,zhāng chéng,rules; regulations; constitution,23218.0,6.0,True
昼夜,zhòu yè,"day and night; period of 24 hours; continuously, without stop",23250.0,6.0,True
迎面,yíng miàn,directly; head-on (collision); in one's face (of wind),23271.0,6.0,True
不言而喻,bù yán ér yù,it goes without saying; it is self-evident,23274.0,6.0,True
名次,míng cì,position in a ranking of names; place; rank,23318.0,6.0,True
倡导,chàng dǎo,to advocate; to initiate; to propose,23333.0,6.0,True
摄取,shè qǔ,to absorb (nutrients etc); to assimilate; intake,23338.0,6.0,True
舒畅,shū chàng,happy; entirely free from worry,23355.0,6.0,True
神气,shén qì,expression; manner; vigorous,23368.0,6.0,True
敌视,dí shì,hostile; malevolence; antagonism,23372.0,6.0,True
招收,zhāo shōu,to hire; to recruit,23452.0,6.0,True
吹捧,chuī pěng,to flatter; to laud sb's accomplishments; adulation,23512.0,6.0,True
列举,liè jǔ,a list; to list; to enumerate,23566.0,6.0,True
佳肴,jiā yáo,fine food; delicacies; delicious food,23583.0,6.0,True
托运,tuō yùn,to consign (goods); to check through (baggage),23589.0,6.0,True
渔民,yú mín,fisherman; fisher folk,23594.0,6.0,True
诧异,chà yì,flabbergasted; astonished,23660.0,6.0,True
吞咽,tūn yàn,to swallow; to gulp,23709.0,6.0,True
包子,bāo zi,bao (steamed stuffed bun),23724.0,5.0,True
班主任,bān zhǔ rèn,teacher in charge of a class,23754.0,5.0,True
变迁,biàn qiān,changes; vicissitudes,23761.0,6.0,True
馒头,mán tou,steamed roll; steamed bun; steamed bread,23773.0,5.0,True
导向,dǎo xiàng,to be oriented towards; orientation,23815.0,6.0,True
忌讳,jì huì,taboo; to avoid as taboo; to abstain from,23853.0,6.0,True
公证,gōng zhèng,notarization; notarized; acknowledgement,23887.0,6.0,True
成心,chéng xīn,intentional; deliberate; on purpose,23896.0,6.0,True
亏待,kuī dài,to treat sb unfairly,23937.0,6.0,True
断断续续,duàn duàn xù xù,intermittent; off and on; discontinuous,23947.0,6.0,True
制约,zhì yuē,to restrict; condition,23980.0,6.0,True
朴实,pǔ shí,plain; simple; guileless,24040.0,6.0,True
魄力,pò lì,courage; daring; boldness,24041.0,6.0,True
固然,gù rán,admittedly (it's true that...),24078.0,6.0,True
顿时,dùn shí,immediately; suddenly,24189.0,6.0,True
吉祥,jí xiáng,lucky; auspicious; propitious,24216.0,6.0,True
呼啸,hū xiào,to whistle; to scream; to whiz,24283.0,6.0,True
涌现,yǒng xiàn,to emerge in large numbers; to spring up; to emerge prominently,24345.0,6.0,True
索性,suǒ xìng,you might as well (do it); simply; just,24376.0,6.0,True
鞭策,biān cè,to spur on; to urge on; to encourage sb (e.g. to make progress),24399.0,6.0,True
羽毛球,yǔ máo qiú,shuttlecock; badminton,24439.0,4.0,True
周转,zhōu zhuǎn,"to rotate; to circulate (cash, stock etc); turnover",24534.0,6.0,True
茎,jīng,stalk; stem,24543.0,6.0,True
家常,jiā cháng,the daily life of a family,24671.0,6.0,True
讥笑,jī xiào,to sneer,24695.0,6.0,True
答辩,dá biàn,to reply (to an accusation); to defend one's dissertation,24751.0,6.0,True
兴旺,xīng wàng,prosperous; thriving; to prosper,24772.0,6.0,True
出洋相,chū yáng xiàng,to make a fool of oneself,24782.0,6.0,True
壮丽,zhuàng lì,magnificence; magnificent; majestic,24788.0,6.0,True
借鉴,jiè jiàn,to draw on (others' experience); to learn from (how others do things); lesson to be learned (by observing others),24862.0,6.0,True
扇子,shàn zi,fan,24893.0,5.0,True
学说,xué shuō,theory; doctrine,24919.0,6.0,True
慈祥,cí xiáng,kindly; benevolent (often of older person),24923.0,6.0,True
经商,jīng shāng,to trade; to carry out commercial activities; in business,24932.0,6.0,True
纵横,zòng héng,lit. warp and weft in weaving; vertically and horizontal; length and breadth; criss-crossed,24933.0,6.0,True
历来,lì lái,always; throughout (a period of time); all-time,24964.0,6.0,True
截至,jié zhì,up to (a time); by (a time),25030.0,6.0,True
分寸,fēn cun,propriety; appropriate behavior; proper speech or action,25061.0,6.0,True
夹杂,jiā zá,to mix together (disparate substances); to mingle; a mix,25211.0,6.0,True
反之,fǎn zhī,on the other hand...; conversely...,25221.0,6.0,True
飘扬,piāo yáng,to wave; to flutter; to fly,25235.0,6.0,True
壮烈,zhuàng liè,brave; heroic,25249.0,6.0,True
威望,wēi wàng,prestige,25268.0,6.0,True
旷课,kuàng kè,to play truant; to cut classes,25309.0,6.0,True
纺织,fǎng zhī,spinning and weaving,25350.0,6.0,True
文艺,wén yì,literature and art,25382.0,6.0,True
贯彻,guàn chè,to implement; to put into practice; to carry out,25396.0,6.0,True
留学,liú xué,to study abroad,25428.0,4.0,True
哺乳,bǔ rǔ,breastfeeding; to suckle; to nurse,25436.0,6.0,True
与其,yǔ qí,rather than...,25452.0,5.0,True
劲头,jìn tóu,enthusiasm; zeal; vigor,25489.0,6.0,True
恭敬,gōng jìng,deferential; respectful,25509.0,6.0,True
蕴藏,yùn cáng,to hold in store; to contain (untapped reserves etc),25629.0,6.0,True
俗话,sú huà,common saying; proverb,25658.0,6.0,True
畔,pàn,side; edge; boundary,25662.0,6.0,True
归根到底,guī gēn dào dǐ,after all; in the final analysis; ultimately,25676.0,6.0,True
拟定,nǐ dìng,to draw up; to draft; to formulate,25678.0,6.0,True
搀,chān,to take by the arm and assist; to mix; to blend,25708.0,6.0,True
污蔑,wū miè,to slander; to smear; to tarnish,25731.0,6.0,True
棍棒,gùn bàng,club; staff; stick,25751.0,6.0,True
起哄,qǐ hòng,to heckle; rowdy jeering; to create a disturbance,25772.0,6.0,True
沿海,yán hǎi,coastal,25777.0,6.0,True
操练,cāo liàn,drill; practice,25807.0,6.0,True
梢,shāo,tip of branch,25844.0,6.0,True
多元化,duō yuán huà,diversification; pluralism; to diversify,25856.0,6.0,True
预赛,yù sài,preliminary competition; to hold preliminary heats,25892.0,6.0,True
相等,xiāng děng,equal; equally; equivalent,25897.0,6.0,True
寓言,yù yán,fable,25910.0,6.0,True
留念,liú niàn,to keep as a souvenir; to recall fondly,25959.0,6.0,True
日用品,rì yòng pǐn,articles for daily use,25984.0,5.0,True
固有,gù yǒu,intrinsic to sth; inherent; native,26059.0,6.0,True
踌躇,chóu chú,to hesitate,26107.0,6.0,True
严寒,yán hán,bitter cold; severe winter,26151.0,6.0,True
近视,jìn shì,shortsighted; nearsighted; myopia,26156.0,6.0,True
批发,pī fā,wholesale; bulk trade; distribution,26213.0,6.0,True
承包,chéng bāo,to contract; to undertake (a job),26304.0,6.0,True
反动,fǎn dòng,reaction; reactionary,26320.0,6.0,True
贬义,biǎn yì,derogatory sense; negative connotation,26343.0,6.0,True
挑拨,tiǎo bō,to incite disharmony; to instigate,26354.0,6.0,True
亏损,kuī sǔn,deficit; loss,26447.0,6.0,True
扎实,zhā shi,strong; solid; sturdy,26452.0,6.0,True
落成,luò chéng,to complete a construction project,26460.0,6.0,True
斟酌,zhēn zhuó,to consider; to deliberate; to fill up a cup to the brim,26501.0,6.0,True
次品,cì pǐn,substandard products; defective; seconds,26511.0,6.0,True
地势,dì shì,terrain; topography relief,26570.0,6.0,True
中旬,zhōng xún,middle third of a month,26582.0,5.0,True
干活儿,gàn huó r,erhua variant of; to work; to be employed,26584.0,5.0,True
力争,lì zhēng,to work hard for; to do all one can; to contend strongly,26598.0,6.0,True
并存,bìng cún,to exist at the same time; to coexist,26601.0,6.0,True
书记,shū ji,secretary (chief official of a branch of a socialist or communist party); clerk; scribe,26667.0,6.0,True
为首,wéi shǒu,head; be headed by,26761.0,6.0,True
涂抹,tú mǒ,to paint; to smear; to apply (makeup etc),26773.0,6.0,True
自满,zì mǎn,complacent; self-satisfied,26779.0,6.0,True
法人,fǎ rén,legal person; corporation,26782.0,6.0,True
无可奈何,wú kě nài hé,have no way out; have no alternative; abbr. to,26868.0,6.0,True
合算,hé suàn,worthwhile; to be a good deal; to be a bargain,26899.0,6.0,True
饱和,bǎo hé,saturated; filled to capacity,26920.0,6.0,True
陡峭,dǒu qiào,precipitous,27029.0,6.0,True
胡同,hú tòng,lane; alley,27071.0,5.0,True
谢绝,xiè jué,to refuse politely,27134.0,6.0,True
职能,zhí néng,function; role,27140.0,6.0,True
略微,lu:è wēi,a little bit; slightly,27178.0,6.0,True
舰艇,jiàn tǐng,warship; naval vessel,27252.0,6.0,True
遮挡,zhē dǎng,to shelter; to shelter from,27293.0,6.0,True
洽谈,qià tán,to discuss,27317.0,6.0,True
浓厚,nóng hòu,"dense; thick (fog, clouds etc); to have a strong interest in",27318.0,6.0,True
世界观,shì jiè guān,worldview; world outlook; Weltanschauung,27327.0,6.0,True
常年,cháng nián,all year round; for years on end; average year,27344.0,6.0,True
衣裳,yī shang,clothes,27397.0,6.0,True
剪彩,jiǎn cǎi,to cut the ribbon (at a launching or opening ceremony),27437.0,6.0,True
根深蒂固,gēn shēn dì gù,deep-rooted (problem etc),27603.0,6.0,True
猖狂,chāng kuáng,savage; furious,27619.0,6.0,True
及早,jí zǎo,at the earliest possible time; as soon as possible,27641.0,6.0,True
格局,gé jú,structure; pattern; layout,27651.0,6.0,True
哆嗦,duō suo,to tremble; to shiver; uncontrolled shaking of the body,27741.0,6.0,True
势必,shì bì,to be bound to; undoubtedly will,27773.0,6.0,True
挎,kuà,"to carry (esp. slung over the arm, shoulder or side)",27798.0,6.0,True
并列,bìng liè,to stand side by side; to be juxtaposed,27860.0,6.0,True
茂盛,mào shèng,lush,27961.0,6.0,True
教材,jiào cái,teaching material,27983.0,5.0,True
空前绝后,kōng qián jué hòu,unprecedented and never to be duplicated; the first and the last; unmatched,27991.0,6.0,True
辽阔,liáo kuò,vast; extensive,28012.0,6.0,True
兴隆,xīng lóng,prosperous; thriving; flourishing,28156.0,6.0,True
实惠,shí huì,tangible benefit; material advantages; cheap,28229.0,6.0,True
肥沃,féi wò,fertile,28273.0,6.0,True
检讨,jiǎn tǎo,to examine or inspect; self-criticism; review,28286.0,6.0,True
再接再厉,zài jiē zài lì,to continue the struggle (idiom); to persist; unremitting efforts,28397.0,6.0,True
无微不至,wú wēi bù zhì,in every possible way (idiom); meticulous,28433.0,6.0,True
兢兢业业,jīng jīng yè yè,conscientious; assiduous,28459.0,6.0,True
零星,líng xīng,fragmentary; random; bits and pieces,28475.0,6.0,True
力图,lì tú,to try hard to; to strive to,28559.0,6.0,True
鼠标,shǔ biāo,mouse (computing),28638.0,5.0,True
与日俱增,yǔ rì jù zēng,to increase steadily; to grow with each passing day,28653.0,6.0,True
雄厚,xióng hòu,substantial; robust; ample; abundant,28660.0,6.0,True
文具,wén jù,"stationery; item of stationery (pen, pencil, eraser, pencil sharpener etc)",28674.0,5.0,True
弊端,bì duān,systemic problem (sometimes refers specifically to corrupt practices),28679.0,6.0,True
怠慢,dài màn,to slight; to neglect,28697.0,6.0,True
耐用,nài yòng,durable,28751.0,6.0,True
风气,fēng qì,general mood; atmosphere; common practice,28771.0,6.0,True
爱不释手,ài bù shì shǒu,to like sth so much that one is reluctant to put it down; to find sth utterly,28804.0,6.0,True
红包,hóng bāo,money wrapped in red as a gift; bonus payment; kickback,28872.0,6.0,True
志气,zhì qì,ambition; resolve; backbone,28960.0,6.0,True
衔接,xián jiē,to link up; to connect; to join,28988.0,6.0,True
热泪盈眶,rè lèi yíng kuàng,eyes brimming with tears of excitement (idiom); extremely moved,29047.0,6.0,True
本科,běn kē,undergraduate course; undergraduate (attributive),29060.0,5.0,True
美观,měi guān,pleasing to the eye; beautiful; artistic,29165.0,6.0,True
气魄,qì pò,spirit; boldness; positive outlook,29199.0,6.0,True
见义勇为,jiàn yì yǒng wéi,"to see what is right and act courageously (idiom, from Analects); to stand up; acting heroically in a just cause",29213.0,6.0,True
斑纹,bān wén,stripe; streak,29301.0,6.0,True
附和,fù hè,to agree; to go along with; to echo (what sb says),29312.0,6.0,True
煤炭,méi tàn,coal,29359.0,5.0,True
短促,duǎn cù,short in time; fleeting; brief,29441.0,6.0,True
盛产,shèng chǎn,to produce in abundance; to be rich in,29458.0,6.0,True
神态,shén tài,appearance; manner; bearing,29566.0,6.0,True
取缔,qǔ dì,to suppress; to crack down on; to prohibit,29581.0,6.0,True
屡次,lǚ cì,repeatedly; time and again,29588.0,6.0,True
称心如意,chèn xīn rú yì,after one's own heart; gratifying; satisfactory; everything one could wish,29634.0,6.0,True
应邀,yìng yāo,at sb's invitation; on invitation,29720.0,6.0,True
调剂,tiáo jì,to adjust; to balance; to make up a medical prescription,29736.0,6.0,True
扩充,kuò chōng,to expand,29743.0,6.0,True
磨合,mó hé,to break in; to wear in,29781.0,6.0,True
本着,běn zhe,based on...; in conformance with..; taking as one's main principle,29814.0,6.0,True
声势,shēng shì,fame and power; prestige; influence,29934.0,6.0,True
效益,xiào yì,benefit; effectiveness; efficiency,29950.0,6.0,True
谋求,móu qiú,to seek; to strive for,30032.0,6.0,True
征收,zhēng shōu,to levy (a tax); to expropriate,30086.0,6.0,True
落实,luò shí,practical; workable; to implement,30224.0,6.0,True
杜绝,dù jué,to put an end to,30340.0,6.0,True
馋,chán,gluttonous; greedy; to have a craving,30375.0,6.0,True
举世闻名,jǔ shì wén míng,world-famous (idiom),30405.0,6.0,True
急忙,jí máng,hastily,30511.0,5.0,True
勘探,kān tàn,to explore; to survey; to prospect (for oil etc),30516.0,6.0,True
神色,shén sè,expression; look,30559.0,6.0,True
推辞,tuī cí,"to decline (an appointment, invitation etc)",30584.0,5.0,True
化肥,huà féi,fertilizer,30626.0,6.0,True
防治,fáng zhì,to prevent and cure; prevention and cure,30755.0,6.0,True
完备,wán bèi,faultless; complete; perfect,30839.0,6.0,True
倡议,chàng yì,to suggest; to initiate; proposal,30851.0,6.0,True
普及,pǔ jí,to spread extensively; to generalize; widespread,30864.0,6.0,True
磋商,cuō shāng,to consult; to discuss seriously; to negotiate,30871.0,6.0,True
实事求是,shí shì qiú shì,lit. to seek truth from facts (idiom); fig. to be practical and realistic,30903.0,6.0,True
宁肯,nìng kěn,would rather...; it would be better...; would prefer,30999.0,6.0,True
层出不穷,céng chū bù qióng,more and more emerge; innumerable succession; breeding like flies (idiom),31144.0,6.0,True
元旦,Yuán dàn,New Year's Day,31153.0,5.0,True
东张西望,dōng zhāng xī wàng,to look in all directions (idiom); to glance around,31176.0,6.0,True
立交桥,lì jiāo qiáo,overpass; flyover,31299.0,6.0,True
聋哑,lóng yǎ,deaf and dumb,31300.0,6.0,True
提纲,tí gāng,outline; synopsis; notes,31347.0,5.0,True
循序渐进,xún xù jiàn jìn,"in sequence, step by step (idiom); to make steady progress incrementally",31436.0,6.0,True
熏陶,xūn táo,to seep in; to influence; to nurture,31492.0,6.0,True
吃苦,chī kǔ,to bear hardships,31509.0,6.0,True
咬牙切齿,yǎo yá qiè chǐ,to gnash one's teeth; to fume with rage,31517.0,6.0,True
天伦之乐,tiān lún zhī lè,family love and joy; domestic bliss,31523.0,6.0,True
就近,jiù jìn,nearby; in a close neighborhood,31551.0,6.0,True
珍稀,zhēn xī,rare; precious and uncommon,31560.0,6.0,True
缴纳,jiǎo nà,to pay (taxes etc),31562.0,6.0,True
急功近利,jí gōng jìn lì,"seeking instant benefit (idiom); shortsighted vision, looking only for fast",31570.0,6.0,True
作息,zuò xī,to work and rest,31571.0,6.0,True
螺丝钉,luó sī dīng,screw,31627.0,6.0,True
水利,shuǐ lì,water conservancy; irrigation works,31642.0,6.0,True
争先恐后,zhēng xiān kǒng hòu,striving to be first and fearing to be last (idiom); outdoing one another,31693.0,6.0,True
成语,chéng yǔ,"Chinese set expression, typically of 4 characters, often alluding to a story or; idiom; proverb",31696.0,5.0,True
验收,yàn shōu,to inspect and accept; acceptance,31738.0,6.0,True
汇率,huì lǜ,exchange rate,31807.0,5.0,True
服气,fú qì,to be convinced; to accept,31892.0,6.0,True
盆地,pén dì,basin; depression,31895.0,6.0,True
贫乏,pín fá,impoverished; lacking; deficient,31948.0,6.0,True
上进心,shàng jìn xīn,motivation; ambition,31992.0,6.0,True
恍然大悟,huǎng rán dà wù,to suddenly realize; to suddenly see the light,32014.0,6.0,True
近代,jìn dài,"the not-very-distant past; modern times, excluding recent decades; the period from the Opium Wars until the May 4th Movement (mid-19th century to",32045.0,5.0,True
耕地,gēng dì,arable land; to plow land,32058.0,6.0,True
丘陵,qiū líng,hills,32067.0,6.0,True
闭塞,bì sè,to stop up; to close up; hard to get to,32118.0,6.0,True
烤鸭,kǎo yā,roast duck,32210.0,5.0,True
审美,shěn měi,esthetics; appreciating the arts; taste,32255.0,6.0,True
骨干,gǔ gàn,diaphysis (long segment of a bone); fig. backbone,32354.0,6.0,True
叮嘱,dīng zhǔ,to warn repeatedly; to urge; to exhort again and again,32405.0,6.0,True
解说员,jiě shuō yuán,commentator,32429.0,5.0,True
亭子,tíng zi,pavilion,32471.0,6.0,True
瞻仰,zhān yǎng,to revere; to admire,32474.0,6.0,True
支流,zhī liú,tributary (river),32503.0,6.0,True
物美价廉,wù měi jià lián,good quality and cheap; a bargain,32585.0,6.0,True
奠定,diàn dìng,to establish; to fix; to settle,32655.0,6.0,True
一举两得,yī jǔ liǎng dé,"one move, two gains (idiom); two birds with one stone",32666.0,6.0,True
华裔,Huá yì,ethnic Chinese; non-Chinese citizen of Chinese ancestry,32694.0,5.0,True
娇气,jiāo qì,delicate; squeamish; finicky,32853.0,6.0,True
滋长,zī zhǎng,to grow (usually of abstract things); to yield; to develop,32869.0,6.0,True
刹那,chà nà,an instant (Sanskrit: ksana); split second; the twinkling of an eye,32892.0,6.0,True
共计,gòng jì,to sum up to; to total,32957.0,6.0,True
安居乐业,ān jū lè yè,to live in peace and work happily (idiom),33132.0,6.0,True
沉淀,chén diàn,to settle; to precipitate; sedimentation,33183.0,6.0,True
见多识广,jiàn duō shí guǎng,experienced and knowledgeable (idiom),33218.0,6.0,True
园林,yuán lín,gardens; park; landscape garden,33312.0,6.0,True
务实,wù shí,pragmatic; dealing with concrete issues,33366.0,6.0,True
后顾之忧,hòu gù zhī yōu,"fears of trouble in the rear (idiom); family worries (obstructing freedom of; worries about the future consequences; often in negative expressions, meaning ""no worries about anything""",33388.0,6.0,True
稿件,gǎo jiàn,piece of writing submitted for publication; manuscript; article,33428.0,6.0,True
粘贴,zhān tiē,to stick; to affix; to adhere,33473.0,5.0,True
兴致勃勃,xìng zhì bó bó,to become exhilarated (idiom); in high spirits; full of zest,33565.0,6.0,True
画蛇添足,huà shé tiān zú,lit. draw legs on a snake (idiom); fig. to ruin the effect by adding sth; to overdo it,33667.0,6.0,True
不敢当,bù gǎn dāng,lit. I dare not (accept the honor); fig. I don't deserve your praise; you flatter me,33726.0,6.0,True
不由得,bù yóu de,can't help; cannot but,33853.0,6.0,True
封建,fēng jiàn,system of enfeoffment; feudalism; feudal,33937.0,6.0,True
霞,xiá,rose-tinted sky or clouds at sunrise or sunset,34165.0,6.0,True
稠密,chóu mì,dense,34171.0,6.0,True
挺拔,tǐng bá,tall and straight,34251.0,6.0,True
寒假,hán jià,winter vacation,34301.0,4.0,True
据悉,jù xī,according to reports; it is reported (that),34463.0,6.0,True
感慨,gǎn kǎi,"to sigh with sorrow, regret etc; rueful; deeply moved",34758.0,6.0,True
从容不迫,cóng róng bù pò,calm; unruffled,35100.0,6.0,True
依托,yī tuō,to rely on; to depend on; support,35128.0,6.0,True
贤惠,xián huì,variant of 贤慧,35175.0,6.0,True
昌盛,chāng shèng,prosperous,35288.0,6.0,True
日新月异,rì xīn yuè yì,"daily renewal, monthly change (idiom); every day sees new developments; rapid progress",35336.0,6.0,True
刻不容缓,kè bù róng huǎn,to brook no delay; to demand immediate action,35450.0,6.0,True
聚精会神,jù jīng huì shén,to concentrate one's attention (idiom),35487.0,6.0,True
得不偿失,dé bù cháng shī,the gains do not make up for the losses (idiom),35546.0,6.0,True
把关,bǎ guān,to guard a pass; to check on sth,35590.0,6.0,True
尺子,chǐ zi,ruler (measuring instrument),35615.0,5.0,True
精打细算,jīng dǎ xì suàn,meticulous planning and careful accounting (idiom),35629.0,6.0,True
逐年,zhú nián,year after year; with each passing year; over the years,35766.0,6.0,True
长江,Cháng Jiāng,"Yangtze River, or Chang Jiang",35820.0,4.0,True
虚心,xū xīn,open-minded; humble,35827.0,5.0,True
挂号,guà hào,to register (at a hospital etc); to send by registered mail,35884.0,5.0,True
布告,bù gào,posting on a bulletin board; notice; bulletin,35901.0,6.0,True
供不应求,gōng bù yìng qiú,supply does not meet demand,36232.0,6.0,True
欣欣向荣,xīn xīn xiàng róng,flourishing; thriving,36240.0,6.0,True
炉灶,lú zào,stove,36775.0,6.0,True
名胜,míng shèng,a place famous for its scenery or historical relics; scenic spot,37064.0,5.0,True
标点,biāo diǎn,punctuation; a punctuation mark; to punctuate,37492.0,5.0,True
出神,chū shén,spellbound; entranced; lost in thought,37566.0,6.0,True
优胜劣汰,yōu shèng liè tài,survival of the fittest (idiom),37894.0,6.0,True
比重,bǐ zhòng,proportion; specific gravity,37903.0,6.0,True
须知,xū zhī,key information; instructions; it must be borne in mind,38075.0,6.0,True
不免,bù miǎn,inevitably,38436.0,5.0,True
凹凸,āo tū,concave or convex; bumps and holes; uneven (surface),38622.0,6.0,True
纲领,gāng lǐng,program (i.e. plan of action); guiding principle,38666.0,6.0,True
边疆,biān jiāng,border area; borderland; frontier,38794.0,6.0,True
归纳,guī nà,to sum up; to summarize; to conclude from facts,39015.0,6.0,True
正月,Zhēng yuè,first month of the lunar year,39034.0,6.0,True
振兴,zhèn xīng,to revive; to revitalize; to invigorate; to re-energize,39221.0,6.0,True
乡镇,xiāng zhèn,village; township,39617.0,6.0,True
堤坝,dī bà,dam; dike,39800.0,6.0,True
朝代,cháo dài,dynasty; reign (of a king),40111.0,5.0,True
历代,lì dài,successive generations; successive dynasties; past dynasties,40128.0,6.0,True
斩钉截铁,zhǎn dīng jié tiě,lit. to chop the nail and slice the iron (idiom); fig. resolute and decisive; unhesitating; categorical,40170.0,6.0,True
廉洁,lián jié,incorruptible; unbribable; honest,40250.0,6.0,True
气功,qì gōng,"qigong, a traditional Chinese system of cultivating vital energy",40314.0,6.0,True
毅然,yì rán,firmly; resolutely; without hesitation,40457.0,6.0,True
正气,zhèng qì,healthy atmosphere; moral spirit; unyielding integrity; probity; vital energy (resistance to diseases),40758.0,6.0,True
辩证,biàn zhèng,to investigate; dialectical,40833.0,6.0,True
宏观,hóng guān,macro-; macroscopic; holistic,40849.0,6.0,True
锲而不舍,qiè ér bù shě,to chip away at a task and not abandon it (idiom); to chisel away at sth; to persevere; unflagging efforts,40909.0,6.0,True
太极拳,tài jí quán,"shadowboxing or Taiji, T'aichi or T'aichichuan; traditional form of physical exercise or relaxation; a martial art",41008.0,5.0,True
微观,wēi guān,micro-; subatomic,41123.0,6.0,True
清真,qīng zhēn,Islamic; Muslim; halal (of food),41158.0,6.0,True
难能可贵,nán néng kě guì,rare and precious; valuable; remarkable,41173.0,6.0,True
潜移默化,qián yí mò huà,imperceptible influence; to influence secretly,41321.0,6.0,True
公婆,gōng pó,husband's parents; parents-in-law,41360.0,6.0,True
预习,yù xí,to prepare a lesson,41476.0,4.0,True
序言,xù yán,preface; introductory remarks; preamble,41495.0,6.0,True
淡季,dàn jì,off season; slow business season,41837.0,6.0,True
慌忙,huāng máng,in a great rush; in a flurry,42005.0,6.0,True
外向,wài xiàng,extroverted (personality); export-oriented,42056.0,6.0,True
人民币,rén mín bì,Renminbi (RMB); Chinese Yuan (CNY),42136.0,4.0,True
豪迈,háo mài,bold; open-minded; heroic,42456.0,6.0,True
不料,bù liào,unexpectedly; to one's surprise,42549.0,6.0,True
查获,chá huò,"to track down and seize (a criminal suspect, contraband etc)",42570.0,6.0,True
省会,shěng huì,provincial capital,42773.0,6.0,True
弊病,bì bìng,malady; evil; malpractice,42799.0,6.0,True
分之,fēn zhī,indicating a fraction,42863.0,4.0,True
锦绣前程,jǐn xiù qián chéng,bright future; bright prospects,43124.0,6.0,True
勤恳,qín kěn,diligent and attentive; assiduous; sincere,43280.0,6.0,True
船舶,chuán bó,shipping; boats,43354.0,6.0,True
朝气蓬勃,zhāo qì péng bó,full of youthful energy (idiom); vigorous; energetic; a bright spark,43765.0,6.0,True
假使,jiǎ shǐ,if; in case; suppose,43792.0,6.0,True
见闻,jiàn wén,what one has seen and heard; knowledge; one's experience,44118.0,6.0,True
任重道远,rèn zhòng dào yuǎn,a heavy load and a long road; fig. to bear heavy responsibilities through a long struggle (cf Confucian,44160.0,6.0,True
风土人情,fēng tǔ rén qíng,local conditions and customs (idiom),44373.0,6.0,True
举世瞩目,jǔ shì zhǔ mù,to receive worldwide attention,44665.0,6.0,True
苦尽甘来,kǔ jìn gān lái,"bitterness finishes, sweetness begins (idiom); the hard times are over, the",44913.0,6.0,True
川流不息,chuān liú bù xī,the stream flows without stopping (idiom); unending flow,45681.0,6.0,True
悬崖峭壁,xuán yá qiào bì,sheer cliffs and precipitous rock faces (idiom),45727.0,6.0,True
做东,zuò dōng,to act as host,45972.0,6.0,True
混浊,hùn zhuó,turbid; muddy; dirty,46221.0,6.0,True
终年,zhōng nián,entire year; throughout the year; age at death,46600.0,6.0,True
压岁钱,yā suì qián,money given to children as a gift on Chinese New Year's Eve,46974.0,6.0,True
籍贯,jí guàn,one's native place; place of ancestry; registered birthplace,47394.0,6.0,True
精益求精,jīng yì qiú jīng,to perfect sth that is already outstanding (idiom); constantly improving,47530.0,6.0,True
稻谷,dào gǔ,unhusked rice; paddy,47599.0,6.0,True
过奖,guò jiǎng,to overpraise; to flatter,47736.0,6.0,True
通货,tōng huò,currency; exchange of goods,48912.0,6.0,True
常务,cháng wù,routine; everyday business; daily operation (of a company),49305.0,6.0,True
连年,lián nián,successive years; over many years,49661.0,6.0,True
拜年,bài nián,to pay a New Year call; to wish sb a Happy New Year,49768.0,6.0,True
填空,tián kòng,to fill a job vacancy; to fill in a blank (e.g. on questionnaire or exam paper),49856.0,4.0,True
乌黑,wū hēi,jet-black; dark,50339.0,6.0,True
公安局,gōng ān jú,public security bureau (government office similar in function to a police,50394.0,6.0,True
季军,jì jūn,third in a race; bronze medalist,50462.0,6.0,True
诞辰,dàn chén,birthday,50631.0,6.0,True
知足常乐,zhī zú cháng lè,satisfied with what one has (idiom),51261.0,6.0,True
急于求成,jí yú qiú chéng,anxious for quick results (idiom); to demand instant success; impatient for result; impetuous,51685.0,6.0,True
络绎不绝,luò yì bù jué,continuously; in an endless stream,51772.0,6.0,True
津津有味,jīn jīn yǒu wèi,with keen interest (idiom); with great pleasure; with gusto,51787.0,6.0,True
铜矿,tóng kuàng,copper mine; copper ore,52174.0,6.0,True
防疫,fáng yì,to prevent epidemics,52181.0,6.0,True
联欢,lián huān,to have a get-together; celebration; party,53432.0,6.0,True
正负,zhèng fù,positive and negative,54154.0,6.0,True
泰斗,tài dǒu,distinguished figure; doyen; revered authority,54986.0,6.0,True
各抒己见,gè shū jǐ jiàn,everyone gives their own view,55084.0,6.0,True
畜牧,xù mù,to raise animals,55202.0,6.0,True
馅儿,xiàn r,erhua variant of; filling; stuffing,55333.0,6.0,True
勉励,miǎn lì,to encourage,55663.0,6.0,True
相辅相成,xiāng fǔ xiāng chéng,to complement one another (idiom),56152.0,6.0,True
理直气壮,lǐ zhí qì zhuàng,in the right and self-confident (idiom); bold and confident with justice on; to have the courage of one's convictions; just and forceful,56315.0,6.0,True
旗袍,qí páo,Chinese-style dress; cheongsam,56806.0,6.0,True
沾光,zhān guāng,to bask in the light; fig. to benefit from association with sb or sth; reflected glory,57972.0,6.0,True
博大精深,bó dà jīng shēn,wide-ranging and profound; broad and deep,58819.0,6.0,True
羽绒服,yǔ róng fú,down-filled garment,59422.0,6.0,True
纪要,jì yào,minutes; written summary of a meeting,59665.0,6.0,True
得天独厚,dé tiān dú hòu,blessed by heaven (idiom); enjoying exceptional advantages; favored by nature,62201.0,6.0,True
递增,dì zēng,to increase by degrees; in increasing order; incremental,62380.0,6.0,True
踊跃,yǒng yuè,to leap; to jump; eager,62412.0,6.0,True
勤俭,qín jiǎn,hardworking and frugal,62880.0,6.0,True
砖瓦,zhuān wǎ,tiles and bricks,62960.0,6.0,True
经纬,jīng wěi,warp and woof; longitude and latitude; main points,63110.0,6.0,True
农历,nóng lì,the traditional Chinese calendar; the lunar calendar,63605.0,6.0,True
恳切,kěn qiè,earnest; sincere,65965.0,6.0,True
温带,wēn dài,temperate zone,66964.0,6.0,True
东道主,dōng dào zhǔ,host; official host (e.g. venue for games or a conference),67040.0,6.0,True
继往开来,jì wǎng kāi lái,to follow the past and herald the future (idiom); part of a historical; forming a bridge between earlier and later stages,67042.0,6.0,True
喜闻乐见,xǐ wén lè jiàn,to love to hear and see (idiom); well received; to one's liking,67380.0,6.0,True
深情厚谊,shēn qíng hòu yì,deep friendship,69315.0,6.0,True
端午节,Duān wǔ jié,Dragon Boat Festival (5th day of the 5th lunar month),69562.0,6.0,True
对联,duì lián,rhyming couplet; pair of lines of verse written vertically down the sides of a doorway,70695.0,6.0,True
碧玉,bì yù,jasper,76681.0,6.0,True
糖葫芦,táng hú lu,sugar-coated Chinese hawthorn or other fruit on a bamboo skewer; tanghulu,78415.0,6.0,True
连忙,lián máng,promptly; at once,82327.0,5.0,True
饱经沧桑,bǎo jīng cāng sāng,having lived through many changes,84847.0,6.0,True
华侨,Huá qiáo,overseas Chinese; Chinese emigrant who still retains Chinese nationality,85404.0,6.0,True
飞禽走兽,fēi qín zǒu shòu,birds and animals; the beasts of the field and the birds of the air,85849.0,6.0,True
重阳节,Chóng yáng jié,Double Ninth or Yang Festival; 9th day of 9th lunar month,88224.0,6.0,True
京剧,Jīng jù,Beijing opera,89507.0,4.0,True
武侠,wǔ xiá,"martial arts chivalry (Chinese literary, theatrical and cinema genre); knight-errant",96758.0,6.0,True
不客气,bù kè qi,you're welcome; don't mention it; impolite,,1.0,True
打篮球,dǎ lán qiú,to play basketball,,2.0,True
公共汽车,gōng gòng qì chē,bus,,2.0,True
翻译,fān yì,to translate; to interpret; translator,,4.0,True
放暑假,fàng shǔ jià,to be on summer vacation,,4.0,True
做生意,zuò shēng yì,to do business,,4.0,True
导演,dǎo yǎn,to direct; director (film etc),,5.0,True
短信,duǎn xìn,text message; SMS,,5.0,True
使劲儿,shǐ jìn r,erhua variant of; to exert all one's strength,,5.0,True
系领带,xì lǐng dài,to wear a tie,,5.0,True
油炸,yóu zhá,to deep fry,,5.0,True
拔苗助长,bá miáo zhù zhǎng,to spoil things through excessive enthusiasm (idiom),,6.0,True
波涛汹涌,bō tāo xiōng yǒng,waves surging forth; roaring sea,,6.0,True
丢三落四,diū sān là sì,forgetful; empty-headed,,6.0,True
繁体字,fán tǐ zì,traditional Chinese character,,6.0,True
俯仰,fǔ yǎng,lowering and raising of the head; small move; pitch (position angle),,6.0,True
简体字,jiǎn tǐ zì,"simplified Chinese character, as opposed to traditional Chinese character",,6.0,True
啰唆,luō suo,variant of 啰嗦,,6.0,True
墨水儿,mò shuǐ r,erhua variant of; ink,,6.0,True
纳闷儿,nà mèn r,erhua variant of; puzzled; bewildered,,6.0,True
纽扣儿,niǔ kòu er,button; erhua variant of,,6.0,True
岂有此理,qǐ yǒu cǐ lǐ,how can this be so? (idiom); preposterous; ridiculous; absurd,,6.0,True
师范,shī fàn,"teacher-training; pedagogical; normal (school, e.g. Beijing Normal University)",,6.0,True
算了,suàn le,let it be; let it pass; forget about it,,6.0,True
摊儿,tān r,erhua variant of; vendor's stand,,6.0,True
统筹兼顾,tǒng chóu jiān gù,an overall plan taking into account all factors,,6.0,True
玩意儿,wán yì r,erhua variant of; toy; thing,,6.0,True
心眼儿,xīn yǎn r,one's thoughts; mind; intention,,6.0,True
压制,yā zhì,to suppress; to inhibit; to stifle,,6.0,True
元宵节,Yuán xiāo jié,"Lantern Festival, the final event of the Spring Festival",,6.0,True
招投标,zhāo tóu biāo,bid inviting and bid offering; bidding; auction,,6.0,True
致力于,zhìlìyú,Dedicate,,6.0,True
